Cell 1 Current,Cell 1 Voltage,Cell 1 Temp,Cell 2 Current,Cell 2 Voltage,Cell 2 Temp,Cell 3 Current,Cell 3 Voltage,Cell 3 Temp,Cell 4 Current,Cell 4 Voltage,Cell 4 Temp,Cell 5 Current,Cell 5 Voltage,Cell 5 Temp,Cell 6 Current,Cell 6 Voltage,Cell 6 Temp,Cell 7 Current,Cell 7 Voltage,Cell 7 Temp,Cell 8 Current,Cell 8 Voltage,Cell 8 Temp,Cell 9 Current,Cell 9 Voltage,Cell 9 Temp,Cell 10 Current,Cell 10 Voltage,Cell 10 Temp,Cell 11 Current,Cell 11 Voltage,Cell 11 Temp,Cell 12 Current,Cell 12 Voltage,Cell 12 Temp,Cell 13 Current,Cell 13 Voltage,Cell 13 Temp,Cell 14 Current,Cell 14 Voltage,Cell 14 Temp,Cell 15 Current,Cell 15 Voltage,Cell 15 Temp,Cell 16 Current,Cell 16 Voltage,Cell 16 Temp
0.1,5.848,-54.083,0.1,5.856,-50.1567,0.1,5.856,-54.216,0.1,5.86,-49.628,0.1,5.856,-55.899,0.0,5.86,-52.7328,-0.1,5.856,-53.193,0.1,5.856,-52.1055,0.1,5.852,-57.0209,0.1,5.856,-51.892,0.1,5.856,-47.1153,0.0,5.852,-42.145,0.1,5.848,-29.7316,0.0,5.86,-34.184,0.0,5.844,-36.8432,-0.1,5.848,-35.166
0.2,5.848,-54.132,0.6,5.856,-50.2558,0.3,5.856,-54.25,0.5,5.86,-49.6941,0.3,5.86,-56.009,0.3,5.856,-52.7987,0.2,5.86,-53.237,0.3,5.86,-52.1385,0.5,5.852,-57.1528,0.6,5.856,-51.936,0.0,5.856,-47.1483,0.2,5.852,-42.2,0.4,5.844,-29.6651,0.5,5.86,-34.272,0.3,5.848,-36.9096,0.5,5.852,-35.232
0.4,5.848,-54.231,0.5,5.856,-52.2375,0.4,5.856,-56.503,0.5,5.864,-49.7271,0.6,5.856,-56.031,0.6,5.86,-52.8649,0.2,5.856,-53.259,0.3,5.856,-52.2046,0.4,5.848,-57.1528,0.3,5.856,-51.991,0.1,5.856,-47.2144,0.4,5.852,-42.255,0.2,5.844,-29.6651,0.4,5.86,-34.339,0.4,5.848,-37.0424,0.2,5.852,-35.332
0.5,5.848,-54.231,0.4,5.856,-52.3366,0.2,5.856,-56.514,0.2,5.86,-49.7932,0.2,5.856,-56.119,0.1,5.856,-52.9308,0.3,5.86,-53.281,0.3,5.856,-52.2375,-0.1,5.848,-57.1858,0.2,5.856,-52.047,0.7,5.856,-47.2475,0.5,5.852,-42.874,0.3,5.848,-29.6651,0.5,5.86,-34.427,0.4,5.844,-37.1088,0.3,5.852,-35.415
0.5,5.852,-54.264,0.7,5.856,-52.2706,0.4,5.856,-56.635,0.5,5.864,-49.7602,0.5,5.856,-56.184,0.3,5.856,-52.9968,0.2,5.86,-53.314,0.3,5.856,-52.3696,0.7,5.848,-57.2187,0.4,5.856,-52.091,0.1,5.852,-47.7767,0.4,5.852,-42.962,0.6,5.848,-29.6984,0.3,5.864,-34.516,0.1,5.848,-37.2084,0.3,5.852,-35.482
0.6,5.852,-54.264,0.3,5.856,-52.3696,0.5,5.856,-56.679,0.5,5.86,-49.7932,0.3,5.856,-56.228,0.2,5.856,-53.0629,0.0,5.86,-53.348,0.5,5.856,-52.4027,0.3,5.852,-57.2187,0.2,5.856,-52.146,0.1,5.856,-47.8427,0.4,5.852,-42.995,0.4,5.844,-32.3256,0.3,5.86,-34.604,0.2,5.848,-37.2747,0.3,5.852,-35.565
0.4,5.852,-54.314,0.4,5.856,-52.3696,0.5,5.856,-56.733,0.3,5.86,-49.8593,0.4,5.86,-56.294,0.6,5.856,-53.0959,0.1,5.856,-53.381,0.4,5.856,-52.4357,0.3,5.852,-57.2846,0.3,5.856,-52.179,0.3,5.856,-47.909,0.2,5.852,-43.072,0.3,5.848,-32.4253,0.5,5.86,-34.704,0.2,5.844,-37.3743,0.3,5.852,-35.648
0.5,5.852,-54.38,0.5,5.856,-52.4357,0.2,5.856,-56.832,0.5,5.86,-49.8923,0.1,5.856,-56.36,0.3,5.856,-53.1619,0.2,5.86,-53.392,0.4,5.856,-52.5017,0.2,5.852,-57.2846,0.3,5.856,-52.487,0.7,5.856,-47.942,0.2,5.848,-43.105,0.3,5.848,-32.4919,0.2,5.86,-34.804,0.2,5.848,-37.4738,0.2,5.852,-35.731
0.3,5.852,-55.618,0.6,5.86,-52.4357,0.3,5.856,-56.876,0.3,5.864,-50.9496,0.4,5.856,-56.426,0.3,5.856,-53.2279,0.1,5.86,-53.436,0.3,5.86,-52.5347,0.1,5.852,-57.2846,0.3,5.856,-52.674,0.2,5.856,-48.0081,0.3,5.852,-43.194,0.3,5.844,-32.5583,0.2,5.86,-35.069,0.4,5.848,-37.5733,0.2,5.852,-35.83
0.6,5.848,-55.651,0.2,5.852,-52.5347,0.2,5.856,-56.997,0.5,5.86,-50.9496,0.4,5.86,-56.481,0.3,5.856,-53.4259,0.2,5.856,-53.469,0.4,5.856,-52.5678,0.3,5.852,-57.3175,0.2,5.856,-52.707,0.3,5.856,-48.0412,0.4,5.852,-43.238,0.4,5.848,-32.5915,0.2,5.856,-35.18,0.3,5.848,-37.7062,0.4,5.848,-35.913
0.3,5.852,-55.634,0.6,5.856,-52.5678,0.3,5.86,-57.019,0.4,5.86,-50.9825,0.3,5.86,-56.547,0.4,5.856,-53.525,0.5,5.86,-54.228,0.4,5.86,-54.2838,0.1,5.852,-57.3505,0.2,5.86,-52.74,0.2,5.856,-48.1074,0.3,5.856,-43.271,0.3,5.848,-32.8575,0.3,5.864,-36.154,0.2,5.848,-37.9716,0.2,5.852,-36.179
0.4,5.852,-55.684,0.7,5.856,-52.5678,0.5,5.856,-57.261,0.6,5.86,-50.9825,0.3,5.856,-56.591,0.3,5.856,-53.558,0.2,5.856,-54.239,0.4,5.86,-54.3168,0.4,5.852,-57.5811,0.2,5.856,-52.795,0.2,5.856,-48.1074,0.4,5.852,-43.326,0.2,5.848,-32.9572,0.4,5.86,-36.253,0.1,5.848,-38.071,0.1,5.852,-36.262
0.1,5.852,-55.7,0.7,5.86,-53.492,0.3,5.856,-57.305,0.0,5.86,-51.0487,0.4,5.86,-56.657,0.3,5.856,-53.6239,0.1,5.86,-54.261,0.6,5.856,-54.3499,0.3,5.852,-57.5811,0.3,5.856,-52.839,0.1,5.856,-48.1734,0.5,5.856,-44.132,0.2,5.848,-33.0236,0.3,5.86,-36.32,0.2,5.848,-39.0995,0.2,5.852,-37.224
0.3,5.852,-55.733,0.8,5.856,-53.492,0.3,5.856,-57.327,0.5,5.86,-51.0487,0.3,5.86,-59.897,0.2,5.856,-53.6569,0.2,5.856,-54.283,0.3,5.856,-54.3499,0.3,5.848,-57.6471,-0.1,5.86,-52.883,0.1,5.856,-48.8346,0.2,5.852,-44.177,0.4,5.848,-33.0569,0.3,5.86,-36.386,0.2,5.844,-39.199,0.2,5.852,-37.34
0.4,5.852,-55.733,0.5,5.86,-53.492,0.2,5.856,-57.426,0.4,5.86,-51.1478,0.2,5.86,-59.919,0.3,5.856,-53.756,0.2,5.856,-54.305,0.4,5.856,-54.3828,0.2,5.848,-57.6471,0.3,5.856,-52.894,0.2,5.856,-48.8678,0.0,5.852,-44.254,0.4,5.848,-33.1233,0.4,5.856,-36.431,0.0,5.848,-39.2654,0.4,5.848,-37.39
0.4,5.852,-55.783,0.3,5.856,-53.5909,0.1,5.856,-57.492,0.3,5.864,-51.1148,0.3,5.86,-59.952,0.3,5.856,-53.7889,0.2,5.86,-54.338,0.4,5.856,-54.4488,0.3,5.852,-57.6471,0.2,5.86,-52.938,0.2,5.856,-48.9339,0.5,5.852,-44.265,0.3,5.848,-33.1898,0.5,5.856,-36.486,0.4,5.844,-39.3317,0.3,5.852,-37.473
0.3,5.848,-55.799,0.4,5.856,-53.5909,0.3,5.856,-57.579,0.3,5.86,-51.2139,0.0,5.856,-60.007,0.3,5.856,-53.855,0.0,5.856,-54.338,0.5,5.856,-54.4488,0.4,5.848,-57.68,0.3,5.856,-52.971,0.0,5.852,-48.9669,0.3,5.852,-44.342,0.2,5.848,-33.2896,0.3,5.86,-36.552,0.5,5.848,-39.3979,0.3,5.852,-37.54
0.2,5.848,-55.799,0.5,5.86,-53.558,0.2,5.856,-57.612,0.3,5.86,-53.2609,0.3,5.856,-60.095,0.2,5.856,-53.9209,0.2,5.856,-54.382,0.2,5.86,-54.4818,0.3,5.852,-57.713,0.3,5.856,-53.015,0.1,5.856,-48.9999,0.4,5.852,-44.353,0.3,5.848,-33.3228,0.2,5.86,-36.608,0.1,5.844,-39.4312,0.3,5.852,-37.573
0.5,5.848,-56.344,0.3,5.856,-53.5909,0.3,5.856,-57.689,0.3,5.86,-53.2279,0.4,5.86,-60.292,0.3,5.856,-53.9869,0.2,5.86,-54.404,0.3,5.856,-54.5148,0.5,5.852,-57.713,0.1,5.86,-53.39,0.1,5.852,-49.0331,0.2,5.856,-44.441,0.1,5.848,-33.3892,0.2,5.86,-36.652,0.3,5.848,-39.4975,0.4,5.848,-37.639
0.3,5.852,-56.36,0.5,5.86,-53.6899,0.2,5.86,-57.755,0.4,5.86,-53.3929,0.1,5.86,-61.334,0.2,5.856,-54.0529,0.1,5.856,-56.064,0.3,5.856,-54.5478,0.4,5.848,-57.7459,0.4,5.856,-53.423,0.2,5.852,-49.0992,0.2,5.856,-44.452,0.4,5.848,-33.4557,0.4,5.86,-36.696,0.1,5.848,-39.5638,0.2,5.852,-37.706
0.4,5.852,-56.344,0.5,5.856,-53.6899,0.2,5.856,-57.821,0.2,5.864,-53.4589,0.4,5.86,-61.433,0.3,5.856,-54.1189,0.0,5.856,-56.141,0.3,5.86,-55.2734,0.5,5.852,-57.7459,0.3,5.856,-53.467,0.2,5.856,-49.0992,0.2,5.852,-44.508,0.2,5.844,-35.1499,0.3,5.864,-36.751,0.2,5.848,-39.597,0.2,5.852,-37.755
0.5,5.848,-56.41,0.5,5.856,-55.5044,0.2,5.86,-57.865,0.2,5.864,-53.4589,0.4,5.86,-61.51,0.2,5.856,-54.1519,0.1,5.856,-56.207,0.3,5.856,-55.2734,0.1,5.848,-57.8119,0.1,5.856,-53.489,0.1,5.856,-49.1652,0.4,5.852,-44.563,0.3,5.848,-35.2495,0.5,5.86,-36.84,0.4,5.848,-39.6302,0.0,5.848,-37.789
0.1,5.848,-56.41,0.5,5.852,-55.5374,0.4,5.856,-57.898,0.1,5.86,-53.6239,0.3,5.86,-61.565,0.4,5.856,-54.2179,0.4,5.856,-56.262,0.4,5.856,-55.3065,0.2,5.852,-57.8119,0.2,5.86,-53.544,0.0,5.86,-49.1984,0.3,5.856,-44.607,0.2,5.844,-35.316,0.5,5.86,-36.895,0.2,5.848,-39.6965,0.2,5.852,-37.872
0.4,5.848,-56.393,0.4,5.856,-55.6362,0.3,5.856,-57.997,0.2,5.86,-53.6239,0.0,5.86,-61.652,0.3,5.856,-54.2838,0.1,5.856,-56.328,0.3,5.856,-55.3394,0.2,5.848,-58.306,0.6,5.856,-53.588,0.2,5.856,-49.2314,0.1,5.852,-44.64,0.1,5.844,-35.3492,0.1,5.86,-36.962,0.3,5.844,-39.796,0.2,5.852,-37.954
0.1,5.852,-56.41,0.5,5.856,-55.6362,0.2,5.856,-58.063,0.4,5.86,-53.756,-0.1,5.856,-61.718,0.2,5.856,-54.3499,0.1,5.856,-56.382,0.5,5.856,-55.3394,0.4,5.848,-58.2731,0.2,5.856,-53.621,0.2,5.856,-49.2314,0.1,5.852,-44.706,0.2,5.848,-35.3824,0.1,5.86,-37.26,0.0,5.848,-39.8623,0.2,5.848,-38.021
0.7,5.852,-56.476,0.3,5.86,-55.7022,0.3,5.856,-58.107,0.2,5.856,-53.756,0.2,5.86,-61.773,0.3,5.86,-54.4158,0.3,5.86,-56.448,0.4,5.856,-55.3724,0.2,5.848,-58.306,0.3,5.86,-53.643,0.3,5.856,-49.2975,0.2,5.852,-44.75,0.2,5.844,-35.4488,0.3,5.86,-37.36,0.1,5.848,-39.9286,0.4,5.852,-38.071
0.2,5.852,-56.476,0.2,5.852,-55.8011,0.2,5.856,-58.15,0.2,5.86,-54.0529,0.0,5.86,-61.861,0.3,5.856,-58.2073,0.1,5.856,-56.514,0.5,5.856,-55.3724,0.5,5.852,-58.306,0.5,5.86,-53.676,0.2,5.856,-49.3305,0.1,5.852,-44.784,0.2,5.844,-35.482,0.1,5.86,-38.278,0.1,5.852,-40.2602,0.1,5.852,-38.386
0.4,5.848,-59.111,0.2,5.856,-55.8341,0.4,5.856,-58.206,0.3,5.86,-54.0859,0.0,5.856,-61.937,0.2,5.86,-58.2401,0.1,5.856,-56.558,0.5,5.86,-55.4054,0.4,5.848,-58.339,0.3,5.86,-53.72,0.1,5.856,-49.3636,0.5,5.852,-44.839,0.5,5.844,-35.5153,0.1,5.856,-38.377,0.2,5.848,-40.3927,0.1,5.852,-38.485
0.4,5.848,-59.177,0.5,5.856,-55.9989,0.1,5.856,-60.994,0.2,5.86,-54.1189,-0.1,5.86,-61.992,0.3,5.856,-58.2731,0.2,5.86,-56.756,0.2,5.86,-55.4383,0.3,5.848,-58.3719,0.0,5.856,-53.742,0.2,5.852,-49.3967,0.3,5.856,-44.883,0.2,5.844,-36.7436,0.2,5.86,-38.444,0.3,5.844,-41.3541,0.4,5.852,-39.397
0.4,5.852,-59.275,0.3,5.856,-55.966,0.2,5.856,-61.049,0.0,5.86,-54.1849,0.3,5.86,-62.047,0.4,5.856,-58.306,0.3,5.86,-56.822,0.3,5.86,-56.955,0.3,5.852,-58.3719,0.3,5.856,-53.775,0.3,5.856,-49.4297,0.1,5.856,-44.916,-0.1,5.848,-36.8432,0.5,5.86,-38.543,0.1,5.844,-41.4204,0.2,5.852,-39.48
0.3,5.848,-59.308,0.5,5.852,-56.1968,0.1,5.856,-61.126,0.2,5.86,-54.2509,0.1,5.856,-62.091,0.2,5.86,-58.3719,0.1,5.86,-56.866,0.3,5.856,-57.0539,0.5,5.852,-58.4048,0.4,5.856,-54.688,0.2,5.856,-49.4957,0.2,5.856,-44.982,0.0,5.848,-37.0092,0.1,5.86,-38.62,0.4,5.848,-41.4866,0.1,5.848,-39.547
0.2,5.852,-59.374,0.5,5.856,-56.2626,0.2,5.856,-61.192,0.2,5.86,-54.4158,0.2,5.856,-62.179,0.3,5.856,-58.5367,0.1,5.86,-56.932,0.5,5.856,-57.0868,0.4,5.852,-58.4048,0.3,5.856,-54.699,-0.1,5.856,-49.5289,0.2,5.856,-45.004,0.2,5.848,-37.1088,0.2,5.86,-38.875,0.4,5.848,-41.5861,0.2,5.852,-39.63
0.1,5.848,-59.473,0.1,5.856,-56.1968,-0.1,5.86,-61.301,0.2,5.86,-54.3828,0.0,5.86,-62.233,0.1,5.856,-59.4259,0.1,5.86,-56.998,0.3,5.856,-57.1528,0.4,5.852,-58.4378,0.4,5.856,-54.732,0.2,5.856,-49.5619,0.5,5.852,-46.119,-0.3,5.844,-37.2084,0.2,5.86,-38.952,0.0,5.844,-41.6855,0.2,5.852,-39.729
0.4,5.844,-59.539,0.0,5.856,-56.3946,0.2,5.856,-61.532,0.2,5.86,-54.5148,0.1,5.856,-62.277,0.1,5.856,-59.5248,0.1,5.856,-57.064,0.4,5.856,-57.2187,0.3,5.848,-58.4378,0.1,5.856,-54.754,0.1,5.856,-50.7184,0.3,5.856,-47.629,0.2,5.844,-37.3411,0.3,5.86,-39.041,0.3,5.844,-41.9174,0.2,5.852,-39.961
0.2,5.852,-59.687,0.2,5.856,-56.4606,0.2,5.86,-62.77,0.1,5.86,-54.5808,0.2,5.86,-62.354,0.2,5.856,-59.5906,-0.1,5.856,-57.119,0.4,5.86,-57.2515,0.2,5.848,-58.4708,0.4,5.856,-54.776,0.3,5.856,-52.3366,0.2,5.852,-47.706,0.2,5.848,-37.4074,0.1,5.86,-39.118,0.2,5.848,-42.0169,0.3,5.852,-40.044
-0.1,5.848,-59.687,0.3,5.856,-56.4935,0.2,5.856,-62.847,-0.1,5.86,-54.6137,0.0,5.856,-62.409,0.3,5.856,-59.6236,0.3,5.856,-57.196,0.4,5.856,-57.3505,0.4,5.848,-58.5037,0.2,5.86,-54.809,0.2,5.856,-52.4357,0.3,5.852,-47.794,0.1,5.848,-37.507,0.2,5.86,-39.184,0.2,5.848,-42.1163,0.1,5.852,-40.144
0.6,5.848,-59.901,0.2,5.856,-56.5595,0.2,5.856,-62.924,0.1,5.86,-54.6798,0.2,5.86,-62.464,0.0,5.856,-59.7222,0.1,5.86,-57.229,0.1,5.86,-57.4164,0.6,5.848,-58.9978,-0.1,5.86,-54.842,0.1,5.856,-52.4686,0.3,5.856,-47.838,-0.1,5.848,-37.6398,0.3,5.86,-39.262,0.2,5.848,-42.1825,0.4,5.852,-40.21
0.3,5.848,-59.983,0.0,5.856,-56.5923,-0.1,5.856,-63.012,0.4,5.86,-54.7457,0.1,5.86,-62.519,0.1,5.856,-59.7552,0.4,5.86,-57.294,0.3,5.856,-57.4494,0.2,5.852,-58.9648,0.2,5.856,-54.941,0.1,5.856,-52.5347,0.1,5.852,-47.938,-0.1,5.848,-37.7392,0.5,5.86,-39.339,0.2,5.848,-42.2819,0.2,5.848,-40.293
0.3,5.856,-59.967,0.4,5.856,-56.6583,-0.1,5.86,-63.066,0.2,5.86,-54.8447,-0.1,5.86,-62.584,0.1,5.86,-59.8211,-0.1,5.86,-57.349,0.1,5.856,-57.6471,0.1,5.852,-58.9978,0.1,5.856,-54.952,0.0,5.856,-52.6337,0.3,5.852,-47.982,0.0,5.848,-37.8389,0.1,5.86,-40.234,0.1,5.848,-42.3151,0.3,5.852,-40.359
0.1,5.852,-60.115,0.1,5.856,-56.7572,0.2,5.856,-63.11,0.2,5.86,-54.8777,0.1,5.86,-62.65,0.1,5.86,-59.9199,0.2,5.856,-57.426,0.0,5.856,-57.68,0.3,5.848,-58.9978,0.1,5.856,-54.985,0.2,5.856,-52.6667,0.1,5.852,-48.037,0.1,5.848,-37.9384,0.0,5.86,-40.29,0.0,5.848,-42.4145,0.2,5.852,-40.442
0.1,5.852,-60.181,0.2,5.852,-56.7902,0.2,5.856,-63.187,0.3,5.86,-54.9436,0.0,5.864,-62.716,0.2,5.856,-59.9528,0.0,5.856,-57.47,0.2,5.86,-57.7459,0.2,5.848,-59.0307,0.3,5.86,-54.985,0.4,5.856,-52.6998,0.4,5.856,-48.136,0.3,5.848,-38.2702,0.2,5.86,-40.356,0.2,5.848,-43.342,0.1,5.848,-41.37
0.1,5.848,-60.214,0.2,5.856,-56.7902,0.0,5.856,-63.297,0.2,5.86,-54.9766,0.0,5.86,-62.782,0.1,5.856,-59.9857,0.0,5.856,-57.525,0.2,5.856,-57.8119,0.3,5.848,-59.0307,0.4,5.856,-55.029,0.1,5.856,-52.7658,0.0,5.852,-48.169,0.1,5.848,-38.3698,0.0,5.86,-40.433,0.1,5.848,-43.4082,0.2,5.852,-41.436
0.3,5.852,-60.296,0.1,5.856,-56.9219,0.2,5.856,-63.384,0.2,5.86,-55.0426,0.0,5.856,-62.837,0.2,5.86,-60.0515,0.1,5.86,-57.591,0.0,5.856,-57.8778,0.5,5.852,-59.0307,0.1,5.856,-55.073,0.1,5.856,-52.8649,0.2,5.856,-48.268,0.0,5.844,-39.4975,0.2,5.86,-40.488,0.1,5.848,-43.4745,0.3,5.852,-41.503
0.2,5.852,-60.362,0.2,5.856,-56.9879,0.0,5.86,-63.428,0.1,5.864,-58.6026,0.2,5.86,-62.858,0.1,5.856,-60.1174,0.1,5.856,-57.635,0.1,5.856,-57.9437,0.1,5.848,-59.0307,0.4,5.856,-56.184,0.2,5.856,-52.8979,0.3,5.852,-48.334,0.2,5.844,-39.597,0.2,5.864,-40.555,-0.2,5.848,-43.5406,0.4,5.852,-41.569
0.2,5.848,-60.411,0.2,5.852,-57.0209,0.0,5.856,-63.505,0.4,5.86,-58.6026,0.1,5.86,-62.924,0.4,5.86,-60.1833,0.0,5.856,-57.679,0.3,5.856,-58.0095,0.4,5.848,-59.0307,0.3,5.86,-56.217,0.1,5.856,-52.9638,0.1,5.852,-48.368,0.3,5.844,-39.6634,0.3,5.86,-40.654,0.1,5.848,-43.6069,0.2,5.852,-41.635
0.3,5.848,-60.493,0.2,5.856,-57.0868,-0.1,5.856,-63.56,0.1,5.86,-58.6355,0.1,5.86,-62.99,0.1,5.856,-60.2491,0.0,5.86,-60.819,0.2,5.856,-58.1084,0.5,5.848,-59.0307,0.2,5.856,-56.217,0.3,5.856,-52.9968,0.2,5.856,-48.434,0.0,5.844,-39.7295,0.2,5.86,-40.72,-0.1,5.844,-43.6732,0.3,5.852,-41.718
0.1,5.848,-60.543,0.2,5.856,-57.1858,-0.1,5.856,-63.614,0.1,5.86,-58.6684,0.3,5.856,-63.045,0.3,5.86,-60.282,-0.1,5.86,-60.852,0.2,5.86,-58.1084,0.3,5.848,-59.1954,0.3,5.856,-56.25,0.2,5.856,-53.0629,0.0,5.856,-49.139,0.0,5.844,-39.7628,0.3,5.86,-40.787,-0.1,5.844,-43.7725,0.3,5.856,-41.801
0.4,5.852,-60.559,0.1,5.856,-60.5783,0.1,5.856,-63.691,0.0,5.864,-58.8002,0.3,5.86,-63.078,0.1,5.856,-60.3478,0.2,5.86,-60.885,0.4,5.856,-58.1743,0.3,5.848,-59.2283,0.4,5.856,-56.261,-0.1,5.86,-53.6239,0.3,5.856,-49.161,0.0,5.844,-39.8291,0.1,5.86,-40.82,0.1,5.848,-43.8387,0.2,5.852,-41.867
0.2,5.848,-60.658,0.0,5.856,-60.6112,0.3,5.856,-63.713,0.0,5.864,-58.9978,0.0,5.86,-63.144,0.3,5.856,-60.4137,0.0,5.86,-60.918,0.2,5.856,-58.2073,0.4,5.848,-59.1954,0.1,5.86,-56.294,0.0,5.856,-53.6899,0.1,5.852,-49.216,0.2,5.848,-39.8954,0.2,5.86,-40.908,0.1,5.848,-43.905,0.3,5.852,-41.95
0.1,5.852,-60.707,0.0,5.856,-60.6441,0.1,5.856,-63.801,0.0,5.86,-60.0186,0.1,5.856,-63.22,0.2,5.856,-60.4795,0.2,5.856,-60.984,0.1,5.86,-58.306,0.2,5.848,-59.2283,0.1,5.86,-56.294,0.3,5.86,-53.6899,0.4,5.852,-49.271,0.3,5.844,-39.9286,0.2,5.86,-40.975,0.3,5.848,-43.9381,0.0,5.852,-42.0
0.2,5.852,-60.757,0.3,5.856,-60.6441,0.1,5.856,-63.877,-0.1,5.864,-60.1174,0.0,5.856,-63.275,-0.2,5.856,-60.5453,0.0,5.86,-61.148,0.4,5.856,-58.339,0.3,5.852,-59.2283,0.3,5.856,-56.338,0.2,5.86,-53.756,0.1,5.856,-49.326,-0.1,5.84,-39.9618,-0.1,5.86,-41.03,0.2,5.844,-44.0374,0.3,5.848,-42.082
0.2,5.852,-60.806,0.1,5.856,-60.677,0.0,5.856,-63.899,0.1,5.86,-60.2161,0.1,5.86,-63.341,0.2,5.856,-60.5783,0.1,5.856,-62.08,0.0,5.856,-58.4048,0.7,5.852,-59.2283,0.2,5.856,-56.349,0.0,5.856,-53.7889,0.0,5.856,-49.371,0.2,5.848,-40.0281,0.2,5.86,-41.737,0.3,5.848,-44.1037,0.0,5.852,-42.165
0.2,5.848,-60.872,0.1,5.856,-60.8416,0.1,5.86,-63.987,0.1,5.864,-60.282,0.0,5.86,-63.396,0.1,5.856,-60.6441,-0.1,5.856,-62.168,0.3,5.856,-58.4708,0.4,5.848,-59.2283,0.0,5.86,-56.349,0.2,5.856,-53.822,0.1,5.856,-49.448,0.1,5.844,-40.0944,-0.2,5.86,-41.792,0.3,5.848,-44.1368,0.1,5.852,-42.198
0.1,5.852,-62.995,0.3,5.86,-61.8617,0.0,5.86,-64.031,-0.2,5.86,-60.3478,0.1,5.86,-63.44,0.0,5.856,-60.7099,0.0,5.86,-62.234,0.1,5.856,-58.5037,0.4,5.852,-59.2613,0.2,5.856,-56.822,-0.1,5.856,-53.888,0.3,5.856,-49.481,0.0,5.844,-40.1939,0.2,5.86,-41.847,0.1,5.848,-44.865,0.3,5.852,-42.96
0.3,5.848,-63.045,0.1,5.856,-61.8947,0.0,5.86,-64.097,0.0,5.86,-60.4466,0.0,5.86,-63.494,0.1,5.86,-60.7758,0.1,5.86,-62.311,0.1,5.856,-58.5367,0.4,5.848,-59.2613,0.2,5.856,-56.844,0.0,5.856,-53.9209,0.2,5.852,-49.514,0.0,5.848,-40.227,0.2,5.86,-41.903,0.0,5.844,-44.8982,0.1,5.852,-43.01
0.2,5.848,-63.143,0.2,5.856,-61.9276,-0.1,5.86,-64.162,-0.1,5.864,-60.4795,-0.1,5.86,-63.549,0.3,5.86,-60.8416,-0.1,5.856,-62.376,0.4,5.86,-61.5985,0.1,5.852,-62.717,0.0,5.856,-56.833,-0.1,5.86,-53.9209,0.2,5.856,-49.911,0.0,5.844,-40.2934,0.2,5.856,-41.969,-0.1,5.852,-44.9975,0.1,5.852,-43.076
0.1,5.848,-63.225,0.0,5.856,-62.0591,0.1,5.856,-64.228,-0.2,5.864,-60.5783,0.1,5.86,-63.604,0.3,5.856,-60.8416,0.0,5.856,-62.42,0.1,5.856,-61.6314,0.1,5.848,-62.8157,0.1,5.856,-56.877,0.2,5.86,-54.2509,0.1,5.856,-50.131,0.0,5.844,-40.5917,0.1,5.86,-42.035,0.2,5.848,-44.9975,0.2,5.852,-43.126
0.2,5.852,-63.324,0.1,5.856,-62.092,0.0,5.856,-64.283,0.1,5.86,-60.677,0.1,5.86,-64.995,0.3,5.856,-60.9075,0.0,5.86,-62.486,0.3,5.856,-61.6643,0.3,5.848,-62.9144,0.0,5.86,-56.888,0.4,5.86,-54.3828,0.2,5.86,-50.186,-0.1,5.848,-40.6912,0.2,5.856,-42.079,0.1,5.848,-45.0969,0.2,5.852,-43.192
0.0,5.852,-63.636,0.1,5.856,-62.0591,0.1,5.856,-64.327,0.1,5.86,-60.7428,0.0,5.856,-65.072,0.1,5.856,-60.9732,0.2,5.86,-62.574,0.3,5.856,-61.6643,0.1,5.848,-62.9801,0.2,5.856,-56.877,0.0,5.86,-54.4488,0.3,5.856,-50.208,0.1,5.84,-41.7518,0.2,5.86,-42.146,-0.1,5.848,-45.163,0.2,5.852,-43.259
0.0,5.852,-65.082,0.0,5.86,-62.1578,0.2,5.856,-64.392,0.2,5.86,-60.7758,0.4,5.86,-65.182,0.0,5.856,-61.039,0.2,5.856,-62.618,-0.1,5.86,-61.7301,0.1,5.848,-63.0459,0.1,5.856,-56.888,0.0,5.856,-54.4818,0.1,5.856,-50.252,0.0,5.844,-41.8842,0.3,5.86,-42.201,0.1,5.848,-45.196,0.1,5.852,-43.308
0.0,5.852,-65.164,0.1,5.856,-62.2894,0.2,5.86,-64.403,-0.1,5.86,-60.8416,0.0,5.86,-65.291,0.3,5.86,-61.072,0.1,5.86,-62.672,0.2,5.856,-61.8617,0.2,5.848,-63.1445,0.5,5.856,-56.932,0.1,5.86,-54.5148,0.0,5.856,-50.307,0.4,5.848,-41.9506,0.3,5.86,-43.095,0.2,5.848,-45.2623,0.3,5.848,-43.374
-0.1,5.852,-65.23,0.1,5.856,-62.3881,0.1,5.856,-64.491,0.1,5.86,-60.9075,-0.2,5.86,-65.39,0.2,5.856,-61.1378,-0.1,5.86,-62.738,0.2,5.86,-62.7499,0.2,5.848,-63.2432,0.3,5.856,-56.932,-0.2,5.86,-54.5478,0.2,5.86,-50.318,0.2,5.848,-42.05,0.3,5.86,-43.14,0.4,5.844,-45.3285,0.3,5.852,-43.441
0.1,5.852,-65.345,0.1,5.856,-62.3551,-0.2,5.856,-64.524,0.2,5.86,-60.9732,0.0,5.86,-67.262,-0.2,5.86,-61.2036,0.0,5.856,-62.804,0.0,5.856,-62.8157,0.1,5.848,-63.3747,0.0,5.852,-59.655,-0.1,5.86,-54.5808,0.1,5.856,-50.384,0.0,5.844,-42.1494,0.4,5.86,-43.206,0.2,5.844,-46.1888,0.3,5.852,-44.384
0.2,5.852,-65.41,-0.2,5.856,-62.5196,0.2,5.856,-64.579,0.1,5.86,-61.0061,0.2,5.856,-67.393,0.1,5.856,-61.3024,0.0,5.856,-62.859,0.2,5.856,-62.8815,0.2,5.852,-63.4076,0.4,5.856,-59.71,0.0,5.86,-54.6468,-0.1,5.86,-50.439,0.0,5.844,-42.4145,0.2,5.86,-43.261,0.3,5.844,-46.222,0.1,5.852,-44.434
0.0,5.852,-65.41,0.4,5.86,-62.5526,0.1,5.86,-64.644,0.0,5.86,-61.1049,-0.1,5.856,-67.524,0.0,5.856,-61.3352,-0.3,5.856,-62.925,0.1,5.856,-62.9801,0.4,5.848,-63.6049,0.1,5.856,-59.808,0.1,5.86,-54.6468,-0.1,5.856,-50.472,0.0,5.848,-42.4807,0.0,5.86,-43.305,0.4,5.844,-46.2882,0.2,5.848,-44.5
0.1,5.848,-65.493,0.0,5.856,-62.5526,-0.1,5.856,-64.699,0.0,5.864,-61.1378,0.3,5.86,-67.579,0.3,5.856,-61.3681,0.0,5.856,-62.979,0.3,5.856,-63.0129,0.4,5.848,-63.7035,0.2,5.856,-59.852,0.0,5.856,-54.6798,0.1,5.856,-50.527,-0.1,5.844,-42.5801,0.2,5.86,-43.349,0.6,5.848,-46.3213,0.4,5.852,-44.55
0.0,5.848,-65.608,0.0,5.856,-62.684,0.3,5.856,-64.765,0.1,5.864,-61.1707,0.2,5.86,-67.699,0.0,5.86,-61.434,0.0,5.86,-63.023,0.0,5.856,-63.0459,0.3,5.848,-63.7364,0.0,5.856,-59.929,0.2,5.86,-54.7128,0.1,5.856,-50.968,-0.1,5.844,-42.6795,0.3,5.86,-43.416,0.1,5.844,-46.3875,0.2,5.852,-44.6
0.1,5.848,-65.706,0.1,5.86,-62.6512,0.2,5.856,-64.831,0.3,5.86,-61.2365,0.0,5.86,-67.831,0.3,5.856,-61.4998,-0.1,5.856,-63.111,0.2,5.86,-63.1445,0.4,5.852,-63.835,0.2,5.852,-60.006,-0.1,5.86,-55.0756,0.2,5.86,-50.99,0.2,5.848,-42.7458,0.1,5.86,-43.471,0.2,5.844,-46.4205,0.2,5.852,-44.649
0.1,5.852,-65.722,0.1,5.856,-62.7499,0.3,5.86,-64.853,-0.2,5.864,-61.3352,-0.1,5.86,-68.104,0.1,5.856,-61.5326,-0.1,5.86,-63.166,0.0,5.856,-63.1774,0.2,5.848,-63.9008,0.1,5.856,-60.083,0.2,5.86,-55.0756,-0.2,5.852,-51.012,-0.1,5.848,-42.8451,0.0,5.86,-43.515,0.4,5.844,-46.4867,0.1,5.852,-44.716
0.2,5.852,-65.838,0.2,5.852,-62.8815,0.0,5.86,-64.918,0.1,5.86,-61.4011,0.2,5.86,-68.224,0.2,5.856,-61.5985,0.1,5.86,-63.22,0.2,5.856,-63.2432,0.0,5.848,-63.9337,0.0,5.856,-60.203,-0.1,5.86,-55.1085,0.1,5.856,-51.089,0.1,5.844,-42.9114,0.0,5.86,-43.57,0.1,5.848,-46.5197,0.0,5.852,-44.765
0.2,5.852,-65.887,0.0,5.856,-62.8485,0.1,5.856,-64.951,0.2,5.864,-61.4669,0.3,5.86,-68.301,0.0,5.856,-63.0129,-0.1,5.86,-63.275,0.3,5.856,-63.309,0.2,5.848,-64.0323,0.1,5.856,-60.236,0.1,5.856,-55.1416,0.2,5.856,-51.111,0.2,5.848,-43.8057,0.3,5.86,-43.614,0.3,5.852,-46.586,0.1,5.852,-44.815
-0.1,5.848,-65.92,0.0,5.86,-63.0129,-0.1,5.86,-65.039,0.1,5.864,-61.5326,0.1,5.856,-68.389,0.1,5.856,-63.0788,0.0,5.86,-63.341,0.3,5.856,-63.3747,0.1,5.848,-64.1309,0.3,5.856,-60.445,0.2,5.86,-55.1746,0.2,5.856,-51.166,0.2,5.84,-43.8718,0.0,5.86,-43.681,0.2,5.848,-46.6521,0.2,5.848,-44.881
0.3,5.856,-66.018,0.4,5.856,-62.9473,-0.1,5.86,-66.451,0.2,5.864,-61.5985,0.0,5.856,-68.487,0.2,5.856,-63.1774,-0.2,5.86,-63.396,0.0,5.856,-63.4405,0.0,5.848,-64.1637,0.2,5.856,-60.511,-0.2,5.856,-55.2076,0.3,5.86,-51.199,0.1,5.844,-43.9381,-0.1,5.856,-43.714,0.1,5.848,-46.6852,0.0,5.852,-44.947
0.1,5.848,-66.035,0.1,5.86,-63.0459,-0.1,5.856,-66.572,-0.1,5.86,-61.5985,0.1,5.86,-68.574,0.3,5.856,-63.2432,-0.2,5.856,-63.451,0.5,5.86,-63.4734,0.1,5.848,-64.2295,0.0,5.856,-60.532,0.3,5.86,-55.2405,0.0,5.856,-51.232,0.1,5.844,-44.0374,0.1,5.86,-43.758,0.1,5.844,-46.7514,0.2,5.848,-44.997
0.1,5.852,-66.117,-0.1,5.856,-63.1117,-0.2,5.856,-66.714,0.1,5.86,-61.6971,0.1,5.86,-69.712,0.0,5.856,-63.309,0.0,5.856,-63.516,0.1,5.856,-63.5391,0.4,5.848,-64.2953,0.1,5.856,-60.642,-0.1,5.86,-55.2734,0.3,5.856,-51.298,0.1,5.848,-44.0706,0.2,5.86,-43.835,0.2,5.848,-46.7845,-0.1,5.848,-45.047
0.1,5.852,-66.199,0.1,5.856,-63.2103,0.3,5.86,-66.834,-0.2,5.86,-61.7301,0.0,5.86,-69.843,0.1,5.856,-64.9197,-0.1,5.86,-63.549,0.3,5.86,-63.6049,0.5,5.848,-64.328,0.4,5.86,-60.708,0.2,5.86,-55.3065,0.2,5.86,-51.354,0.1,5.848,-44.1368,0.0,5.86,-43.879,0.3,5.848,-46.7845,-0.1,5.852,-45.08
0.0,5.852,-66.215,0.2,5.856,-63.2432,-0.1,5.856,-66.966,-0.3,5.86,-61.8288,-0.1,5.86,-69.898,0.1,5.856,-65.0511,0.1,5.86,-63.615,0.3,5.86,-63.6378,0.3,5.848,-64.3938,0.2,5.856,-60.752,0.1,5.856,-55.3724,0.1,5.86,-51.365,-0.2,5.844,-44.2361,0.0,5.86,-43.924,0.0,5.848,-46.8837,0.1,5.852,-45.146
0.2,5.852,-66.33,-0.1,5.856,-63.309,0.0,5.856,-69.099,0.0,5.864,-61.8288,-0.2,5.864,-69.985,0.2,5.856,-65.1497,0.0,5.86,-63.681,0.0,5.86,-63.7364,-0.1,5.848,-64.4267,0.0,5.856,-60.829,-0.1,5.856,-55.3724,0.1,5.856,-51.398,0.3,5.844,-44.3023,0.1,5.856,-43.957,0.0,5.844,-46.9167,0.1,5.852,-45.196
-0.1,5.856,-66.347,-0.1,5.856,-63.3418,0.2,5.856,-69.219,0.1,5.86,-61.8947,0.1,5.86,-70.062,-0.1,5.856,-65.2155,0.0,5.856,-63.747,0.2,5.86,-63.7693,0.4,5.848,-64.4924,0.1,5.856,-60.895,0.1,5.86,-55.3724,0.3,5.856,-52.477,0.2,5.848,-44.3685,0.1,5.864,-44.034,0.0,5.844,-46.9498,0.1,5.852,-45.245
-0.1,5.852,-66.412,0.1,5.856,-63.3418,-0.4,5.856,-69.35,0.0,5.86,-61.9933,-0.1,5.86,-70.138,0.2,5.856,-65.3139,0.0,5.856,-63.779,0.3,5.86,-63.835,0.1,5.852,-64.5253,0.1,5.852,-60.949,0.1,5.856,-56.1638,0.1,5.856,-52.521,0.1,5.848,-44.4017,0.1,5.86,-44.078,0.0,5.848,-47.0159,0.3,5.852,-45.311
-0.1,5.852,-66.462,0.0,5.856,-63.4076,0.1,5.86,-69.416,0.0,5.864,-62.0261,-0.1,5.86,-70.204,-0.1,5.86,-65.4126,0.1,5.86,-63.845,0.3,5.856,-63.9008,0.2,5.848,-64.5582,0.1,5.856,-61.026,0.1,5.856,-56.1638,-0.1,5.86,-52.554,0.1,5.844,-44.4679,0.1,5.86,-45.127,0.3,5.848,-47.0491,-0.1,5.852,-45.361
0.1,5.856,-66.544,0.0,5.86,-63.4734,0.4,5.856,-69.547,0.1,5.86,-62.1249,0.2,5.86,-70.313,0.0,5.86,-65.6754,-0.1,5.86,-63.911,0.4,5.856,-63.9666,0.2,5.852,-65.4126,-0.1,5.86,-61.07,-0.2,5.86,-56.1968,0.3,5.856,-52.598,-0.1,5.844,-44.534,0.0,5.86,-46.55,0.1,5.848,-47.1153,0.1,5.852,-45.427
0.3,5.848,-66.593,0.3,5.86,-63.5062,0.0,5.856,-69.667,0.3,5.86,-62.2236,-0.1,5.86,-70.368,-0.1,5.856,-65.8068,-0.2,5.86,-63.977,0.1,5.856,-64.0323,0.3,5.852,-65.4782,0.2,5.86,-61.092,0.0,5.86,-56.1968,0.0,5.856,-52.62,0.1,5.844,-44.6003,0.2,5.86,-46.605,0.2,5.848,-48.1074,0.1,5.848,-46.503
-0.1,5.852,-66.642,0.0,5.856,-63.572,0.0,5.856,-69.962,-0.2,5.86,-62.2236,0.0,5.86,-70.444,0.0,5.856,-65.8726,0.0,5.856,-64.031,0.0,5.856,-64.0652,0.1,5.852,-65.6425,0.0,5.856,-61.18,0.1,5.856,-56.2626,0.2,5.86,-52.642,0.1,5.844,-45.2623,-0.1,5.86,-46.682,-0.1,5.848,-49.4628,0.1,5.852,-47.876
0.1,5.856,-66.692,0.2,5.856,-63.6378,-0.1,5.856,-70.093,0.2,5.86,-62.2565,0.1,5.86,-70.521,0.0,5.856,-65.9383,0.0,5.86,-64.064,0.0,5.856,-64.1309,0.3,5.848,-65.8068,0.3,5.86,-61.246,0.1,5.856,-56.2626,0.2,5.856,-52.675,0.2,5.844,-45.3285,-0.1,5.86,-46.748,0.1,5.848,-49.5289,0.2,5.852,-47.925
-0.1,5.852,-66.708,0.3,5.856,-63.7035,0.2,5.856,-70.17,0.1,5.864,-62.3223,0.0,5.86,-70.619,0.0,5.856,-66.0696,0.1,5.86,-64.13,0.4,5.856,-64.1637,0.2,5.852,-65.971,0.4,5.856,-61.289,0.0,5.86,-56.2626,-0.3,5.856,-52.774,0.2,5.844,-45.3616,0.1,5.86,-46.814,0.2,5.848,-49.5949,0.2,5.852,-48.008
0.0,5.848,-66.774,0.1,5.86,-63.7364,0.1,5.86,-70.268,-0.1,5.86,-62.3881,0.0,5.86,-70.674,-0.1,5.86,-66.1353,-0.1,5.856,-64.185,-0.1,5.856,-64.2624,0.0,5.848,-66.4309,0.2,5.856,-61.333,0.1,5.86,-56.3616,0.1,5.852,-52.829,-0.1,5.844,-45.4609,0.2,5.86,-46.891,0.0,5.848,-49.661,0.0,5.852,-48.074
0.0,5.848,-66.823,-0.1,5.86,-63.7693,0.1,5.856,-70.345,-0.3,5.86,-63.8022,0.1,5.86,-70.761,0.2,5.86,-67.2519,0.0,5.86,-64.229,0.1,5.86,-64.2953,0.3,5.852,-68.3023,0.1,5.86,-61.377,0.1,5.86,-56.3946,0.4,5.856,-52.851,0.0,5.844,-45.494,-0.2,5.864,-46.946,-0.3,5.848,-49.6941,0.1,5.856,-48.124
0.1,5.852,-66.872,0.2,5.856,-63.9008,0.0,5.856,-70.41,-0.4,5.864,-63.835,-0.1,5.86,-70.816,-0.1,5.856,-67.3504,0.0,5.86,-64.305,-0.2,5.856,-64.361,0.2,5.852,-68.4335,0.1,5.856,-63.264,0.1,5.856,-56.4275,0.0,5.856,-52.895,-0.1,5.844,-45.5602,-0.2,5.86,-47.035,0.2,5.848,-49.7932,-0.1,5.852,-48.223
0.0,5.848,-66.921,0.1,5.856,-63.8679,0.0,5.852,-71.558,-0.1,5.86,-63.9666,-0.1,5.86,-70.903,-0.1,5.86,-67.4161,-0.1,5.856,-65.696,0.1,5.856,-64.3938,0.2,5.852,-68.5321,-0.1,5.86,-63.341,0.0,5.856,-56.4275,0.0,5.856,-52.95,-0.1,5.844,-45.5933,-0.1,5.864,-47.09,0.1,5.844,-49.8593,0.1,5.852,-48.272
0.1,5.852,-66.971,0.2,5.856,-64.0323,-0.1,5.86,-71.689,-0.3,5.86,-64.098,0.3,5.86,-72.094,0.0,5.86,-67.4817,0.0,5.86,-65.795,0.1,5.856,-64.4596,0.3,5.852,-68.6306,0.0,5.856,-63.462,0.2,5.856,-56.4606,0.2,5.856,-52.939,0.2,5.844,-45.6595,0.2,5.86,-47.156,0.0,5.848,-49.9254,0.0,5.852,-48.338
-0.1,5.852,-67.053,0.1,5.86,-65.2484,0.3,5.86,-71.722,-0.2,5.86,-64.1967,-0.1,5.86,-72.16,0.1,5.86,-67.5474,-0.1,5.86,-65.883,0.0,5.856,-64.5253,0.0,5.848,-68.729,0.2,5.856,-63.571,-0.1,5.856,-56.4606,0.1,5.856,-54.348,0.3,5.844,-45.6925,0.2,5.864,-47.222,0.3,5.848,-49.9914,0.3,5.848,-48.404
0.2,5.852,-67.069,-0.1,5.86,-65.3468,0.0,5.86,-71.809,0.0,5.86,-66.0368,0.2,5.864,-72.225,-0.1,5.86,-67.6459,-0.1,5.856,-65.981,0.0,5.856,-64.5911,0.2,5.848,-68.7617,0.1,5.86,-63.692,0.1,5.856,-57.3175,0.3,5.856,-54.37,0.2,5.848,-46.5197,0.0,5.856,-47.266,0.2,5.848,-50.0576,0.0,5.852,-48.487
0.1,5.852,-67.118,0.2,5.856,-65.4126,0.1,5.86,-71.908,-0.2,5.86,-66.1682,0.0,5.86,-72.291,0.0,5.856,-67.7115,-0.1,5.856,-66.08,0.1,5.856,-64.6567,0.3,5.848,-68.8274,0.0,5.852,-64.009,-0.2,5.86,-57.3505,0.2,5.856,-54.381,-0.3,5.844,-46.5529,0.1,5.86,-47.332,0.0,5.844,-50.1237,0.2,5.852,-48.553
0.1,5.848,-67.201,0.0,5.852,-65.4782,0.1,5.856,-71.94,-0.5,5.864,-66.3324,0.0,5.86,-72.378,0.0,5.856,-67.81,-0.1,5.86,-67.82,0.0,5.86,-64.6896,0.1,5.848,-68.9258,-0.3,5.856,-65.532,0.0,5.86,-57.3835,0.1,5.856,-54.414,-0.1,5.844,-46.619,0.0,5.86,-48.06,0.2,5.848,-50.1567,0.3,5.852,-48.603
0.0,5.852,-67.217,0.2,5.856,-65.6098,0.1,5.856,-72.028,0.0,5.86,-66.3324,0.1,5.86,-72.455,0.0,5.856,-67.9085,0.1,5.856,-67.951,0.1,5.86,-64.7554,0.3,5.848,-69.0242,-0.2,5.856,-65.619,0.0,5.86,-57.3835,0.1,5.856,-54.436,0.1,5.844,-46.6852,0.1,5.856,-48.137,0.2,5.848,-50.2228,0.1,5.852,-48.669
0.3,5.852,-67.299,-0.3,5.856,-67.3832,0.1,5.856,-72.126,-0.3,5.86,-66.4637,0.0,5.856,-72.498,0.0,5.86,-67.9742,0.0,5.86,-68.072,0.3,5.856,-64.7882,0.1,5.848,-69.0898,0.2,5.856,-65.696,0.1,5.856,-57.3835,0.2,5.856,-54.48,-0.1,5.844,-46.7183,-0.2,5.86,-48.181,0.0,5.848,-50.9165,0.1,5.852,-49.396
0.1,5.852,-68.645,0.1,5.856,-67.4817,-0.2,5.86,-72.148,-0.4,5.86,-66.6609,-0.1,5.86,-72.575,0.0,5.856,-68.0398,0.0,5.856,-68.159,0.1,5.856,-64.854,0.0,5.844,-69.1555,0.0,5.856,-65.794,0.0,5.86,-57.4164,0.0,5.856,-54.469,0.2,5.844,-46.7514,-0.1,5.86,-48.225,0.0,5.848,-51.0156,0.0,5.852,-49.479
0.0,5.848,-68.841,0.1,5.856,-67.5802,0.2,5.86,-72.224,-0.2,5.86,-66.9236,0.0,5.86,-72.608,0.2,5.856,-68.1711,-0.3,5.86,-68.269,0.1,5.86,-64.9197,0.1,5.848,-69.2211,0.0,5.86,-65.86,0.0,5.86,-57.4164,0.2,5.856,-54.502,0.2,5.848,-46.8176,0.4,5.86,-48.28,0.3,5.852,-51.0487,-0.1,5.856,-49.512
-0.1,5.848,-68.989,0.3,5.852,-67.6459,0.1,5.86,-72.301,-0.2,5.864,-67.0221,-0.2,5.86,-72.684,-0.3,5.86,-68.2039,-0.1,5.86,-68.367,0.1,5.856,-66.2994,0.4,5.848,-69.2868,0.0,5.86,-65.882,0.1,5.86,-57.4494,0.0,5.856,-54.524,-0.1,5.844,-46.8837,0.4,5.856,-48.336,0.1,5.848,-51.1148,0.3,5.852,-49.595
0.0,5.848,-69.153,0.0,5.856,-67.81,-0.1,5.856,-72.388,-0.4,5.86,-67.0877,0.1,5.856,-72.761,0.0,5.86,-68.3023,-0.4,5.86,-68.662,0.1,5.852,-66.3981,-0.1,5.848,-69.3523,-0.2,5.856,-65.97,0.3,5.856,-57.4494,0.1,5.856,-54.546,0.0,5.844,-46.9167,0.0,5.864,-48.413,0.1,5.848,-51.1478,-0.2,5.852,-49.644
-0.2,5.848,-69.317,-0.1,5.856,-67.8757,0.1,5.86,-72.487,-0.1,5.864,-67.1863,-0.2,5.86,-72.815,-0.1,5.86,-68.368,0.0,5.856,-68.772,0.0,5.856,-66.4637,0.2,5.852,-69.4179,0.3,5.856,-66.079,0.2,5.856,-57.4494,0.3,5.856,-55.173,0.1,5.844,-46.9498,0.0,5.864,-48.457,0.2,5.848,-51.1808,0.2,5.852,-49.677
0.0,5.848,-71.955,0.2,5.856,-68.1382,0.0,5.856,-72.508,-0.2,5.86,-67.2519,-0.2,5.86,-72.892,0.0,5.86,-68.4335,-0.3,5.856,-68.859,0.1,5.856,-66.5623,0.2,5.848,-69.4836,0.2,5.856,-66.167,0.1,5.856,-57.7789,0.1,5.856,-55.184,-0.2,5.844,-46.9829,0.1,5.86,-48.512,0.0,5.848,-51.2799,0.1,5.852,-49.76
0.0,5.852,-72.086,-0.1,5.856,-68.3023,0.1,5.856,-72.596,0.0,5.86,-67.3176,0.1,5.864,-72.935,0.0,5.86,-69.6804,0.1,5.86,-68.947,0.0,5.856,-66.6609,0.1,5.852,-69.5164,0.1,5.86,-66.21,0.0,5.86,-57.8119,0.1,5.86,-55.195,0.2,5.844,-47.0491,0.0,5.864,-48.92,0.2,5.848,-51.3129,0.0,5.856,-49.809
0.0,5.852,-72.217,-0.1,5.852,-68.368,-0.2,5.86,-72.672,0.0,5.86,-68.4664,0.0,5.86,-74.518,0.1,5.86,-69.7788,0.0,5.856,-69.056,-0.2,5.856,-68.368,0.1,5.852,-69.5819,0.3,5.856,-66.298,-0.1,5.856,-57.8119,-0.2,5.856,-55.195,0.0,5.844,-47.0822,0.2,5.864,-49.151,0.1,5.848,-51.379,0.0,5.852,-49.859
0.0,5.852,-72.315,0.3,5.856,-68.4664,0.0,5.856,-73.808,-0.1,5.864,-68.6634,-0.1,5.86,-74.573,-0.1,5.856,-69.8445,-0.1,5.856,-69.144,0.1,5.856,-68.4992,0.3,5.848,-69.6476,-0.1,5.856,-66.353,0.0,5.856,-57.8119,0.2,5.856,-55.239,0.0,5.844,-47.1483,-0.1,5.86,-49.206,-0.1,5.852,-51.7423,0.2,5.856,-50.288
0.2,5.852,-72.479,0.0,5.856,-68.5649,0.0,5.856,-73.862,-0.2,5.864,-68.6961,0.0,5.86,-74.638,-0.1,5.86,-69.8772,-0.3,5.86,-70.335,-0.1,5.856,-68.6306,0.2,5.852,-69.7459,0.0,5.856,-66.408,0.1,5.856,-57.8448,0.1,5.852,-55.239,0.3,5.844,-47.2144,0.1,5.864,-49.25,0.2,5.852,-51.9733,0.1,5.856,-50.52
-0.1,5.852,-72.577,0.0,5.856,-68.5977,0.0,5.856,-73.939,-0.2,5.864,-68.7946,0.0,5.86,-74.704,-0.1,5.856,-69.9756,0.0,5.86,-70.434,0.0,5.856,-68.6961,0.1,5.852,-69.7788,0.1,5.856,-66.484,0.1,5.86,-57.8448,0.0,5.856,-55.272,0.2,5.844,-47.2144,0.3,5.864,-49.294,-0.1,5.848,-52.0064,0.2,5.856,-50.569
0.1,5.852,-72.888,-0.1,5.856,-69.8116,0.1,5.86,-73.994,-0.1,5.86,-68.893,0.0,5.86,-74.747,0.1,5.852,-70.0412,0.0,5.86,-70.51,0.0,5.856,-68.8274,0.0,5.852,-69.8116,0.2,5.86,-66.517,0.1,5.86,-57.8448,0.3,5.856,-55.272,-0.1,5.844,-47.2806,-0.1,5.864,-49.338,0.0,5.848,-52.0725,0.1,5.86,-50.635
0.1,5.852,-73.036,0.1,5.86,-69.9429,0.0,5.856,-74.059,0.2,5.864,-68.9258,-0.1,5.86,-74.813,0.1,5.856,-70.1068,-0.3,5.86,-70.587,0.3,5.86,-68.9258,-0.1,5.852,-69.8772,-0.2,5.856,-66.594,-0.1,5.856,-57.8448,0.0,5.86,-55.316,0.1,5.848,-47.2806,-0.2,5.86,-49.394,0.3,5.852,-52.1055,0.1,5.856,-50.668
0.1,5.848,-73.134,0.2,5.856,-69.9429,0.0,5.856,-74.146,0.0,5.86,-68.9915,-0.1,5.86,-74.878,0.1,5.86,-70.2052,-0.1,5.86,-70.663,0.2,5.86,-69.2211,0.2,5.852,-69.9429,0.1,5.856,-66.67,0.3,5.86,-57.8448,-0.3,5.856,-57.601,0.0,5.844,-47.3799,-0.1,5.864,-49.438,0.3,5.852,-52.1715,0.3,5.856,-50.734
0.0,5.852,-73.232,0.1,5.856,-70.0084,0.0,5.86,-74.201,-0.3,5.86,-69.1227,0.1,5.86,-75.98,-0.1,5.86,-70.2379,-0.3,5.86,-70.762,0.0,5.86,-69.3196,0.3,5.852,-69.9756,0.1,5.856,-66.703,-0.1,5.856,-60.7428,0.1,5.856,-57.634,0.2,5.848,-47.4129,0.2,5.86,-49.493,0.1,5.848,-52.2046,0.3,5.856,-50.768
-0.2,5.852,-73.331,0.0,5.86,-70.1396,-0.1,5.86,-74.234,-0.2,5.86,-69.1227,-0.1,5.864,-76.002,0.1,5.856,-70.3036,0.1,5.856,-70.827,0.1,5.856,-69.4179,0.0,5.848,-70.0412,-0.1,5.86,-66.791,0.0,5.856,-60.7758,-0.1,5.856,-57.733,-0.1,5.848,-48.3719,0.3,5.864,-49.548,0.1,5.852,-52.2375,0.1,5.856,-50.817
-0.2,5.848,-73.396,0.0,5.86,-70.1724,0.1,5.86,-74.288,0.0,5.864,-69.2211,,,16.107,0.2,5.86,-70.3691,0.0,5.86,-70.936,0.0,5.856,-69.5164,0.3,5.848,-70.0739,0.0,5.856,-66.834,0.0,5.856,-60.8745,-0.1,5.856,-57.81,0.0,5.848,-49.8593,0.2,5.864,-49.592,0.1,5.852,-52.3035,0.2,5.856,-50.883
-0.2,5.852,-74.542,-0.2,5.856,-70.2708,0.1,5.856,-74.354,0.1,5.86,-69.2868,,,7.919,-0.1,5.86,-70.4675,0.0,5.856,-71.013,0.2,5.86,-69.6148,-0.2,5.848,-70.1396,0.0,5.856,-66.889,0.2,5.86,-60.9404,0.2,5.856,-57.854,0.0,5.848,-49.9254,0.1,5.864,-50.077,0.0,5.848,-52.3366,0.0,5.856,-50.916
0.0,5.852,-74.657,0.3,5.86,-70.3691,-0.1,5.86,-74.452,-0.3,5.864,-69.3851,,,6.113,-0.1,5.86,-70.5003,-0.3,5.86,-71.1,-0.3,5.86,-69.7132,0.1,5.848,-70.1724,0.2,5.86,-66.944,0.1,5.856,-61.039,0.0,5.856,-57.953,0.1,5.844,-50.0245,0.1,5.86,-50.121,-0.1,5.848,-52.4027,0.2,5.852,-50.982
0.0,5.852,-74.69,-0.1,5.856,-70.3691,0.0,5.856,-74.474,-0.2,5.864,-69.4508,,,2.696,0.0,5.86,-70.5659,-0.1,5.86,-71.166,0.0,5.86,-70.9266,0.2,5.848,-70.2379,0.1,5.86,-67.01,0.0,5.856,-61.072,-0.1,5.852,-58.008,0.0,5.844,-50.0576,0.0,5.86,-50.154,0.2,5.852,-52.8318,0.1,5.852,-51.461
0.1,5.852,-74.739,-0.1,5.856,-70.4675,0.0,5.86,-74.55,-0.3,5.864,-69.5492,,,0.981,-0.2,5.86,-72.2704,-0.1,5.86,-71.264,0.0,5.856,-71.0576,0.3,5.848,-70.2708,-0.1,5.856,-67.064,-0.1,5.856,-61.1707,-0.1,5.86,-58.096,0.0,5.848,-50.1567,0.0,5.864,-50.22,0.1,5.852,-52.8649,0.0,5.856,-51.511
0.2,5.852,-74.853,-0.2,5.856,-70.5659,0.1,5.86,-74.594,0.1,5.864,-69.5492,,,-0.732,0.0,5.86,-72.336,-0.1,5.856,-71.319,-0.1,5.856,-71.1233,0.1,5.848,-70.3036,-0.1,5.856,-67.119,0.0,5.86,-61.2365,0.0,5.856,-58.139,0.1,5.844,-50.2228,0.3,5.864,-50.253,-0.2,5.852,-52.8979,0.0,5.856,-51.56
-0.2,5.852,-74.886,0.0,5.86,-70.6643,-0.2,5.86,-76.089,-0.2,5.864,-69.6804,,,-2.668,-0.2,5.86,-72.4015,-0.3,5.86,-71.406,0.2,5.86,-71.1888,0.1,5.848,-70.4019,-0.1,5.86,-67.174,-0.1,5.856,-61.3352,0.2,5.856,-58.381,0.0,5.848,-50.2558,0.0,5.86,-50.297,0.0,5.848,-52.9638,0.3,5.856,-51.61
0.0,5.852,-74.968,0.0,5.856,-70.7954,0.0,5.856,-76.165,0.1,5.864,-70.861,,,-5.742,0.1,5.856,-72.467,0.1,5.856,-71.472,0.1,5.86,-71.2872,0.1,5.852,-70.4019,0.1,5.856,-67.185,-0.1,5.86,-61.5326,0.0,5.856,-58.414,0.1,5.848,-50.3549,0.2,5.86,-50.352,0.2,5.848,-52.9968,0.1,5.856,-51.659
-0.2,5.852,-75.05,0.1,5.86,-70.7298,0.0,5.856,-76.198,-0.2,5.864,-70.8937,,,-9.08,-0.2,5.86,-72.5325,-0.3,5.86,-71.559,0.1,5.86,-71.3854,0.0,5.852,-70.4675,-0.1,5.856,-67.261,-0.1,5.856,-61.5656,0.1,5.856,-58.48,0.1,5.848,-50.388,-0.1,5.864,-50.396,0.0,5.848,-53.0299,0.2,5.856,-51.692
0.0,5.852,-75.082,0.1,5.86,-70.9266,-0.2,5.856,-76.241,-0.3,5.864,-70.9594,,,-11.457,0.0,5.856,-72.5981,-0.1,5.86,-72.837,0.1,5.86,-71.4511,0.2,5.852,-70.5003,-0.2,5.86,-67.305,-0.2,5.86,-61.6643,-0.1,5.856,-58.535,-0.1,5.848,-50.4871,0.2,5.86,-50.429,0.2,5.852,-53.0959,0.2,5.856,-51.742
0.2,5.852,-75.164,0.1,5.856,-70.9922,0.1,5.86,-76.285,-0.2,5.864,-71.0576,,,-13.398,-0.1,5.86,-72.6636,0.0,5.86,-72.925,0.0,5.86,-71.5822,0.2,5.852,-70.5659,0.0,5.856,-67.36,-0.2,5.86,-61.6971,0.0,5.86,-58.601,0.2,5.848,-50.5531,0.2,5.864,-50.484,0.3,5.852,-53.1288,0.1,5.852,-51.791
0.1,5.852,-75.23,-0.1,5.856,-72.2048,0.0,5.856,-76.35,-0.2,5.86,-71.1561,,,-13.464,0.0,5.86,-73.9084,-0.1,5.86,-72.99,0.1,5.86,-71.6478,0.2,5.852,-70.5659,0.1,5.856,-67.404,0.3,5.86,-61.763,-0.1,5.856,-58.7,-0.4,5.848,-50.5862,0.1,5.864,-50.528,0.0,5.848,-53.1619,-0.1,5.852,-51.824
0.3,5.852,-75.328,-0.1,5.856,-72.3032,0.1,5.86,-76.416,-0.6,5.864,-71.2544,,,-14.813,0.0,5.856,-73.941,-0.1,5.86,-73.045,-0.1,5.856,-71.7132,0.1,5.852,-72.041,0.0,5.856,-67.458,0.0,5.856,-61.8288,0.0,5.856,-58.732,-0.1,5.844,-50.6522,0.2,5.864,-50.572,0.1,5.852,-53.1949,0.0,5.856,-51.874
-0.1,5.848,-75.426,0.1,5.856,-72.4343,0.1,5.856,-77.408,-0.1,5.864,-71.2544,,,-16.617,,,17.5911,-0.1,5.86,-73.132,0.2,5.856,-71.8116,0.2,5.852,-72.336,0.1,5.86,-67.524,0.1,5.856,-61.8947,0.1,5.856,-58.82,0.1,5.844,-51.3459,0.0,5.864,-51.74,0.2,5.848,-53.2609,-0.1,5.852,-51.94
0.0,5.852,-75.41,-0.1,5.856,-72.467,0.2,5.86,-77.441,-0.3,5.86,-71.32,,,-20.544,,,10.1744,-0.2,5.856,-73.198,0.1,5.86,-71.8771,0.2,5.852,-72.5653,0.4,5.86,-67.557,0.1,5.86,-61.9604,0.2,5.856,-58.886,0.2,5.848,-51.379,0.1,5.864,-51.795,-0.1,5.852,-53.2938,0.0,5.856,-51.973
0.1,5.848,-75.541,-0.2,5.856,-72.467,,,14.578,-0.1,5.86,-71.32,,,-24.835,,,8.423,0.1,5.86,-73.252,0.1,5.86,-71.9427,0.2,5.848,-72.8274,-0.1,5.856,-67.601,-0.3,5.856,-62.0261,0.0,5.852,-58.93,-0.1,5.844,-51.445,0.0,5.86,-51.828,-0.1,5.852,-54.3168,0.1,5.852,-53.145
0.0,5.848,-75.59,-0.1,5.856,-72.5981,,,5.497,-0.1,5.864,-71.4511,,,-27.377,,,5.0928,0.0,5.86,-73.34,-0.2,5.86,-72.041,0.0,5.848,-73.0239,-0.2,5.856,-67.666,0.0,5.856,-62.092,-0.2,5.856,-58.985,0.3,5.844,-51.478,0.2,5.864,-51.861,-0.1,5.852,-54.3499,-0.1,5.856,-53.178
0.0,5.852,-76.604,-0.1,5.856,-72.6963,,,3.625,-0.1,5.86,-71.5494,,,-27.455,,,3.4116,0.0,5.86,-73.405,0.2,5.86,-72.1065,0.0,5.852,-76.5266,0.0,5.86,-67.699,-0.2,5.86,-62.1249,-0.1,5.852,-59.04,0.0,5.848,-51.5111,0.1,5.864,-51.883,0.1,5.848,-54.3828,0.0,5.856,-53.211
-0.1,5.852,-76.686,0.1,5.86,-72.6963,,,0.064,0.0,5.86,-71.5494,,,-30.073,,,1.5982,-0.4,5.856,-73.46,0.2,5.856,-72.2048,0.0,5.848,-76.6902,-0.1,5.856,-67.765,0.1,5.856,-62.1578,0.2,5.852,-59.117,0.0,5.844,-51.5771,0.2,5.864,-51.927,0.1,5.848,-54.4158,0.3,5.852,-53.261
0.2,5.852,-76.768,-0.2,5.856,-72.8274,,,-1.739,-0.2,5.864,-71.6805,,,-32.112,,,-0.6547,0.0,5.856,-73.525,0.1,5.856,-73.5481,0.2,5.852,-76.8538,0.1,5.856,-69.198,-0.3,5.856,-62.2236,-0.1,5.86,-59.183,0.0,5.844,-51.6431,0.1,5.86,-51.96,0.1,5.848,-54.4158,0.3,5.856,-53.277
-0.3,5.852,-76.801,-0.2,5.86,-72.8274,,,-3.26,-0.2,5.864,-71.6805,,,-32.445,,,-5.0494,-0.4,5.86,-73.612,0.0,5.856,-73.6136,0.3,5.848,-76.9846,0.0,5.86,-69.405,0.2,5.856,-62.3223,-0.1,5.856,-59.237,-0.2,5.848,-51.6762,-0.2,5.86,-52.081,0.2,5.848,-54.4818,0.1,5.856,-53.343
-0.2,5.852,-76.817,0.1,5.856,-72.9585,,,-5.06,0.1,5.864,-73.2861,,,-34.15,,,-9.271,-0.2,5.86,-73.656,0.3,5.856,-73.7118,0.3,5.852,-77.1481,0.1,5.86,-69.58,-0.2,5.86,-62.3551,0.0,5.856,-59.27,-0.2,5.848,-51.7092,0.0,5.864,-52.125,0.2,5.848,-54.4818,-0.1,5.852,-53.36
0.2,5.848,-76.899,-0.2,5.856,-72.9912,,,-8.478,-0.1,5.864,-73.3514,,,-34.261,,,-10.7439,0.1,5.856,-73.722,0.0,5.856,-73.7773,-0.1,5.852,-77.2789,0.0,5.856,-69.744,0.1,5.856,-62.3881,0.1,5.856,-59.314,0.0,5.852,-52.0725,0.1,5.86,-52.158,-0.3,5.848,-54.6137,0.1,5.856,-53.492
0.3,5.848,-76.981,-0.2,5.856,-73.0567,,,-12.272,0.0,5.86,-73.4171,,,-35.744,,,-11.9486,0.0,5.86,-75.391,0.0,5.86,-73.8427,0.3,5.848,-77.6386,0.1,5.856,-69.908,-0.1,5.856,-62.3881,-0.1,5.856,-61.762,0.1,5.848,-52.3035,-0.2,5.86,-52.202,0.0,5.848,-54.6137,0.2,5.852,-53.508
0.2,5.852,-76.997,0.0,5.856,-73.1223,,,-15.548,-0.2,5.86,-73.4826,,,-36.917,,,-11.982,0.0,5.86,-75.446,0.1,5.856,-73.9084,0.1,5.848,-77.7693,0.1,5.856,-72.595,0.0,5.856,-63.8022,0.1,5.856,-61.817,-0.1,5.852,-52.3696,0.1,5.864,-52.235,0.1,5.848,-54.6798,0.1,5.852,-53.558
0.2,5.848,-77.079,-0.2,5.86,-74.8578,,,-17.508,0.0,5.864,-73.4826,,,-37.028,,,-12.6511,-0.2,5.864,-75.522,0.1,5.856,-73.9738,0.2,5.848,-77.9002,0.2,5.852,-72.726,0.1,5.86,-63.9337,0.1,5.856,-61.894,0.1,5.848,-52.3696,0.0,5.864,-52.268,0.2,5.848,-54.7128,0.1,5.852,-53.607
-0.1,5.852,-77.095,-0.3,5.86,-74.956,,,-17.53,-0.1,5.864,-73.5808,,,-38.609,,,-13.5207,-0.1,5.86,-75.588,0.1,5.86,-74.072,0.2,5.852,-77.9983,-0.2,5.856,-72.857,0.1,5.856,-64.098,-0.1,5.86,-61.992,0.0,5.848,-52.4357,0.0,5.86,-53.809,-0.2,5.848,-54.7128,0.1,5.852,-53.624
0.0,5.848,-77.194,-0.1,5.852,-74.9886,,,-18.721,-0.2,5.864,-73.679,,,-39.991,,,-16.2282,-0.5,5.86,-75.642,0.1,5.856,-74.1375,0.2,5.848,-78.0962,0.1,5.856,-72.966,0.1,5.856,-64.2624,0.0,5.856,-62.113,0.1,5.852,-52.4686,0.1,5.86,-53.842,0.1,5.852,-54.7457,0.1,5.852,-53.657
-0.1,5.848,-77.226,-0.1,5.86,-75.0214,,,-20.066,0.0,5.864,-74.7923,,,-43.548,,,-22.2701,0.0,5.86,-75.697,0.1,5.856,-74.203,0.0,5.852,-78.1944,0.1,5.856,-73.108,-0.2,5.86,-64.4267,-0.1,5.856,-62.365,0.0,5.848,-52.5017,0.2,5.864,-53.853,0.0,5.848,-55.9989,0.0,5.852,-55.141
0.0,5.852,-77.275,0.2,5.86,-75.0869,,,-23.134,-0.3,5.864,-74.7923,,,-46.318,,,-24.4038,-0.1,5.86,-75.751,0.2,5.86,-74.2685,0.2,5.852,-79.2729,0.2,5.856,-73.206,0.1,5.86,-64.7554,0.0,5.856,-63.669,0.2,5.848,-52.5347,-0.1,5.86,-53.886,0.2,5.852,-56.0649,0.1,5.852,-55.191
0.1,5.852,-77.308,0.0,5.86,-75.1523,,,-26.19,,,15.8365,,,-49.868,,,-24.5038,0.0,5.86,-76.896,-0.1,5.86,-74.3339,0.0,5.852,-79.3709,-0.1,5.856,-73.534,-0.1,5.86,-66.4309,-0.1,5.856,-63.768,-0.1,5.848,-52.6007,0.0,5.864,-53.919,0.1,5.848,-56.0649,0.2,5.852,-55.207
-0.2,5.852,-78.649,-0.2,5.856,-75.1851,,,-29.152,,,7.7497,,,-52.016,,,-27.0023,0.0,5.86,-76.918,0.2,5.86,-74.3994,-0.2,5.852,-79.4363,0.0,5.856,-73.676,-0.2,5.86,-66.5295,0.0,5.856,-63.855,0.0,5.848,-52.6337,0.1,5.864,-53.941,0.0,5.848,-56.0978,0.3,5.856,-55.224
-0.1,5.856,-78.714,0.0,5.856,-76.3631,,,-29.23,,,5.9669,,,-53.029,,,-28.8332,,,16.444,0.4,5.86,-74.4649,0.2,5.848,-79.4689,0.1,5.856,-73.774,0.1,5.856,-66.6279,-0.2,5.856,-63.921,0.0,5.844,-52.6667,0.0,5.86,-53.974,0.2,5.852,-56.0978,0.1,5.852,-55.24
0.1,5.852,-78.747,0.1,5.86,-76.494,,,-31.78,,,2.5376,,,-60.138,,,-29.1327,,,7.986,0.4,5.86,-76.2322,0.2,5.852,-79.5669,0.2,5.856,-73.872,0.1,5.856,-66.6937,-0.2,5.856,-63.998,0.1,5.848,-53.0959,0.1,5.864,-53.985,0.0,5.848,-56.1309,0.1,5.852,-55.29
-0.3,5.852,-78.78,,,16.1405,,,-34.05,,,0.6225,,,-60.347,,,-30.6963,,,5.956,0.1,5.86,-76.265,0.0,5.852,-79.5997,0.0,5.856,-73.96,0.0,5.856,-66.7593,0.1,5.856,-64.075,-0.3,5.852,-53.1288,0.1,5.864,-54.018,0.0,5.848,-56.1638,0.0,5.856,-55.306
-0.1,5.852,-78.829,,,7.0095,,,-34.426,,,-1.2253,,,-60.402,,,-30.8294,,,2.292,0.0,5.856,-76.3631,0.1,5.852,-79.665,-0.1,5.856,-74.036,-0.1,5.86,-66.825,0.1,5.856,-64.14,0.1,5.848,-53.1619,0.1,5.86,-54.051,-0.2,5.848,-56.1638,0.1,5.852,-55.323
-0.1,5.852,-78.862,,,4.992,,,-36.054,,,-3.4733,,,-63.67,,,-32.1594,,,0.712,0.0,5.86,-76.4285,0.1,5.852,-79.7302,-0.2,5.856,-75.16,0.0,5.856,-66.9236,0.0,5.856,-64.228,-0.2,5.848,-53.2279,-0.1,5.864,-54.733,0.0,5.848,-56.1968,0.1,5.856,-55.356
-0.1,5.852,-78.911,,,1.2272,,,-36.186,,,-7.6969,,,-65.51,,,-33.2896,,,-1.134,0.0,5.856,-76.494,-0.2,5.848,-79.7956,0.2,5.856,-75.258,0.1,5.856,-67.0221,0.0,5.856,-64.316,-0.2,5.852,-53.2609,0.0,5.86,-54.744,0.2,5.848,-56.2298,0.2,5.852,-55.389
-0.1,5.852,-79.744,,,-0.7889,,,-37.79,,,-12.2163,,,-65.696,,,-33.3892,,,-3.249,0.1,5.86,-76.5266,-0.3,5.852,-79.861,0.1,5.856,-75.302,0.2,5.856,-67.0877,0.2,5.856,-64.392,0.0,5.848,-53.2938,0.1,5.86,-54.755,0.0,5.852,-56.7243,0.1,5.856,-55.999
0.1,5.856,-79.81,,,-2.7688,,,-38.962,,,-14.2228,,,-68.673,,,-35.0171,,,-6.2,-0.1,5.86,-76.5921,0.0,5.852,-79.8936,-0.3,5.86,-75.367,-0.1,5.86,-67.1863,0.2,5.856,-64.436,-0.1,5.848,-53.3269,0.0,5.864,-54.766,0.0,5.848,-56.7243,0.2,5.852,-55.999
,,13.225,,,-5.1835,,,-39.039,,,-15.7938,,,-68.771,,,-36.5113,,,-8.712,0.1,5.856,-77.7693,-0.1,5.848,-79.9917,0.2,5.86,-75.466,0.1,5.856,-67.2191,-0.1,5.856,-64.48,-0.2,5.848,-53.3929,0.2,5.86,-54.799,-0.2,5.848,-56.7243,-0.1,5.852,-56.015
,,3.161,,,-9.9406,,,-40.554,,,-15.7938,,,-70.969,,,-40.227,,,-10.978,0.0,5.856,-77.8021,0.0,5.852,-80.0569,-0.1,5.856,-75.498,-0.1,5.856,-67.2847,0.0,5.856,-64.579,-0.1,5.848,-53.3929,-0.1,5.864,-54.821,0.1,5.848,-56.7572,0.1,5.852,-56.048
,,1.128,,,-12.7514,,,-41.858,,,-16.5289,,,-72.99,,,-43.1102,,,-13.041,,,16.4776,0.1,5.848,-80.0896,0.4,5.856,-75.586,-0.1,5.86,-67.3832,0.0,5.856,-64.622,-0.3,5.852,-53.4589,0.2,5.864,-54.821,-0.1,5.848,-56.7902,0.1,5.856,-56.065
,,-2.313,,,-14.7911,,,-45.468,,,-17.2972,,,-73.044,,,-47.1483,,,-13.119,,,7.3466,0.0,5.848,-80.155,-0.1,5.856,-75.662,-0.3,5.856,-67.4161,0.0,5.856,-64.677,-0.1,5.848,-53.492,0.2,5.864,-54.865,0.0,5.848,-56.7902,0.0,5.856,-56.081
,,-3.606,,,-15.9943,,,-48.104,,,-19.1671,,,-74.911,,,-49.6941,,,-14.769,,,5.1598,0.0,5.848,-80.1877,-0.1,5.86,-75.706,-0.2,5.86,-67.4817,0.2,5.86,-64.754,-0.2,5.848,-53.525,-0.1,5.86,-54.887,-0.1,5.848,-56.7902,-0.1,5.852,-56.081
,,-4.596,,,-15.9609,,,-51.453,,,-22.5703,,,-74.966,,,-50.9496,,,-16.906,,,1.0257,0.2,5.848,-81.0041,-0.3,5.852,-75.771,-0.2,5.86,-67.5474,0.1,5.856,-64.809,0.1,5.848,-54.4818,0.0,5.86,-56.679,0.4,5.848,-56.8232,0.0,5.852,-56.114
,,-6.122,,,-16.8296,,,-53.369,,,-25.0703,,,-76.057,,,-58.4378,,,-21.867,,,-0.6547,0.3,5.848,-81.0694,0.0,5.856,-75.836,0.1,5.856,-67.613,0.3,5.856,-64.864,0.0,5.848,-54.5478,0.1,5.864,-56.756,0.3,5.848,-56.8232,0.1,5.856,-56.131
,,-9.321,,,-17.865,,,-54.305,,,-25.137,,,-76.1,,,-58.6026,,,-26.734,,,-2.8024,0.3,5.852,-81.102,0.1,5.856,-75.924,-0.2,5.86,-67.6787,0.3,5.856,-64.907,-0.1,5.848,-54.5808,0.1,5.86,-56.822,0.0,5.848,-58.5037,0.2,5.852,-57.729
,,-13.922,,,-20.9025,,,-61.356,,,-27.6349,,,,,,-58.6684,,,-28.931,,,-5.083,0.2,5.852,-81.1347,0.0,5.856,-76.022,0.2,5.856,-67.7115,0.0,5.852,-64.995,0.0,5.852,-54.6137,0.1,5.864,-56.888,0.1,5.848,-58.5696,0.1,5.852,-57.812
,,-17.83,,,-25.7699,,,-61.586,,,-29.4321,,,,,,-61.6643,,,-29.009,,,-9.0366,0.3,5.848,-81.1673,-0.1,5.856,-76.022,0.0,5.86,-67.81,0.1,5.856,-65.05,0.0,5.848,-54.6137,0.1,5.864,-56.943,0.1,5.852,-58.6684,-0.1,5.852,-57.878
,,-20.182,,,-27.7348,,,-61.652,,,-29.7316,,,,,,-63.4405,,,-31.603,,,-11.0117,0.3,5.848,-81.1999,0.0,5.856,-76.131,0.0,5.856,-67.8428,0.1,5.852,-65.115,-0.2,5.848,-54.6468,0.1,5.86,-57.019,0.2,5.852,-58.7014,0.0,5.852,-57.927
,,-20.216,,,-27.8347,,,-65.072,,,-31.4279,,,,,,-63.6049,,,-33.631,,,-13.1863,0.2,5.852,-81.2653,-0.2,5.86,-76.175,-0.2,5.86,-67.9085,0.1,5.856,-65.17,-0.1,5.848,-54.6798,-0.1,5.86,-57.074,0.0,5.848,-58.7672,0.2,5.856,-57.993
,,-21.616,,,-30.1974,,,-67.086,,,-31.5277,,,,,,-66.2339,,,-33.952,,,-14.858,0.4,5.848,-81.2979,0.1,5.856,-77.189,-0.2,5.856,-67.9413,-0.1,5.856,-65.225,-0.1,5.848,-54.7457,-0.2,5.86,-57.14,-0.1,5.848,-58.8331,0.2,5.856,-58.042
,,-23.183,,,-31.96,,,-67.261,,,-32.8242,,,,,,-66.2994,,,-35.657,,,-14.8914,0.2,5.848,-81.3306,0.0,5.856,-77.254,-0.1,5.86,-68.0069,0.1,5.856,-65.269,0.1,5.848,-54.8447,0.0,5.86,-57.184,0.0,5.848,-58.899,0.2,5.852,-58.125
,,-26.381,,,-32.3256,,,-70.52,,,-33.9208,,,,,,-68.4992,,,-35.778,,,-15.9943,0.1,5.852,-81.3631,0.2,5.856,-77.32,0.1,5.86,-68.0726,-0.1,5.856,-65.335,0.2,5.848,-54.8447,0.0,5.86,-57.393,0.0,5.848,-58.9648,0.1,5.856,-58.191
,,-28.649,,,-33.9208,,,-70.618,,,-34.0205,,,,,,-70.6315,,,-37.272,,,-17.4976,0.2,5.848,-81.4285,0.2,5.856,-77.353,-0.1,5.86,-68.1382,-0.2,5.852,-65.378,-0.1,5.844,-54.8777,-0.1,5.864,-57.459,-0.3,5.848,-58.9978,0.2,5.852,-58.224
,,-31.99,,,-34.0537,,,-72.749,,,-35.5816,,,,,,-70.697,,,-38.478,,,-22.4369,-0.1,5.848,-81.4611,0.3,5.856,-77.396,-0.1,5.856,-68.1382,-0.1,5.856,-65.444,-0.2,5.848,-54.9107,0.2,5.86,-57.503,0.2,5.852,-59.1954,0.0,5.852,-58.421
,,-32.09,,,-35.3824,,,-74.648,,,-36.976,,,,,,-72.7291,,,-38.61,,,-27.9678,-0.1,5.852,-81.4938,0.1,5.856,-77.462,0.0,5.856,-68.2368,0.1,5.852,-65.477,-0.1,5.848,-54.9436,0.1,5.86,-57.569,0.0,5.848,-59.2613,0.1,5.856,-58.471
,,-34.698,,,-36.6109,,,-74.714,,,-40.6249,,,,,,-72.7946,,,-40.246,,,-29.8315,0.4,5.852,-81.4938,0.1,5.856,-77.538,0.1,5.856,-68.2695,-0.2,5.856,-65.543,-0.1,5.848,-56.1309,0.3,5.86,-57.635,0.0,5.848,-59.2942,0.1,5.856,-58.52
,,-37.386,,,-36.6441,,,-76.46,,,-43.6069,,,,,,-73.9738,,,-41.727,,,-29.898,-0.2,5.852,-82.4403,0.1,5.86,-77.56,-0.1,5.856,-68.3351,0.0,5.856,-65.608,0.2,5.852,-56.1309,0.3,5.86,-57.701,0.2,5.844,-59.3601,0.2,5.852,-58.586
,,-37.9,,,-38.3366,,,-76.481,,,-47.512,,,,,,-74.0393,,,-45.271,,,-32.3589,0.1,5.852,-82.4729,0.0,5.856,-77.625,-0.1,5.86,-68.368,-0.2,5.856,-65.652,0.1,5.848,-56.1309,0.0,5.86,-57.755,0.2,5.848,-59.4589,0.1,5.852,-58.668
,,-39.889,,,-39.796,,,-77.485,,,-50.0245,,,,,,,,,-48.017,,,-34.253,0.1,5.852,-82.5055,0.0,5.856,-77.658,0.2,5.86,-68.4335,0.2,5.856,-65.718,-0.2,5.848,-56.1638,0.0,5.86,-57.821,0.2,5.852,-59.4918,0.1,5.856,-58.718
,,-40.039,,,-43.5076,,,-77.517,,,-51.2469,,,,,,,,,-51.509,,,-34.5521,0.2,5.852,-82.5382,-0.1,5.856,-77.745,-0.1,5.86,-68.4664,0.1,5.856,-65.784,0.1,5.848,-56.1968,0.0,5.86,-57.876,-0.2,5.848,-59.5576,0.2,5.856,-58.784
,,-42.092,,,-46.3213,,,,,,-58.8002,,,,,,,,,-53.502,,,-36.2789,0.2,5.848,-82.5708,0.0,5.856,-77.778,0.0,5.86,-68.5321,-0.2,5.856,-65.816,-0.1,5.848,-56.2298,0.2,5.864,-57.931,0.1,5.848,-59.6236,0.2,5.856,-58.866
,,-43.334,,,-50.3549,,,,,,-59.0307,,,,,,,,,-54.415,,,-36.4116,0.1,5.852,-82.5708,-0.1,5.86,-77.821,0.0,5.856,-68.5649,-0.2,5.856,-65.86,0.0,5.848,-56.2298,0.1,5.86,-57.997,0.1,5.852,-59.6564,0.1,5.852,-58.882
,,-43.417,,,-52.6007,,,,,,-59.0636,,,,,,,,,-61.038,,,-37.8721,0.1,5.852,-82.6361,0.1,5.856,-77.865,-0.1,5.856,-68.5977,0.1,5.852,-65.926,0.0,5.848,-56.2626,0.0,5.86,-58.063,0.0,5.848,-59.7222,0.2,5.852,-58.948
,,-44.742,,,-53.7889,,,,,,-62.4539,,,,,,,,,-61.203,,,-39.0995,0.3,5.852,-83.1254,0.0,5.86,-79.14,0.1,5.856,-68.6634,-0.3,5.856,-65.97,0.1,5.848,-56.2626,0.0,5.864,-58.118,0.2,5.848,-59.7882,0.0,5.852,-58.998
,,-45.852,,,-60.7099,,,,,,-64.2953,,,,,,,,,-61.258,,,-39.2654,0.1,5.852,-83.1254,-0.1,5.856,-79.206,0.1,5.856,-68.6961,0.1,5.856,-67.426,-0.1,5.848,-56.2957,0.2,5.86,-58.173,-0.2,5.848,-59.854,-0.2,5.852,-59.08
,,-49.407,,,-60.9075,,,,,,-64.4924,,,,,,,,,-64.36,,,-40.9564,57.5,5.604,10.3091,-0.2,5.86,-79.227,0.1,5.856,-70.3036,0.0,5.856,-67.557,0.0,5.848,-56.7902,0.0,5.86,-58.239,-0.1,5.848,-59.9199,0.1,5.852,-59.129
,,-51.721,,,-60.9732,,,,,,-67.4488,,,,,,,,,-66.167,,,-42.5469,38.3,5.76,-0.6881,0.0,5.86,-79.26,-0.1,5.856,-70.5331,0.0,5.86,-67.71,0.0,5.848,-56.7902,0.2,5.86,-58.283,0.1,5.848,-59.9528,0.2,5.852,-59.179
,,-54.429,,,-63.9993,,,,,,-67.5802,,,,,,,,,-66.354,,,-46.1888,36.0,5.764,-2.7353,-0.1,5.86,-79.314,0.0,5.86,-70.7626,0.0,5.856,-67.852,-0.1,5.848,-56.7902,0.2,5.86,-58.338,0.1,5.852,-60.0186,0.0,5.852,-59.245
,,-55.832,,,-65.7411,,,,,,-69.7788,,,,,,,,,-69.242,,,-48.9999,31.8,5.776,-5.8539,0.1,5.86,-79.347,0.0,5.856,-70.9266,-0.2,5.856,-67.984,0.0,5.848,-56.7902,0.1,5.86,-61.247,0.3,5.848,-60.0515,0.1,5.852,-59.278
,,-56.525,,,-65.8397,,,,,,-71.7461,,,,,,,,,-69.329,,,-52.6007,28.2,5.788,-6.4237,-0.1,5.86,-79.402,0.0,5.856,-71.0905,0.2,5.852,-70.247,0.1,5.848,-56.8232,0.1,5.86,-61.28,0.0,5.848,-60.0845,0.1,5.852,-59.311
,,-63.423,,,-68.6961,,,,,,-71.7789,,,,,,,,,-71.636,,,-54.5808,24.4,5.796,-6.4237,-0.3,5.856,-80.186,0.2,5.86,-73.8756,-0.1,5.856,-70.378,0.0,5.848,-56.8232,0.1,5.86,-61.312,0.0,5.852,-62.6512,-0.1,5.852,-62.125
,,-63.735,,,-68.7946,,,,,,-73.679,,,,,,,,,-73.787,,,-55.4383,19.4,5.812,-7.0603,-0.2,5.856,-80.219,-0.5,5.856,-74.0064,0.0,5.856,-70.52,0.0,5.848,-56.8232,0.0,5.86,-61.378,0.2,5.848,-62.684,0.1,5.852,-62.158
,,-63.801,,,-71.0576,,,,,,-73.7118,,,,,,,,,-73.864,,,-61.763,16.7,5.792,-8.7018,83.4,5.604,12.736,0.0,5.856,-74.1375,-0.1,5.856,-70.597,-0.1,5.848,-56.8562,-0.1,5.864,-61.444,0.0,5.848,-62.717,0.1,5.852,-62.191
,,-67.315,,,-73.1877,,,,,,-74.8905,,,,,,,,,-75.795,,,-61.9276,9.8,5.812,-15.0919,50.4,5.76,2.684,0.0,5.86,-74.2685,0.3,5.856,-70.717,-0.1,5.848,-56.8891,0.0,5.864,-61.641,0.0,5.852,-62.7828,0.1,5.852,-62.224
,,-69.497,,,-73.2861,,,,,,-74.9233,,,,,,,,,-75.86,,,-61.9604,6.5,5.824,-20.8692,47.3,5.768,0.724,0.0,5.856,-74.3667,-0.1,5.856,-70.848,-0.2,5.848,-58.8002,0.0,5.86,-62.683,-0.1,5.848,-62.8485,0.0,5.852,-62.289
,,-69.694,,,-75.2833,,,,,,,,,,,,,,,-76.962,,,-64.9854,4.9,5.828,-24.3705,41.7,5.78,-2.734,0.0,5.856,-74.4649,0.0,5.856,-71.154,-0.1,5.848,-58.899,0.1,5.86,-62.782,0.1,5.848,-63.0459,0.2,5.852,-62.454
,,-73.494,,,-75.3159,,,,,,,,,,,,,,,-77.016,,,-66.7265,4.3,5.832,-24.4705,37.8,5.788,-4.087,0.1,5.856,-74.825,0.2,5.856,-71.274,0.2,5.848,-58.932,0.0,5.86,-62.848,0.1,5.852,-64.0652,0.0,5.852,-63.408
,,-73.593,,,-76.494,,,,,,,,,,,,,,,,,,-66.9236,4.4,5.832,-26.4028,27.6,5.8,-4.993,0.2,5.856,-74.956,-0.1,5.852,-71.361,0.3,5.848,-59.0307,0.0,5.864,-62.913,-0.1,5.852,-64.1637,0.3,5.852,-63.49
,,-75.655,,,-76.5921,,,,,,,,,,,,,,,,,,-69.8116,3.9,5.832,-28.5004,20.6,5.82,-6.256,-0.1,5.852,-75.0541,0.0,5.856,-71.46,0.0,5.848,-59.0636,0.1,5.86,-63.001,0.1,5.852,-64.2295,0.3,5.856,-63.556
,,-77.373,,,,,,,,,,,,,,,,,,,,,-69.9099,2.6,5.848,-31.8602,18.2,5.8,-8.813,-0.1,5.86,-75.1523,-0.1,5.856,-71.536,-0.1,5.848,-59.1625,-0.1,5.864,-63.056,-0.1,5.848,-64.328,0.0,5.856,-63.654
,,-77.439,,,,,,,,,,,,,,,,,,,,,-72.3032,2.6,5.856,-31.5277,10.6,5.82,-13.231,-0.1,5.856,-75.2179,0.1,5.856,-71.635,-0.3,5.848,-59.2283,0.0,5.86,-63.111,-0.2,5.848,-64.3938,0.2,5.852,-63.703
,,-78.96,,,,,,,,,,,,,,,,,,,,,-74.5632,1.7,5.848,-36.2457,7.5,5.836,-17.764,-0.1,5.856,-75.3159,0.1,5.86,-72.76,0.0,5.848,-59.2942,0.2,5.864,-63.209,0.1,5.852,-64.4596,0.0,5.856,-63.753
,,-78.992,,,,,,,,,,,,,,,,,,,,,-74.6286,2.1,5.848,-36.3454,5.6,5.836,-20.367,-0.2,5.856,-76.3958,-0.1,5.86,-72.88,0.0,5.848,-59.3271,0.4,5.864,-63.264,0.1,5.852,-64.4924,0.0,5.852,-63.818
,,-79.826,,,,,,,,,,,,,,,,,,,,,-76.6247,1.5,5.848,-39.199,5.2,5.836,-20.422,0.0,5.86,-76.4612,-0.1,5.856,-72.934,0.1,5.848,-59.5576,-0.1,5.86,-63.319,0.0,5.848,-64.6239,0.1,5.852,-63.901
,,-79.875,,,,,,,,,,,,,,,,,,,,,-76.6902,1.1,5.848,-42.812,4.8,5.84,-22.012,-0.2,5.86,-76.5266,0.1,5.856,-73.033,-0.2,5.844,-59.5906,-0.4,5.864,-63.385,0.2,5.852,-64.6567,0.1,5.856,-63.95
,,,,,,,,,,,,,,,,,,,,,,,-77.8348,0.9,5.852,-43.4745,4.3,5.84,-23.801,-0.1,5.86,-76.6247,0.2,5.856,-73.109,-0.3,5.844,-59.6564,0.0,5.86,-63.428,-0.1,5.852,-64.7225,0.1,5.856,-64.016
,,,,,,,,,,,,,,,,,,,,,,,-77.9002,0.7,5.844,-45.858,2.4,5.852,-27.365,-0.1,5.856,-76.6902,0.1,5.852,-73.164,-0.2,5.848,-59.7222,-0.1,5.86,-63.516,0.0,5.848,-64.7882,0.3,5.856,-64.081
,,,,,,,,,,,,,,,,,,,,,,,,0.7,5.848,-46.0234,2.5,5.86,-29.176,-0.3,5.856,-76.7229,0.0,5.856,-73.24,-0.2,5.844,-59.7882,0.1,5.864,-63.571,0.0,5.848,-64.854,-0.1,5.852,-64.147
,,,,,,,,,,,,,,,,,,,,,,,,0.8,5.848,-48.8017,1.9,5.856,-32.877,-0.3,5.856,-76.821,0.1,5.856,-73.339,-0.1,5.848,-59.854,-0.1,5.864,-63.626,0.0,5.852,-64.9197,0.2,5.852,-64.197
,,,,,,,,,,,,,,,,,,,,,,,,0.6,5.848,-50.0576,2.0,5.856,-32.966,-0.1,5.86,-76.8865,0.2,5.856,-73.382,-0.1,5.848,-59.9199,0.2,5.86,-63.681,0.1,5.848,-64.9854,0.0,5.852,-64.262
,,,,,,,,,,,,,,,,,,,,,,,,0.5,5.848,-50.1898,1.6,5.856,-35.634,-0.1,5.86,-76.9518,-0.1,5.852,-73.448,-0.1,5.848,-59.9857,0.2,5.864,-63.757,0.0,5.848,-65.0511,0.2,5.852,-64.328
,,,,,,,,,,,,,,,,,,,,,,,,0.5,5.844,-51.1478,1.0,5.852,-38.51,0.0,5.856,-76.9846,0.1,5.852,-73.524,0.1,5.848,-60.0515,-0.1,5.864,-63.823,0.1,5.848,-65.084,0.0,5.856,-64.361
,,,,,,,,,,,,,,,,,,,,,,,,0.9,5.848,-51.9073,1.0,5.856,-39.007,-0.2,5.86,-77.05,-0.1,5.856,-73.601,-0.1,5.848,-60.0845,0.0,5.86,-63.867,-0.1,5.848,-65.1826,0.1,5.856,-64.459
,,,,,,,,,,,,,,,,,,,,,,,,0.2,5.848,-55.3065,0.7,5.856,-40.864,-0.2,5.856,-77.1153,-0.1,5.86,-73.677,-0.2,5.844,-60.1503,-0.1,5.864,-63.922,0.0,5.848,-65.2484,0.2,5.856,-64.509
,,,,,,,,,,,,,,,,,,,,,,,,0.1,5.848,-57.1198,0.9,5.852,-41.018,-0.2,5.856,-77.2135,0.0,5.856,-73.743,0.0,5.848,-60.2161,0.0,5.864,-63.987,0.2,5.848,-65.2812,0.2,5.852,-64.558
,,,,,,,,,,,,,,,,,,,,,,,,0.2,5.852,-58.5037,0.7,5.856,-43.116,-0.1,5.86,-77.2462,-0.1,5.86,-73.797,-0.1,5.848,-60.282,-0.1,5.86,-64.042,0.1,5.852,-65.3468,0.2,5.852,-64.624
,,,,,,,,,,,,,,,,,,,,,,,,0.3,5.848,-59.0636,0.9,5.852,-44.341,0.0,5.856,-77.3116,-0.2,5.852,-73.874,-0.2,5.844,-60.3478,0.1,5.86,-64.108,0.1,5.852,-65.4126,0.1,5.856,-64.69
,,,,,,,,,,,,,,,,,,,,,,,,0.4,5.852,-59.2613,0.4,5.856,-44.429,0.2,5.86,-77.3444,0.1,5.856,-74.987,0.0,5.848,-60.4137,0.1,5.864,-64.163,0.1,5.852,-65.4455,0.1,5.856,-64.739
,,,,,,,,,,,,,,,,,,,,,,,,0.0,5.848,-66.1353,0.6,5.852,-45.743,-0.3,5.86,-78.3578,0.2,5.856,-75.03,-0.1,5.848,-60.4466,0.0,5.86,-64.206,0.1,5.848,-65.5112,-0.1,5.852,-64.788
,,,,,,,,,,,,,,,,,,,,,,,,0.2,5.848,-66.5623,0.4,5.852,-46.835,-0.4,5.856,-78.3905,-0.3,5.856,-75.085,-0.2,5.848,-60.5125,0.0,5.86,-64.25,0.1,5.852,-65.5769,-0.1,5.852,-64.854
,,,,,,,,,,,,,,,,,,,,,,,,0.0,5.852,-66.6279,0.5,5.856,-50.362,0.3,5.856,-78.4231,-0.2,5.856,-75.15,0.0,5.844,-62.8815,0.0,5.864,-64.338,-0.1,5.848,-65.6425,-0.1,5.852,-64.903
,,,,,,,,,,,,,,,,,,,,,,,,0.2,5.848,-70.6315,0.3,5.86,-52.608,0.0,5.856,-78.4559,0.0,5.856,-75.238,-0.1,5.848,-62.9144,-0.1,5.864,-64.382,0.2,5.848,-65.6754,0.0,5.852,-64.969
,,,,,,,,,,,,,,,,,,,,,,,,0.1,5.852,-73.2533,0.3,5.86,-55.117,-0.2,5.856,-78.554,0.1,5.856,-75.303,-0.3,5.848,-62.9473,-0.1,5.86,-64.426,0.1,5.848,-65.774,0.4,5.856,-65.035
,,,,,,,,,,,,,,,,,,,,,,,,0.1,5.852,-73.5481,0.3,5.86,-56.382,-0.1,5.856,-78.5866,-0.3,5.856,-75.347,-0.2,5.848,-63.0459,0.1,5.86,-64.491,0.2,5.848,-65.8397,0.2,5.852,-65.1
,,,,,,,,,,,,,,,,,,,,,,,,-0.1,5.848,-78.2925,0.3,5.856,-56.976,-0.1,5.86,-78.652,0.0,5.86,-75.401,-0.2,5.848,-63.1117,-0.4,5.864,-64.557,-0.3,5.848,-65.8726,0.0,5.856,-65.133
,,,,,,,,,,,,,,,,,,,,,,,,0.1,5.848,-78.3905,0.1,5.86,-63.801,-0.1,5.856,-78.6847,0.0,5.856,-75.434,0.0,5.848,-63.3418,0.1,5.864,-64.612,0.1,5.848,-65.9383,0.0,5.852,-65.199
,,,,,,,,,,,,,,,,,,,,,,,,0.0,5.852,-80.253,0.2,5.856,-64.097,0.0,5.86,-78.7173,0.0,5.856,-75.51,-0.1,5.848,-64.5582,0.0,5.86,-64.667,0.1,5.848,-66.0039,0.1,5.852,-65.265
,,,,,,,,,,,,,,,,,,,,,,,,0.5,5.848,-81.5591,0.1,5.856,-64.174,-0.1,5.856,-78.7827,0.1,5.856,-75.587,-0.3,5.848,-64.6567,0.1,5.86,-64.7,-0.2,5.848,-66.0368,0.1,5.852,-65.314
,,,,,,,,,,,,,,,,,,,,,,,,-0.1,5.852,-81.5917,0.0,5.86,-67.798,-0.1,5.856,-78.8481,0.1,5.86,-75.62,-0.1,5.848,-64.7225,0.2,5.864,-64.765,-0.2,5.852,-66.1025,0.1,5.856,-65.38
,,,,,,,,,,,,,,,,,,,,,,,,0.1,5.852,-82.6361,-0.1,5.856,-70.072,0.0,5.856,-78.8808,-0.1,5.856,-75.696,-0.2,5.848,-64.7882,-0.1,5.86,-64.831,0.0,5.848,-66.1353,0.2,5.852,-65.412
,,,,,,,,,,,,,,,,,,,,,,,,0.1,5.852,-82.6686,0.2,5.856,-70.28,-0.4,5.86,-78.9134,0.0,5.856,-75.74,0.0,5.848,-64.8869,0.2,5.86,-64.875,0.0,5.852,-66.201,0.2,5.852,-65.478
,,,,,,,,,,,,,,,,,,,,,,,,0.4,5.848,-83.158,-0.1,5.856,-74.134,0.1,5.856,-78.9789,0.0,5.856,-77.136,-0.3,5.848,-64.9526,0.2,5.86,-64.941,0.2,5.852,-66.2668,0.1,5.852,-65.528
,,,,,,,,,,,,,,,,,,,,,,,,0.0,5.848,-83.158,0.0,5.856,-74.222,-0.1,5.86,-80.1223,-0.3,5.86,-77.19,0.0,5.848,-65.0183,0.1,5.86,-66.32,0.0,5.848,-66.2994,-0.3,5.852,-65.577
,,,,,,,,,,,,,,,,,,,,,,,,,,,0.1,5.856,-76.24,-0.2,5.86,-80.1877,-0.1,5.86,-77.234,0.0,5.848,-65.084,0.1,5.864,-66.43,0.1,5.848,-66.3981,0.4,5.856,-65.659
,,,,,,,,,,,,,,,,,,,,,,,,,,,-0.3,5.86,-77.919,-0.3,5.86,-80.1877,0.1,5.856,-77.288,-0.2,5.848,-65.1826,0.0,5.86,-66.528,0.1,5.848,-67.7771,0.1,5.852,-67.038
,,,,,,,,,,,,,,,,,,,,,,,,,,,0.1,5.856,-77.985,-0.1,5.86,-80.2202,0.1,5.856,-77.332,0.0,5.852,-65.2484,0.0,5.864,-66.638,-0.1,5.848,-67.9085,0.3,5.856,-67.153
,,,,,,,,,,,,,,,,,,,,,,,,,,,-0.1,5.856,-79.445,-0.1,5.86,-80.2857,0.1,5.856,-77.386,0.0,5.848,-65.3139,0.1,5.86,-66.747,0.0,5.848,-68.0069,0.1,5.856,-67.235
,,,,,,,,,,,,,,,,,,,,,,,,,,,0.2,5.86,-79.467,0.0,5.86,-80.3183,0.3,5.86,-77.452,0.0,5.844,-65.3139,0.2,5.86,-68.64,-0.1,5.848,-68.1382,-0.1,5.856,-67.35
,,,,,,,,,,,,,,,,,,,,,,,,,,,0.1,5.86,-80.24,-0.3,5.86,-80.3835,0.1,5.86,-78.367,0.1,5.848,-65.4455,0.0,5.86,-68.771,-0.1,5.848,-68.2695,-0.1,5.856,-67.465
,,,,,,,,,,,,,,,,,,,,,,,,,,,0.0,5.856,-80.262,0.0,5.86,-81.0694,0.0,5.856,-78.367,0.0,5.848,-65.4782,-0.1,5.864,-68.892,0.0,5.852,-70.1724,0.2,5.852,-69.27
,,,,,,,,,,,,,,,,,,,,,,,,,,,,,,0.0,5.86,-81.0366,46.5,5.644,14.162,0.0,5.848,-65.544,0.2,5.864,-68.99,-0.2,5.848,-70.3036,0.1,5.852,-69.401
,,,,,,,,,,,,,,,,,,,,,,,,,,,,,,38.0,5.624,11.7572,31.7,5.784,5.105,-0.4,5.848,-65.6098,0.2,5.86,-69.099,-0.3,5.848,-70.4347,0.2,5.856,-69.533
,,,,,,,,,,,,,,,,,,,,,,,,,,,,,,29.1,5.772,1.732,29.8,5.788,3.277,-0.2,5.848,-65.6754,0.1,5.864,-69.198,0.2,5.848,-70.5659,0.2,5.852,-69.631
,,,,,,,,,,,,,,,,,,,,,,,,,,,,,,27.6,5.776,-0.0839,26.3,5.8,-0.193,-0.1,5.848,-65.7411,0.0,5.864,-69.493,-0.1,5.848,-70.6643,-0.1,5.852,-69.746
,,,,,,,,,,,,,,,,,,,,,,,,,,,,,,24.7,5.788,-3.574,25.2,5.8,-1.839,0.0,5.848,-65.774,-0.2,5.86,-69.613,0.1,5.848,-70.7626,0.1,5.856,-69.844
,,,,,,,,,,,,,,,,,,,,,,,,,,,,,,23.2,5.8,-5.0494,23.2,5.812,-3.193,-0.2,5.848,-65.8397,0.1,5.86,-69.701,0.0,5.848,-71.0905,0.2,5.852,-70.156
,,,,,,,,,,,,,,,,,,,,,,,,,,,,,,20.9,5.804,-5.787,20.9,5.824,-4.624,0.0,5.848,-65.9054,0.0,5.86,-69.788,0.2,5.848,-71.1888,0.2,5.856,-70.254
,,,,,,,,,,,,,,,,,,,,,,,,,,,,,,16.9,5.82,-6.5242,16.5,5.808,-6.658,-0.1,5.848,-65.971,-0.2,5.864,-69.898,-0.1,5.848,-71.2872,0.1,5.852,-70.353
,,,,,,,,,,,,,,,,,,,,,,,,,,,,,,12.4,5.8,-7.7974,7.8,5.824,-9.939,-0.1,5.848,-66.0368,0.1,5.864,-69.996,0.0,5.848,-71.3854,0.1,5.856,-70.451
,,,,,,,,,,,,,,,,,,,,,,,,,,,,,,6.2,5.824,-11.8482,5.7,5.836,-13.753,-0.2,5.848,-66.0696,0.1,5.86,-71.165,-0.1,5.852,-71.4839,0.0,5.856,-70.549
,,,,,,,,,,,,,,,,,,,,,,,,,,,,,,4.1,5.836,-17.6312,4.0,5.84,-16.327,-0.1,5.852,-66.1353,0.2,5.864,-71.253,-0.1,5.848,-71.5822,-0.1,5.852,-70.648
,,,,,,,,,,,,,,,,,,,,,,,,,,,,,,3.1,5.84,-20.7357,3.8,5.84,-16.416,-0.3,5.848,-66.1682,0.1,5.864,-71.329,0.2,5.848,-72.8274,0.2,5.856,-71.877
,,,,,,,,,,,,,,,,,,,,,,,,,,,,,,2.9,5.84,-20.8358,3.2,5.844,-18.197,-0.1,5.848,-66.2668,0.0,5.86,-71.417,0.1,5.852,-72.893,0.1,5.852,-71.975
,,,,,,,,,,,,,,,,,,,,,,,,,,,,,,2.5,5.84,-22.8037,2.7,5.844,-20.456,-0.2,5.848,-66.2668,-0.1,5.864,-71.482,0.0,5.848,-72.9912,0.1,5.856,-72.057
,,,,,,,,,,,,,,,,,,,,,,,,,,,,,,2.4,5.844,-25.037,1.5,5.852,-24.912,-0.1,5.848,-66.3324,-0.1,5.86,-71.581,0.1,5.852,-73.0895,0.2,5.852,-72.139
,,,,,,,,,,,,,,,,,,,,,,,,,,,,,,1.3,5.856,-29.3324,1.5,5.86,-27.489,-0.1,5.848,-66.3981,-0.1,5.86,-71.646,-0.1,5.852,-73.155,0.0,5.856,-72.221
,,,,,,,,,,,,,,,,,,,,,,,,,,,,,,1.0,5.86,-30.2307,1.0,5.852,-30.793,-0.2,5.844,-66.4637,0.0,5.86,-71.744,0.0,5.848,-73.2533,0.2,5.852,-72.319
,,,,,,,,,,,,,,,,,,,,,,,,,,,,,,1.0,5.86,-34.6517,1.1,5.856,-30.86,0.0,5.848,-66.4967,0.0,5.86,-71.821,0.1,5.852,-73.3188,0.1,5.856,-72.385
,,,,,,,,,,,,,,,,,,,,,,,,,,,,,,0.8,5.856,-34.7181,0.8,5.856,-33.574,-0.2,5.848,-66.5623,0.1,5.864,-71.908,-0.1,5.852,-73.4171,0.3,5.856,-72.5
,,,,,,,,,,,,,,,,,,,,,,,,,,,,,,0.7,5.856,-37.507,0.7,5.856,-36.087,0.0,5.844,-66.5952,0.0,5.864,-71.974,-0.1,5.852,-73.4826,0.3,5.852,-72.565
,,,,,,,,,,,,,,,,,,,,,,,,,,,,,,0.6,5.856,-40.7575,0.6,5.856,-36.474,0.0,5.848,-66.6609,0.1,5.864,-72.072,0.0,5.852,-73.6136,0.1,5.852,-72.663
,,,,,,,,,,,,,,,,,,,,,,,,,,,,,,0.6,5.86,-41.2214,0.5,5.856,-38.189,-0.1,5.848,-66.7265,0.1,5.86,-72.127,0.0,5.848,-73.6463,0.1,5.852,-72.729
,,,,,,,,,,,,,,,,,,,,,,,,,,,,,,0.3,5.856,-42.812,0.4,5.852,-38.31,0.0,5.848,-66.7921,0.1,5.864,-72.203,0.1,5.848,-73.7446,0.1,5.856,-72.811
,,,,,,,,,,,,,,,,,,,,,,,,,,,,,,0.5,5.856,-42.9776,0.6,5.852,-40.079,-0.1,5.848,-66.825,0.1,5.864,-72.28,0.3,5.848,-73.81,0.2,5.856,-72.876
,,,,,,,,,,,,,,,,,,,,,,,,,,,,,,0.2,5.852,-45.163,0.6,5.852,-41.272,0.1,5.848,-68.1711,-0.1,5.864,-72.356,0.2,5.852,-73.8756,0.0,5.856,-72.958
,,,,,,,,,,,,,,,,,,,,,,,,,,,,,,0.3,5.852,-46.3543,0.5,5.856,-41.382,0.0,5.848,-68.3023,0.1,5.86,-73.568,0.0,5.852,-73.941,-0.1,5.856,-73.024
,,,,,,,,,,,,,,,,,,,,,,,,,,,,,,0.1,5.852,-46.4536,0.3,5.852,-42.851,0.0,5.848,-68.4008,0.0,5.86,-73.656,-0.3,5.848,-74.0393,0.2,5.852,-73.122
,,,,,,,,,,,,,,,,,,,,,,,,,,,,,,0.3,5.856,-47.7437,0.4,5.856,-44.088,-0.1,5.848,-68.5321,0.1,5.864,-73.71,0.2,5.852,-75.2833,0.1,5.852,-74.416
,,,,,,,,,,,,,,,,,,,,,,,,,,,,,,0.3,5.856,-48.8017,0.4,5.856,-47.563,-0.1,5.848,-68.6634,0.0,5.86,-73.765,0.1,5.852,-75.3814,0.0,5.856,-74.498
,,,,,,,,,,,,,,,,,,,,,,,,,,,,,,0.3,5.856,-52.2706,0.1,5.856,-50.076,-0.2,5.848,-70.8282,0.0,5.864,-73.852,0.1,5.852,-75.4142,0.0,5.852,-74.563
,,,,,,,,,,,,,,,,,,,,,,,,,,,,,,0.2,5.86,-54.3828,0.0,5.852,-52.983,0.0,5.844,-70.9594,0.0,5.864,-73.918,0.2,5.852,-75.4796,0.1,5.852,-74.628
,,,,,,,,,,,,,,,,,,,,,,,,,,,,,,0.1,5.856,-56.4935,0.3,5.86,-54.612,-0.3,5.852,-71.0905,0.2,5.86,-73.972,-0.2,5.852,-75.5778,0.1,5.852,-74.71
,,,,,,,,,,,,,,,,,,,,,,,,,,,,,,0.1,5.86,-57.4823,0.2,5.856,-55.338,0.1,5.848,-71.1888,-0.2,5.86,-74.049,-0.1,5.848,-75.6432,-0.1,5.852,-74.776
,,,,,,,,,,,,,,,,,,,,,,,,,,,,,,-0.2,5.86,-57.8778,0.1,5.856,-62.179,-0.1,5.848,-71.32,0.0,5.86,-74.114,0.0,5.848,-75.6761,-0.2,5.856,-74.825
,,,,,,,,,,,,,,,,,,,,,,,,,,,,,,-0.1,5.856,-64.5582,-0.1,5.856,-62.42,0.0,5.848,-71.4183,0.0,5.86,-74.158,-0.2,5.852,-75.7414,-0.1,5.856,-74.907
,,,,,,,,,,,,,,,,,,,,,,,,,,,,,,-0.2,5.86,-64.821,0.1,5.856,-62.486,-0.2,5.848,-71.7132,0.0,5.864,-74.223,0.0,5.848,-75.8396,0.2,5.852,-74.989
,,,,,,,,,,,,,,,,,,,,,,,,,,,,,,0.1,5.856,-64.9197,0.1,5.86,-66.035,0.1,5.848,-71.8444,0.2,5.86,-74.311,-0.4,5.848,-75.8723,0.0,5.856,-75.038
,,,,,,,,,,,,,,,,,,,,,,,,,,,,,,-0.2,5.856,-68.7617,-0.1,5.856,-68.104,-0.1,5.848,-71.9427,-0.1,5.86,-74.354,0.1,5.848,-75.9378,0.2,5.856,-75.103
,,,,,,,,,,,,,,,,,,,,,,,,,,,,,,-0.4,5.86,-71.2216,0.0,5.856,-68.312,-0.1,5.848,-72.041,-0.2,5.86,-74.42,-0.1,5.848,-76.0359,-0.1,5.852,-75.185
,,,,,,,,,,,,,,,,,,,,,,,,,,,,,,0.1,5.856,-71.4511,0.0,5.856,-71.733,0.1,5.848,-72.1393,0.0,5.864,-75.98,-0.1,5.848,-76.0686,0.2,5.856,-75.234
,,,,,,,,,,,,,,,,,,,,,,,,,,,,,,-0.3,5.856,-75.4142,0.0,5.856,-71.831,-0.2,5.848,-72.2704,0.2,5.864,-76.035,0.1,5.852,-76.134,-0.1,5.856,-75.299
,,,,,,,,,,,,,,,,,,,,,,,,,,,,,,-0.2,5.856,-75.4796,0.0,5.856,-73.939,-0.1,5.848,-73.4171,0.2,5.864,-76.1,0.1,5.852,-77.6714,0.0,5.852,-76.952
,,,,,,,,,,,,,,,,,,,,,,,,,,,,,,0.0,5.86,-77.4097,0.1,5.856,-75.783,0.0,5.852,-73.5153,0.1,5.864,-76.165,0.1,5.852,-77.7367,0.0,5.852,-77.001
,,,,,,,,,,,,,,,,,,,,,,,,,,,,,,0.1,5.86,-79.0114,0.2,5.852,-75.838,0.1,5.848,-73.5808,0.1,5.864,-76.22,0.2,5.848,-77.8021,0.1,5.852,-77.083
,,,,,,,,,,,,,,,,,,,,,,,,,,,,,,-0.3,5.86,-79.0768,0.0,5.856,-77.473,0.0,5.848,-73.679,0.1,5.864,-76.274,-0.1,5.852,-77.8675,0.0,5.852,-77.148
,,,,,,,,,,,,,,,,,,,,,,,,,,,,,,0.1,5.856,-80.4162,0.1,5.86,-77.506,0.1,5.848,-73.7446,0.1,5.864,-76.318,-0.2,5.852,-77.9002,0.1,5.852,-77.197
,,,,,,,,,,,,,,,,,,,,,,,,,,,,,,-0.1,5.86,-80.4162,0.0,5.856,-78.422,-0.1,5.848,-73.8427,0.0,5.86,-77.387,-0.3,5.852,-77.9656,0.0,5.852,-77.246
,,,,,,,,,,,,,,,,,,,,,,,,,,,,,,-0.3,5.856,-81.0694,-0.1,5.856,-78.433,0.1,5.848,-73.9084,-0.1,5.86,-77.408,0.0,5.852,-77.9983,0.3,5.856,-77.295
,,,,,,,,,,,,,,,,,,,,,,,,,,,,,,0.0,5.856,-81.0366,,,,0.1,5.848,-74.0064,34.9,5.648,15.916,-0.1,5.852,-79.0114,0.0,5.852,-78.39
,,,,,,,,,,,,,,,,,,,,,,,,,,,,,,,,,,,,0.1,5.848,-74.072,23.4,5.788,7.481,0.2,5.848,-79.0114,0.2,5.852,-78.407
,,,,,,,,,,,,,,,,,,,,,,,,,,,,,,,,,,,,-0.1,5.852,-74.1375,21.2,5.792,5.553,33.9,5.604,15.2632,21.1,5.612,15.87
,,,,,,,,,,,,,,,,,,,,,,,,,,,,,,,,,,,,-0.2,5.848,-74.2357,18.0,5.804,2.102,22.5,5.76,6.4378,16.2,5.768,6.892
,,,,,,,,,,,,,,,,,,,,,,,,,,,,,,,,,,,,-0.2,5.848,-74.3012,16.0,5.808,0.567,20.8,5.764,4.2857,15.5,5.772,4.723
,,,,,,,,,,,,,,,,,,,,,,,,,,,,,,,,,,,,0.1,5.848,-74.3667,12.2,5.82,-1.056,17.7,5.78,0.758,14.0,5.784,0.892
,,,,,,,,,,,,,,,,,,,,,,,,,,,,,,,,,,,,-0.2,5.848,-74.4322,7.9,5.832,-2.847,15.5,5.784,-0.6211,12.7,5.788,-0.638
,,,,,,,,,,,,,,,,,,,,,,,,,,,,,,,,,,,,-0.1,5.848,-74.5304,7.1,5.816,-4.681,10.6,5.796,-2.1984,10.6,5.804,-2.5
,,,,,,,,,,,,,,,,,,,,,,,,,,,,,,,,,,,,-0.1,5.848,-74.5959,4.0,5.832,-6.959,7.1,5.816,-4.01,7.8,5.816,-4.546
,,,,,,,,,,,,,,,,,,,,,,,,,,,,,,,,,,,,-0.2,5.848,-75.7414,2.7,5.844,-9.717,5.7,5.796,-4.513,5.3,5.8,-6.775
,,,,,,,,,,,,,,,,,,,,,,,,,,,,,,,,,,,,-0.1,5.848,-75.8068,2.3,5.844,-12.239,2.9,5.816,-5.8539,2.9,5.82,-8.433
,,,,,,,,,,,,,,,,,,,,,,,,,,,,,,,,,,,,-0.1,5.848,-75.8723,1.8,5.844,-12.361,2.1,5.828,-9.0031,2.0,5.828,-11.095
,,,,,,,,,,,,,,,,,,,,,,,,,,,,,,,,,,,,-0.1,5.848,-75.9378,1.7,5.848,-14.523,1.6,5.832,-12.3166,1.3,5.836,-13.587
,,,,,,,,,,,,,,,,,,,,,,,,,,,,,,,,,,,,-0.3,5.848,-76.0032,1.4,5.848,-17.418,1.3,5.832,-12.4839,1.2,5.836,-13.688
,,,,,,,,,,,,,,,,,,,,,,,,,,,,,,,,,,,,0.1,5.848,-76.0686,0.6,5.86,-23.133,1.3,5.832,-15.6602,1.2,5.836,-15.827
,,,,,,,,,,,,,,,,,,,,,,,,,,,,,,,,,,,,-0.2,5.848,-76.134,0.8,5.864,-27.3,1.2,5.836,-19.7012,0.9,5.84,-18.599
,,,,,,,,,,,,,,,,,,,,,,,,,,,,,,,,,,,,-0.3,5.848,-76.1995,0.5,5.864,-29.873,0.7,5.848,-26.9356,0.5,5.852,-24.686
,,,,,,,,,,,,,,,,,,,,,,,,,,,,,,,,,,,,-0.1,5.848,-76.265,0.4,5.864,-29.951,0.6,5.852,-29.9645,0.9,5.86,-28.966
,,,,,,,,,,,,,,,,,,,,,,,,,,,,,,,,,,,,-0.2,5.848,-76.2976,0.3,5.864,-32.678,0.3,5.848,-32.5583,0.6,5.852,-31.195
,,,,,,,,,,,,,,,,,,,,,,,,,,,,,,,,,,,,-0.1,5.848,-76.3631,0.2,5.86,-34.903,0.6,5.848,-32.6248,0.3,5.852,-31.261
,,,,,,,,,,,,,,,,,,,,,,,,,,,,,,,,,,,,-0.2,5.848,-76.4285,0.3,5.864,-35.258,0.3,5.848,-35.4488,0.4,5.852,-33.904
,,,,,,,,,,,,,,,,,,,,,,,,,,,,,,,,,,,,-0.2,5.852,-76.494,0.2,5.86,-37.006,0.2,5.848,-37.8057,0.4,5.848,-36.029
,,,,,,,,,,,,,,,,,,,,,,,,,,,,,,,,,,,,-0.2,5.848,-76.5594,0.3,5.86,-37.117,0.1,5.852,-38.1707,0.2,5.852,-36.361
,,,,,,,,,,,,,,,,,,,,,,,,,,,,,,,,,,,,-0.1,5.848,-77.9983,0.4,5.86,-38.731,0.2,5.848,-39.9949,0.5,5.852,-38.137
,,,,,,,,,,,,,,,,,,,,,,,,,,,,,,,,,,,,0.0,5.848,-78.0309,0.4,5.856,-39.958,0.3,5.848,-40.0944,0.2,5.852,-38.253
,,,,,,,,,,,,,,,,,,,,,,,,,,,,,,,,,,,,-0.3,5.848,-78.0962,0.1,5.86,-40.08,0.4,5.844,-41.785,0.5,5.852,-39.829
,,,,,,,,,,,,,,,,,,,,,,,,,,,,,,,,,,,,0.1,5.848,-78.1617,0.2,5.856,-41.671,0.0,5.844,-43.0438,-0.1,5.852,-41.072
,,,,,,,,,,,,,,,,,,,,,,,,,,,,,,,,,,,,0.1,5.848,-78.2271,0.1,5.856,-43.04,0.2,5.848,-43.1764,0.2,5.852,-41.221
,,,,,,,,,,,,,,,,,,,,,,,,,,,,,,,,,,,,-0.1,5.848,-78.2597,-0.1,5.86,-46.472,0.2,5.844,-44.7658,0.0,5.852,-42.861
,,,,,,,,,,,,,,,,,,,,,,,,,,,,,,,,,,,,0.1,5.848,-78.2925,0.2,5.86,-49.096,-0.1,5.844,-46.1228,0.1,5.852,-44.335
,,,,,,,,,,,,,,,,,,,,,,,,,,,,,,,,,,,,-0.1,5.848,-79.2401,0.3,5.864,-52.29,0.2,5.848,-49.3967,0.3,5.852,-47.793
,,,,,,,,,,,,,,,,,,,,,,,,,,,,,,,,,,,,0.0,5.848,-79.2729,0.2,5.86,-54.084,0.1,5.848,-51.9404,0.2,5.856,-50.47
,,,,,,,,,,,,,,,,,,,,,,,,,,,,,,,,,,,,24.0,5.612,14.8923,0.2,5.86,-54.898,0.3,5.848,-54.7787,0.2,5.852,-53.69
,,,,,,,,,,,,,,,,,,,,,,,,,,,,,,,,,,,,18.9,5.76,5.8323,0.2,5.864,-61.51,0.0,5.848,-56.2298,0.0,5.852,-55.405
,,,,,,,,,,,,,,,,,,,,,,,,,,,,,,,,,,,,17.6,5.768,3.9494,0.1,5.864,-61.696,-0.2,5.848,-56.8562,0.2,5.852,-56.147
,,,,,,,,,,,,,,,,,,,,,,,,,,,,,,,,,,,,15.4,5.78,0.4564,0.1,5.86,-61.762,-0.1,5.848,-62.9144,-0.1,5.856,-62.339
,,,,,,,,,,,,,,,,,,,,,,,,,,,,,,,,,,,,14.4,5.788,-1.091,0.1,5.864,-64.995,0.3,5.848,-63.0788,0.2,5.852,-62.503
,,,,,,,,,,,,,,,,,,,,,,,,,,,,,,,,,,,,11.0,5.796,-2.5676,0.0,5.86,-66.857,-0.1,5.852,-63.1445,0.3,5.852,-62.552
,,,,,,,,,,,,,,,,,,,,,,,,,,,,,,,,,,,,7.8,5.812,-3.8757,0.1,5.86,-67.043,-0.1,5.848,-66.4309,0.1,5.852,-65.708
,,,,,,,,,,,,,,,,,,,,,,,,,,,,,,,,,,,,4.7,5.796,-4.4794,0.2,5.864,-70.083,0.0,5.852,-68.3351,-0.1,5.856,-67.531
,,,,,,,,,,,,,,,,,,,,,,,,,,,,,,,,,,,,2.8,5.812,-5.7534,-0.2,5.86,-70.171,0.1,5.848,-68.5321,0.2,5.856,-67.728
,,,,,,,,,,,,,,,,,,,,,,,,,,,,,,,,,,,,1.9,5.828,-9.4049,0.0,5.86,-72.411,0.2,5.848,-71.6805,-0.1,5.852,-70.746
,,,,,,,,,,,,,,,,,,,,,,,,,,,,,,,,,,,,1.3,5.832,-12.4504,-0.3,5.86,-74.463,0.1,5.852,-71.7789,0.1,5.852,-70.844
,,,,,,,,,,,,,,,,,,,,,,,,,,,,,,,,,,,,1.4,5.832,-12.6176,-0.2,5.864,-74.54,-0.1,5.848,-74.1048,0.2,5.852,-73.204
,,,,,,,,,,,,,,,,,,,,,,,,,,,,,,,,,,,,0.8,5.832,-15.259,0.1,5.864,-76.362,0.1,5.848,-76.1668,0.0,5.856,-75.365
,,,,,,,,,,,,,,,,,,,,,,,,,,,,,,,,,,,,1.2,5.832,-19.0336,0.0,5.864,-76.427,-0.2,5.848,-76.265,0.2,5.856,-75.447
,,,,,,,,,,,,,,,,,,,,,,,,,,,,,,,,,,,,0.4,5.844,-26.2363,0.0,5.86,-77.452,-0.2,5.848,-78.0309,0.2,5.856,-77.328
,,,,,,,,,,,,,,,,,,,,,,,,,,,,,,,,,,,,0.4,5.852,-29.6651,0.2,5.86,-77.496,0.0,5.848,-78.0962,0.0,5.856,-77.393
,,,,,,,,,,,,,,,,,,,,,,,,,,,,,,,,,,,,0.2,5.848,-32.658,,,,0.0,5.848,-79.0768,0.1,5.856,-78.456
,,,,,,,,,,,,,,,,,,,,,,,,,,,,,,,,,,,,0.0,5.848,-32.7245,,,,0.3,5.848,-79.1095,-0.1,5.856,-78.505
,,,,,,,,,,,,,,,,,,,,,,,,,,,,,,,,,,,,0.1,5.848,-35.5816,,,,,,,,,
,,,,,,,,,,,,,,,,,,,,,,,,,,,,,,,,,,,,-0.1,5.848,-38.071,,,,,,,,,
,,,,,,,,,,,,,,,,,,,,,,,,,,,,,,,,,,,,0.2,5.848,-38.4693,,,,,,,,,
,,,,,,,,,,,,,,,,,,,,,,,,,,,,,,,,,,,,-0.1,5.848,-40.3265,,,,,,,,,
,,,,,,,,,,,,,,,,,,,,,,,,,,,,,,,,,,,,0.2,5.848,-40.426,,,,,,,,,
,,,,,,,,,,,,,,,,,,,,,,,,,,,,,,,,,,,,0.2,5.844,-42.2488,,,,,,,,,
,,,,,,,,,,,,,,,,,,,,,,,,,,,,,,,,,,,,0.2,5.848,-43.5406,,,,,,,,,
,,,,,,,,,,,,,,,,,,,,,,,,,,,,,,,,,,,,0.2,5.844,-43.6732,,,,,,,,,
,,,,,,,,,,,,,,,,,,,,,,,,,,,,,,,,,,,,0.0,5.844,-45.2292,,,,,,,,,
,,,,,,,,,,,,,,,,,,,,,,,,,,,,,,,,,,,,-0.1,5.844,-46.4867,,,,,,,,,
,,,,,,,,,,,,,,,,,,,,,,,,,,,,,,,,,,,,-0.1,5.848,-49.7932,,,,,,,,,
,,,,,,,,,,,,,,,,,,,,,,,,,,,,,,,,,,,,0.0,5.848,-52.2375,,,,,,,,,
,,,,,,,,,,,,,,,,,,,,,,,,,,,,,,,,,,,,0.2,5.848,-54.9436,,,,,,,,,
,,,,,,,,,,,,,,,,,,,,,,,,,,,,,,,,,,,,-0.1,5.848,-56.3287,,,,,,,,,
,,,,,,,,,,,,,,,,,,,,,,,,,,,,,,,,,,,,-0.2,5.848,-56.8891,,,,,,,,,
,,,,,,,,,,,,,,,,,,,,,,,,,,,,,,,,,,,,-0.2,5.848,-63.1774,,,,,,,,,
,,,,,,,,,,,,,,,,,,,,,,,,,,,,,,,,,,,,-0.3,5.848,-63.4076,,,,,,,,,
,,,,,,,,,,,,,,,,,,,,,,,,,,,,,,,,,,,,0.0,5.844,-63.4734,,,,,,,,,
,,,,,,,,,,,,,,,,,,,,,,,,,,,,,,,,,,,,-0.2,5.848,-66.8907,,,,,,,,,
,,,,,,,,,,,,,,,,,,,,,,,,,,,,,,,,,,,,-0.3,5.848,-68.7946,,,,,,,,,
,,,,,,,,,,,,,,,,,,,,,,,,,,,,,,,,,,,,0.2,5.848,-68.9915,,,,,,,,,
,,,,,,,,,,,,,,,,,,,,,,,,,,,,,,,,,,,,-0.3,5.848,-72.336,,,,,,,,,
,,,,,,,,,,,,,,,,,,,,,,,,,,,,,,,,,,,,0.0,5.848,-72.4343,,,,,,,,,
,,,,,,,,,,,,,,,,,,,,,,,,,,,,,,,,,,,,-0.1,5.848,-74.6286,,,,,,,,,
,,,,,,,,,,,,,,,,,,,,,,,,,,,,,,,,,,,,-0.1,5.848,-76.5921,,,,,,,,,
,,,,,,,,,,,,,,,,,,,,,,,,,,,,,,,,,,,,-0.2,5.848,-76.6575,,,,,,,,,
,,,,,,,,,,,,,,,,,,,,,,,,,,,,,,,,,,,,-0.3,5.848,-78.3252,,,,,,,,,
,,,,,,,,,,,,,,,,,,,,,,,,,,,,,,,,,,,,0.1,5.848,-78.3905,,,,,,,,,
,,,,,,,,,,,,,,,,,,,,,,,,,,,,,,,,,,,,-0.2,5.848,-79.3056,,,,,,,,,
,,,,,,,,,,,,,,,,,,,,,,,,,,,,,,,,,,,,-0.1,5.848,-79.3383,,,,,,,,,
