Cell 1 Timestamp,DNEpct Cell 1 Current,DNEpct Cell 1 Voltage,DNEpct Cell 1 Temp,Cell 1 Resistance,Cell 2 Timestamp,DNEpct Cell 2 Current,DNEpct Cell 2 Voltage,DNEpct Cell 2 Temp,Cell 2 Resistance,Cell 3 Timestamp,DNEpct Cell 3 Current,DNEpct Cell 3 Voltage,DNEpct Cell 3 Temp,Cell 3 Resistance,Cell 4 Timestamp,DNEpct Cell 4 Current,DNEpct Cell 4 Voltage,DNEpct Cell 4 Temp,Cell 4 Resistance,Cell 5 Timestamp,DNEpct Cell 5 Current,DNEpct Cell 5 Voltage,DNEpct Cell 5 Temp,Cell 5 Resistance,Cell 6 Timestamp,DNEpct Cell 6 Current,DNEpct Cell 6 Voltage,DNEpct Cell 6 Temp,Cell 6 Resistance,Cell 7 Timestamp,DNEpct Cell 7 Current,DNEpct Cell 7 Voltage,DNEpct Cell 7 Temp,Cell 7 Resistance,Cell 8 Timestamp,DNEpct Cell 8 Current,DNEpct Cell 8 Voltage,DNEpct Cell 8 Temp,Cell 8 Resistance,Cell 9 Timestamp,50pct Cell 9 Current,50pct Cell 9 Voltage,50pct Cell 9 Temp,Cell 9 Resistance,Cell 10 Timestamp,50pct Cell 10 Current,50pct Cell 10 Voltage,50pct Cell 10 Temp,Cell 10 Resistance,Cell 11 Timestamp,50pct Cell 11 Current,50pct Cell 11 Voltage,50pct Cell 11 Temp,Cell 11 Resistance,Cell 12 Timestamp,50pct Cell 12 Current,50pct Cell 12 Voltage,50pct Cell 12 Temp,Cell 12 Resistance,Cell 13 Timestamp,50pct Cell 13 Current,50pct Cell 13 Voltage,50pct Cell 13 Temp,Cell 13 Resistance,Cell 14 Timestamp,50pct Cell 14 Current,50pct Cell 14 Voltage,50pct Cell 14 Temp,Cell 14 Resistance,Cell 15 Timestamp,50pct Cell 15 Current,50pct Cell 15 Voltage,50pct Cell 15 Temp,Cell 15 Resistance,Cell 16 Timestamp,50pct Cell 16 Current,50pct Cell 16 Voltage,50pct Cell 16 Temp,Cell 16 Resistance
08-29-2025-Fri 15-30-10-PM,0.2,5.904,-69.926,36.9,08-29-2025-Fri 15-25-28-PM,0.0,5.916,-66.6609,inf,08-29-2025-Fri 15-25-33-PM,0.1,5.916,-66.365,73.95,08-29-2025-Fri 15-30-15-PM,0.2,5.912,-68.4992,36.95,08-29-2025-Fri 15-21-19-PM,0.2,5.904,-63.605,36.9,08-29-2025-Fri 15-25-33-PM,0.2,5.92,-64.9526,37.0,08-29-2025-Fri 15-25-19-PM,0.2,5.908,-65.982,36.925,08-29-2025-Fri 15-30-10-PM,0.2,5.908,-69.0571,36.925,08-29-2025-Fri 15-30-10-PM,0.2,5.904,-70.1724,36.9,08-29-2025-Fri 15-25-28-PM,0.0,5.916,-66.891,inf,08-29-2025-Fri 15-25-33-PM,0.1,5.916,-66.7593,73.95,08-29-2025-Fri 15-30-15-PM,0.2,5.912,-68.893,36.95,08-29-2025-Fri 15-21-19-PM,0.2,5.904,-63.9666,36.9,08-29-2025-Fri 15-25-33-PM,0.2,5.92,-66.037,37.0,08-29-2025-Fri 15-25-19-PM,0.2,5.908,-67.2519,36.925,08-29-2025-Fri 15-30-10-PM,0.2,5.908,-69.697,36.925
08-29-2025-Fri 15-30-12-PM,0.4,5.904,-69.959,18.45,08-29-2025-Fri 15-25-31-PM,0.5,5.916,-66.7265,14.79,08-29-2025-Fri 15-25-35-PM,-0.1,5.916,-66.376,-73.95,08-29-2025-Fri 15-30-17-PM,0.3,5.912,-68.5977,24.6333,08-29-2025-Fri 15-21-22-PM,0.3,5.9,-63.66,24.5833,08-29-2025-Fri 15-25-35-PM,0.6,5.92,-64.9854,12.3333,08-29-2025-Fri 15-25-21-PM,0.3,5.908,-65.982,24.6167,08-29-2025-Fri 15-30-12-PM,0.1,5.912,-69.0571,73.9,08-29-2025-Fri 15-30-12-PM,0.4,5.904,-70.2052,18.45,08-29-2025-Fri 15-25-31-PM,0.5,5.916,-66.945,14.79,08-29-2025-Fri 15-25-35-PM,-0.1,5.916,-66.7593,-73.95,08-29-2025-Fri 15-30-17-PM,0.3,5.912,-68.937,24.6333,08-29-2025-Fri 15-21-22-PM,0.3,5.9,-63.9666,24.5833,08-29-2025-Fri 15-25-35-PM,0.6,5.92,-66.069,12.3333,08-29-2025-Fri 15-25-21-PM,0.3,5.908,-67.1863,24.6167,08-29-2025-Fri 15-30-12-PM,0.1,5.912,-69.828,73.9
08-29-2025-Fri 15-30-15-PM,0.3,5.9,-69.992,24.5833,08-29-2025-Fri 15-25-33-PM,0.4,5.912,-66.7921,18.475,08-29-2025-Fri 15-30-08-PM,0.6,5.908,-69.221,12.3083,08-29-2025-Fri 15-30-19-PM,0.1,5.912,-68.4992,73.9,08-29-2025-Fri 15-21-24-PM,0.5,5.904,-63.649,14.76,08-29-2025-Fri 15-30-08-PM,0.1,5.916,-67.7771,73.95,08-29-2025-Fri 15-25-24-PM,0.4,5.904,-66.015,18.45,08-29-2025-Fri 15-30-15-PM,0.3,5.908,-69.0898,24.6167,08-29-2025-Fri 15-30-15-PM,0.3,5.9,-70.2052,24.5833,08-29-2025-Fri 15-25-33-PM,0.4,5.912,-66.989,18.475,08-29-2025-Fri 15-30-08-PM,0.6,5.908,-69.4836,12.3083,08-29-2025-Fri 15-30-19-PM,0.1,5.912,-68.937,73.9,08-29-2025-Fri 15-21-24-PM,0.5,5.904,-63.9666,14.76,08-29-2025-Fri 15-30-08-PM,0.1,5.916,-68.904,73.95,08-29-2025-Fri 15-25-24-PM,0.4,5.904,-67.1863,18.45,08-29-2025-Fri 15-30-15-PM,0.3,5.908,-69.811,24.6167
08-29-2025-Fri 15-30-17-PM,0.3,5.904,-70.041,24.6,08-29-2025-Fri 15-25-35-PM,0.4,5.916,-66.7593,18.4875,08-29-2025-Fri 15-30-10-PM,0.3,5.908,-69.21,24.6167,08-29-2025-Fri 15-30-22-PM,0.3,5.912,-68.5321,24.6333,08-29-2025-Fri 15-21-27-PM,0.4,5.9,-63.66,18.4375,08-29-2025-Fri 15-30-10-PM,0.2,5.912,-67.81,36.95,08-29-2025-Fri 15-25-26-PM,0.4,5.908,-66.048,18.4625,08-29-2025-Fri 15-30-17-PM,0.3,5.908,-69.0898,24.6167,08-29-2025-Fri 15-30-17-PM,0.3,5.904,-70.2379,24.6,08-29-2025-Fri 15-25-35-PM,0.4,5.916,-66.989,18.4875,08-29-2025-Fri 15-30-10-PM,0.3,5.908,-69.5164,24.6167,08-29-2025-Fri 15-30-22-PM,0.3,5.912,-68.948,24.6333,08-29-2025-Fri 15-21-27-PM,0.4,5.9,-63.9993,18.4375,08-29-2025-Fri 15-30-10-PM,0.2,5.912,-68.926,36.95,08-29-2025-Fri 15-25-26-PM,0.4,5.908,-67.2519,18.4625,08-29-2025-Fri 15-30-17-PM,0.3,5.908,-69.713,24.6167
08-29-2025-Fri 15-30-19-PM,0.2,5.904,-70.025,36.9,08-29-2025-Fri 15-30-08-PM,0.3,5.912,-69.7132,24.6333,08-29-2025-Fri 15-30-12-PM,0.2,5.912,-69.276,36.95,08-29-2025-Fri 15-30-24-PM,0.4,5.908,-68.5649,18.4625,08-29-2025-Fri 15-23-43-PM,0.4,5.9,-64.372,18.4375,08-29-2025-Fri 15-30-12-PM,0.4,5.916,-67.81,18.4875,08-29-2025-Fri 15-25-28-PM,0.7,5.904,-66.124,10.5429,08-29-2025-Fri 15-30-19-PM,0.5,5.908,-69.1227,14.77,08-29-2025-Fri 15-30-19-PM,0.2,5.904,-70.2708,36.9,08-29-2025-Fri 15-30-08-PM,0.3,5.912,-69.779,24.6333,08-29-2025-Fri 15-30-12-PM,0.2,5.912,-69.5492,36.95,08-29-2025-Fri 15-30-24-PM,0.4,5.908,-68.97,18.4625,08-29-2025-Fri 15-23-43-PM,0.4,5.9,-64.7882,18.4375,08-29-2025-Fri 15-30-12-PM,0.4,5.916,-69.013,18.4875,08-29-2025-Fri 15-25-28-PM,0.7,5.904,-67.3832,10.5429,08-29-2025-Fri 15-30-19-PM,0.5,5.908,-69.779,14.77
08-29-2025-Fri 15-30-22-PM,0.4,5.904,-70.025,18.45,08-29-2025-Fri 15-30-10-PM,0.2,5.908,-69.6804,36.925,08-29-2025-Fri 15-30-15-PM,0.2,5.908,-69.265,36.925,08-29-2025-Fri 15-31-46-PM,0.5,5.908,-69.1555,14.77,08-29-2025-Fri 15-25-17-PM,0.5,5.904,-65.183,14.76,08-29-2025-Fri 15-30-15-PM,0.2,5.912,-67.8428,36.95,08-29-2025-Fri 15-25-31-PM,0.6,5.908,-66.135,12.3083,08-29-2025-Fri 15-30-22-PM,0.3,5.908,-69.1555,24.6167,08-29-2025-Fri 15-30-22-PM,0.4,5.904,-70.2708,18.45,08-29-2025-Fri 15-30-10-PM,0.2,5.908,-69.79,36.925,08-29-2025-Fri 15-30-15-PM,0.2,5.908,-69.5164,36.925,08-29-2025-Fri 15-31-46-PM,0.5,5.908,-69.593,14.77,08-29-2025-Fri 15-25-17-PM,0.5,5.904,-65.5112,14.76,08-29-2025-Fri 15-30-15-PM,0.2,5.912,-69.013,36.95,08-29-2025-Fri 15-25-31-PM,0.6,5.908,-67.3176,12.3083,08-29-2025-Fri 15-30-22-PM,0.3,5.908,-69.812,24.6167
08-29-2025-Fri 15-30-24-PM,0.1,5.908,-70.09,73.85,08-29-2025-Fri 15-30-12-PM,0.1,5.912,-69.7132,73.9,08-29-2025-Fri 15-30-17-PM,0.0,5.916,-69.32,inf,08-29-2025-Fri 15-31-49-PM,0.3,5.908,-69.2211,24.6167,08-29-2025-Fri 15-25-19-PM,0.5,5.904,-65.204,14.76,08-29-2025-Fri 15-30-17-PM,0.2,5.916,-67.8428,36.975,08-29-2025-Fri 15-25-33-PM,0.5,5.908,-66.201,14.77,08-29-2025-Fri 15-30-24-PM,0.2,5.908,-69.1555,36.925,08-29-2025-Fri 15-30-24-PM,0.1,5.908,-70.2708,73.85,08-29-2025-Fri 15-30-12-PM,0.1,5.912,-69.823,73.9,08-29-2025-Fri 15-30-17-PM,0.0,5.916,-69.5164,inf,08-29-2025-Fri 15-31-49-PM,0.3,5.908,-69.626,24.6167,08-29-2025-Fri 15-25-19-PM,0.5,5.904,-65.544,14.76,08-29-2025-Fri 15-30-17-PM,0.2,5.916,-68.958,36.975,08-29-2025-Fri 15-25-33-PM,0.5,5.908,-67.4817,14.77,08-29-2025-Fri 15-30-24-PM,0.2,5.908,-69.779,36.925
08-29-2025-Fri 15-31-46-PM,0.1,5.904,-70.648,73.8,08-29-2025-Fri 15-30-15-PM,0.6,5.912,-69.7788,12.3167,08-29-2025-Fri 15-30-19-PM,0.1,5.912,-69.287,73.9,08-29-2025-Fri 15-31-51-PM,0.2,5.912,-69.2868,36.95,08-29-2025-Fri 15-25-21-PM,0.1,5.904,-65.248,73.8,08-29-2025-Fri 15-30-19-PM,0.4,5.916,-67.8757,18.4875,08-29-2025-Fri 15-25-35-PM,0.5,5.908,-66.223,14.77,08-29-2025-Fri 15-31-46-PM,0.3,5.908,-69.7788,24.6167,08-29-2025-Fri 15-31-46-PM,0.1,5.904,-70.861,73.8,08-29-2025-Fri 15-30-15-PM,0.6,5.912,-69.833,12.3167,08-29-2025-Fri 15-30-19-PM,0.1,5.912,-69.5819,73.9,08-29-2025-Fri 15-31-51-PM,0.2,5.912,-69.669,36.95,08-29-2025-Fri 15-25-21-PM,0.1,5.904,-65.5769,73.8,08-29-2025-Fri 15-30-19-PM,0.4,5.916,-69.013,18.4875,08-29-2025-Fri 15-25-35-PM,0.5,5.908,-67.4817,14.77,08-29-2025-Fri 15-31-46-PM,0.3,5.908,-70.353,24.6167
08-29-2025-Fri 15-31-49-PM,0.2,5.908,-70.697,36.925,08-29-2025-Fri 15-30-17-PM,0.1,5.912,-69.8445,73.9,08-29-2025-Fri 15-30-22-PM,0.6,5.912,-69.298,12.3167,08-29-2025-Fri 15-31-53-PM,0.3,5.908,-69.3196,24.6167,08-29-2025-Fri 15-25-24-PM,0.3,5.904,-65.259,24.6,08-29-2025-Fri 15-30-22-PM,0.4,5.916,-67.9085,18.4875,08-29-2025-Fri 15-30-08-PM,0.6,5.904,-69.046,12.3,08-29-2025-Fri 15-31-49-PM,0.1,5.908,-69.7788,73.85,08-29-2025-Fri 15-31-49-PM,0.2,5.908,-70.861,36.925,08-29-2025-Fri 15-30-17-PM,0.1,5.912,-69.866,73.9,08-29-2025-Fri 15-30-22-PM,0.6,5.912,-69.5819,12.3167,08-29-2025-Fri 15-31-53-PM,0.3,5.908,-69.669,24.6167,08-29-2025-Fri 15-25-24-PM,0.3,5.904,-65.5769,24.6,08-29-2025-Fri 15-30-22-PM,0.4,5.916,-69.035,18.4875,08-29-2025-Fri 15-30-08-PM,0.6,5.904,-70.3364,12.3,08-29-2025-Fri 15-31-49-PM,0.1,5.908,-70.484,73.85
08-29-2025-Fri 15-31-51-PM,0.4,5.904,-70.664,18.45,08-29-2025-Fri 15-30-19-PM,0.2,5.912,-69.7788,36.95,08-29-2025-Fri 15-30-24-PM,0.3,5.916,-69.363,24.65,08-29-2025-Fri 15-31-56-PM,0.5,5.908,-69.2539,14.77,08-29-2025-Fri 15-25-26-PM,0.2,5.908,-65.314,36.925,08-29-2025-Fri 15-30-24-PM,0.2,5.916,-67.9085,36.975,08-29-2025-Fri 15-30-10-PM,0.3,5.904,-69.068,24.6,08-29-2025-Fri 15-31-51-PM,0.2,5.908,-69.8116,36.925,08-29-2025-Fri 15-31-51-PM,0.4,5.904,-70.861,18.45,08-29-2025-Fri 15-30-19-PM,0.2,5.912,-69.877,36.95,08-29-2025-Fri 15-30-24-PM,0.3,5.916,-69.6148,24.65,08-29-2025-Fri 15-31-56-PM,0.5,5.908,-69.658,14.77,08-29-2025-Fri 15-25-26-PM,0.2,5.908,-65.6425,36.925,08-29-2025-Fri 15-30-24-PM,0.2,5.916,-69.013,36.975,08-29-2025-Fri 15-30-10-PM,0.3,5.904,-70.3364,24.6,08-29-2025-Fri 15-31-51-PM,0.2,5.908,-70.336,36.925
08-29-2025-Fri 15-31-53-PM,0.4,5.9,-70.713,18.4375,08-29-2025-Fri 15-30-22-PM,0.3,5.908,-69.7788,24.6167,08-29-2025-Fri 15-31-46-PM,0.4,5.912,-69.932,18.475,08-29-2025-Fri 15-31-58-PM,0.4,5.908,-69.3196,18.4625,08-29-2025-Fri 15-25-28-PM,0.0,5.908,-65.347,inf,08-29-2025-Fri 15-31-46-PM,0.2,5.912,-68.4992,36.95,08-29-2025-Fri 15-30-12-PM,0.2,5.904,-69.155,36.9,08-29-2025-Fri 15-31-53-PM,0.2,5.908,-69.8116,36.925,08-29-2025-Fri 15-31-53-PM,0.4,5.9,-70.8937,18.4375,08-29-2025-Fri 15-30-22-PM,0.3,5.908,-69.877,24.6167,08-29-2025-Fri 15-31-46-PM,0.4,5.912,-70.2052,18.475,08-29-2025-Fri 15-31-58-PM,0.4,5.908,-69.691,18.4625,08-29-2025-Fri 15-25-28-PM,0.0,5.908,-65.6425,inf,08-29-2025-Fri 15-31-46-PM,0.2,5.912,-69.615,36.95,08-29-2025-Fri 15-30-12-PM,0.2,5.904,-70.5987,36.9,08-29-2025-Fri 15-31-53-PM,0.2,5.908,-70.451,36.925
08-29-2025-Fri 15-31-56-PM,0.0,5.904,-70.713,inf,08-29-2025-Fri 15-30-24-PM,0.2,5.912,-69.9099,36.95,08-29-2025-Fri 15-31-49-PM,0.0,5.908,-69.986,inf,08-29-2025-Fri 15-32-00-PM,0.1,5.912,-69.3523,73.9,08-29-2025-Fri 15-25-31-PM,0.2,5.904,-65.391,36.9,08-29-2025-Fri 15-31-49-PM,0.2,5.916,-68.5649,36.975,08-29-2025-Fri 15-30-15-PM,0.2,5.904,-69.155,36.9,08-29-2025-Fri 15-31-56-PM,0.4,5.908,-69.8445,18.4625,08-29-2025-Fri 15-31-56-PM,0.0,5.904,-70.8937,inf,08-29-2025-Fri 15-30-24-PM,0.2,5.912,-69.932,36.95,08-29-2025-Fri 15-31-49-PM,0.0,5.908,-70.2052,inf,08-29-2025-Fri 15-32-00-PM,0.1,5.912,-69.713,73.9,08-29-2025-Fri 15-25-31-PM,0.2,5.904,-65.6754,36.9,08-29-2025-Fri 15-31-49-PM,0.2,5.916,-69.735,36.975,08-29-2025-Fri 15-30-15-PM,0.2,5.904,-70.5331,36.9,08-29-2025-Fri 15-31-56-PM,0.4,5.908,-70.435,18.4625
08-29-2025-Fri 15-31-58-PM,0.2,5.904,-70.73,36.9,08-29-2025-Fri 15-31-46-PM,0.3,5.908,-70.4347,24.6167,08-29-2025-Fri 15-31-51-PM,0.1,5.912,-69.997,73.9,08-29-2025-Fri 15-32-03-PM,0.1,5.908,-69.3851,73.85,08-29-2025-Fri 15-25-33-PM,0.4,5.908,-65.391,18.4625,08-29-2025-Fri 15-31-51-PM,0.3,5.916,-68.5649,24.65,08-29-2025-Fri 15-30-17-PM,0.2,5.904,-69.09,36.9,08-29-2025-Fri 15-31-58-PM,0.3,5.904,-69.8772,24.6,08-29-2025-Fri 15-31-58-PM,0.2,5.904,-70.9266,36.9,08-29-2025-Fri 15-31-46-PM,0.3,5.908,-70.5,24.6167,08-29-2025-Fri 15-31-51-PM,0.1,5.912,-70.2379,73.9,08-29-2025-Fri 15-32-03-PM,0.1,5.908,-69.735,73.85,08-29-2025-Fri 15-25-33-PM,0.4,5.908,-65.6754,18.4625,08-29-2025-Fri 15-31-51-PM,0.3,5.916,-69.636,24.65,08-29-2025-Fri 15-30-17-PM,0.2,5.904,-70.3364,36.9,08-29-2025-Fri 15-31-58-PM,0.3,5.904,-70.451,24.6
08-29-2025-Fri 15-32-00-PM,0.1,5.904,-70.746,73.8,08-29-2025-Fri 15-31-49-PM,0.3,5.908,-70.5331,24.6167,08-29-2025-Fri 15-31-53-PM,0.5,5.912,-70.03,14.78,08-29-2025-Fri 15-32-05-PM,0.3,5.912,-69.4179,24.6333,08-29-2025-Fri 15-25-35-PM,0.5,5.908,-65.445,14.77,08-29-2025-Fri 15-31-53-PM,0.2,5.916,-68.5649,36.975,08-29-2025-Fri 15-30-19-PM,0.4,5.904,-69.144,18.45,08-29-2025-Fri 15-32-00-PM,0.2,5.904,-69.8772,36.9,08-29-2025-Fri 15-32-00-PM,0.1,5.904,-70.9266,73.8,08-29-2025-Fri 15-31-49-PM,0.3,5.908,-70.533,24.6167,08-29-2025-Fri 15-31-53-PM,0.5,5.912,-70.2379,14.78,08-29-2025-Fri 15-32-05-PM,0.3,5.912,-69.768,24.6333,08-29-2025-Fri 15-25-35-PM,0.5,5.908,-65.7411,14.77,08-29-2025-Fri 15-31-53-PM,0.2,5.916,-69.702,36.975,08-29-2025-Fri 15-30-19-PM,0.4,5.904,-70.4347,18.45,08-29-2025-Fri 15-32-00-PM,0.2,5.904,-70.517,36.9
08-29-2025-Fri 15-32-03-PM,0.4,5.904,-70.73,18.45,08-29-2025-Fri 15-31-51-PM,0.5,5.912,-70.4675,14.78,08-29-2025-Fri 15-31-56-PM,0.0,5.912,-70.008,inf,08-29-2025-Fri 15-33-45-PM,0.1,5.908,-70.6643,73.85,08-29-2025-Fri 15-30-08-PM,0.1,5.904,-68.28,73.8,08-29-2025-Fri 15-31-56-PM,0.1,5.916,-68.5977,73.95,08-29-2025-Fri 15-30-22-PM,0.4,5.904,-69.177,18.45,08-29-2025-Fri 15-32-03-PM,0.4,5.908,-69.9099,18.4625,08-29-2025-Fri 15-32-03-PM,0.4,5.904,-70.9266,18.45,08-29-2025-Fri 15-31-51-PM,0.5,5.912,-70.522,14.78,08-29-2025-Fri 15-31-56-PM,0.0,5.912,-70.2379,inf,08-29-2025-Fri 15-33-45-PM,0.1,5.908,-70.905,73.85,08-29-2025-Fri 15-30-08-PM,0.1,5.904,-68.5977,73.8,08-29-2025-Fri 15-31-56-PM,0.1,5.916,-69.702,73.95,08-29-2025-Fri 15-30-22-PM,0.4,5.904,-70.4675,18.45,08-29-2025-Fri 15-32-03-PM,0.4,5.908,-70.5,18.4625
08-29-2025-Fri 15-32-05-PM,0.2,5.904,-70.746,36.9,08-29-2025-Fri 15-31-53-PM,0.1,5.912,-70.5331,73.9,08-29-2025-Fri 15-31-58-PM,0.3,5.908,-70.03,24.6167,08-29-2025-Fri 15-33-47-PM,0.3,5.908,-70.6643,24.6167,08-29-2025-Fri 15-30-10-PM,0.3,5.904,-68.291,24.6,08-29-2025-Fri 15-31-58-PM,0.4,5.916,-68.5977,18.4875,08-29-2025-Fri 15-30-24-PM,0.2,5.904,-69.155,36.9,08-29-2025-Fri 15-32-05-PM,0.3,5.908,-69.9099,24.6167,08-29-2025-Fri 15-32-05-PM,0.2,5.904,-70.9594,36.9,08-29-2025-Fri 15-31-53-PM,0.1,5.912,-70.555,73.9,08-29-2025-Fri 15-31-58-PM,0.3,5.908,-70.2379,24.6167,08-29-2025-Fri 15-33-47-PM,0.3,5.908,-70.905,24.6167,08-29-2025-Fri 15-30-10-PM,0.3,5.904,-68.6306,24.6,08-29-2025-Fri 15-31-58-PM,0.4,5.916,-69.713,18.4875,08-29-2025-Fri 15-30-24-PM,0.2,5.904,-70.4019,36.9,08-29-2025-Fri 15-32-05-PM,0.3,5.908,-70.5,24.6167
08-29-2025-Fri 15-33-45-PM,0.4,5.904,-71.779,18.45,08-29-2025-Fri 15-31-56-PM,0.4,5.912,-70.5331,18.475,08-29-2025-Fri 15-32-00-PM,0.1,5.912,-70.063,73.9,08-29-2025-Fri 15-33-50-PM,0.2,5.908,-70.7626,36.925,08-29-2025-Fri 15-30-12-PM,0.4,5.904,-68.335,18.45,08-29-2025-Fri 15-32-00-PM,0.3,5.916,-68.5977,24.65,08-29-2025-Fri 15-31-46-PM,0.2,5.9,-69.735,36.875,08-29-2025-Fri 15-33-45-PM,0.3,5.908,-71.1561,24.6167,08-29-2025-Fri 15-33-45-PM,0.4,5.904,-71.9755,18.45,08-29-2025-Fri 15-31-56-PM,0.4,5.912,-70.555,18.475,08-29-2025-Fri 15-32-00-PM,0.1,5.912,-70.2708,73.9,08-29-2025-Fri 15-33-50-PM,0.2,5.908,-70.97,36.925,08-29-2025-Fri 15-30-12-PM,0.4,5.904,-68.6306,18.45,08-29-2025-Fri 15-32-00-PM,0.3,5.916,-69.757,24.65,08-29-2025-Fri 15-31-46-PM,0.2,5.9,-70.9266,36.875,08-29-2025-Fri 15-33-45-PM,0.3,5.908,-71.664,24.6167
08-29-2025-Fri 15-33-47-PM,0.2,5.904,-71.828,36.9,08-29-2025-Fri 15-31-58-PM,0.1,5.912,-70.5331,73.9,08-29-2025-Fri 15-32-03-PM,0.2,5.908,-70.074,36.925,08-29-2025-Fri 15-33-52-PM,0.0,5.908,-70.7298,inf,08-29-2025-Fri 15-30-15-PM,0.2,5.9,-68.335,36.875,08-29-2025-Fri 15-32-03-PM,0.6,5.916,-68.6306,12.325,08-29-2025-Fri 15-31-49-PM,0.3,5.904,-69.844,24.6,08-29-2025-Fri 15-33-47-PM,0.2,5.908,-71.1888,36.925,08-29-2025-Fri 15-33-47-PM,0.2,5.904,-72.0083,36.9,08-29-2025-Fri 15-31-58-PM,0.1,5.912,-70.566,73.9,08-29-2025-Fri 15-32-03-PM,0.2,5.908,-70.3036,36.925,08-29-2025-Fri 15-33-52-PM,0.0,5.908,-70.992,inf,08-29-2025-Fri 15-30-15-PM,0.2,5.9,-68.6634,36.875,08-29-2025-Fri 15-32-03-PM,0.6,5.916,-69.746,12.325,08-29-2025-Fri 15-31-49-PM,0.3,5.904,-71.1888,24.6,08-29-2025-Fri 15-33-47-PM,0.2,5.908,-71.762,36.925
08-29-2025-Fri 15-33-50-PM,0.3,5.904,-71.877,24.6,08-29-2025-Fri 15-32-00-PM,0.1,5.912,-70.5659,73.9,08-29-2025-Fri 15-32-05-PM,0.1,5.912,-70.096,73.9,08-29-2025-Fri 15-37-35-PM,0.2,5.908,-73.3514,36.925,08-29-2025-Fri 15-30-17-PM,0.0,5.9,-68.379,inf,08-29-2025-Fri 15-32-05-PM,0.1,5.916,-68.6634,73.95,08-29-2025-Fri 15-31-51-PM,0.4,5.904,-69.746,18.45,08-29-2025-Fri 15-33-50-PM,0.2,5.908,-71.2216,36.925,08-29-2025-Fri 15-33-50-PM,0.3,5.904,-72.0738,24.6,08-29-2025-Fri 15-32-00-PM,0.1,5.912,-70.588,73.9,08-29-2025-Fri 15-32-05-PM,0.1,5.912,-70.3364,73.9,08-29-2025-Fri 15-37-35-PM,0.2,5.908,-73.548,36.925,08-29-2025-Fri 15-30-17-PM,0.0,5.9,-68.6961,inf,08-29-2025-Fri 15-32-05-PM,0.1,5.916,-69.768,73.95,08-29-2025-Fri 15-31-51-PM,0.4,5.904,-70.861,18.45,08-29-2025-Fri 15-33-50-PM,0.2,5.908,-71.861,36.925
08-29-2025-Fri 15-33-52-PM,0.3,5.904,-71.877,24.6,08-29-2025-Fri 15-32-03-PM,0.2,5.912,-70.5331,36.95,08-29-2025-Fri 15-33-45-PM,-0.1,5.912,-71.233,-73.9,08-29-2025-Fri 15-37-37-PM,0.0,5.904,-73.3843,inf,08-29-2025-Fri 15-30-19-PM,0.2,5.904,-68.368,36.9,08-29-2025-Fri 15-33-45-PM,0.3,5.916,-69.8772,24.65,08-29-2025-Fri 15-31-53-PM,0.4,5.904,-69.822,18.45,08-29-2025-Fri 15-33-52-PM,0.6,5.904,-71.2544,12.3,08-29-2025-Fri 15-33-52-PM,0.3,5.904,-72.0738,24.6,08-29-2025-Fri 15-32-03-PM,0.2,5.912,-70.588,36.95,08-29-2025-Fri 15-33-45-PM,-0.1,5.912,-71.4511,-73.9,08-29-2025-Fri 15-37-37-PM,0.0,5.904,-73.57,inf,08-29-2025-Fri 15-30-19-PM,0.2,5.904,-68.729,36.9,08-29-2025-Fri 15-33-45-PM,0.3,5.916,-70.883,24.65,08-29-2025-Fri 15-31-53-PM,0.4,5.904,-71.0905,18.45,08-29-2025-Fri 15-33-52-PM,0.6,5.904,-71.73,12.3
08-29-2025-Fri 15-37-35-PM,0.2,5.9,-74.449,36.875,08-29-2025-Fri 15-32-05-PM,0.4,5.908,-70.5331,18.4625,08-29-2025-Fri 15-33-47-PM,0.4,5.912,-71.254,18.475,08-29-2025-Fri 15-39-15-PM,0.1,5.9,-74.2357,73.75,08-29-2025-Fri 15-30-22-PM,0.3,5.9,-68.39,24.5833,08-29-2025-Fri 15-33-47-PM,0.2,5.916,-69.9429,36.975,08-29-2025-Fri 15-31-56-PM,0.1,5.904,-69.822,73.8,08-29-2025-Fri 15-37-35-PM,0.3,5.904,-73.81,24.6,08-29-2025-Fri 15-37-35-PM,0.2,5.9,-74.6286,36.875,08-29-2025-Fri 15-32-05-PM,0.4,5.908,-70.61,18.4625,08-29-2025-Fri 15-33-47-PM,0.4,5.912,-71.4511,18.475,08-29-2025-Fri 15-39-15-PM,0.1,5.9,-74.421,73.75,08-29-2025-Fri 15-30-22-PM,0.3,5.9,-68.729,24.5833,08-29-2025-Fri 15-33-47-PM,0.2,5.916,-70.959,36.975,08-29-2025-Fri 15-31-56-PM,0.1,5.904,-71.0249,73.8,08-29-2025-Fri 15-37-35-PM,0.3,5.904,-74.416,24.6
08-29-2025-Fri 15-37-37-PM,0.7,5.9,-74.465,10.5357,08-29-2025-Fri 15-33-45-PM,0.3,5.912,-71.5822,24.6333,08-29-2025-Fri 15-33-50-PM,0.1,5.912,-71.309,73.9,08-29-2025-Fri 15-39-17-PM,0.1,5.896,-74.203,73.7,08-29-2025-Fri 15-30-24-PM,0.1,5.904,-68.401,73.8,08-29-2025-Fri 15-33-50-PM,0.2,5.916,-69.9429,36.975,08-29-2025-Fri 15-31-58-PM,0.2,5.904,-69.833,36.9,08-29-2025-Fri 15-37-37-PM,0.3,5.904,-73.8427,24.6,08-29-2025-Fri 15-37-37-PM,0.7,5.9,-74.6613,10.5357,08-29-2025-Fri 15-33-45-PM,0.3,5.912,-71.67,24.6333,08-29-2025-Fri 15-33-50-PM,0.1,5.912,-71.4839,73.9,08-29-2025-Fri 15-39-17-PM,0.1,5.896,-74.432,73.7,08-29-2025-Fri 15-30-24-PM,0.1,5.904,-68.729,73.8,08-29-2025-Fri 15-33-50-PM,0.2,5.916,-71.036,36.975,08-29-2025-Fri 15-31-58-PM,0.2,5.904,-71.0249,36.9,08-29-2025-Fri 15-37-37-PM,0.3,5.904,-74.416,24.6
08-29-2025-Fri 15-39-15-PM,0.1,5.888,-75.349,73.6,08-29-2025-Fri 15-33-47-PM,0.2,5.908,-71.6478,36.925,08-29-2025-Fri 15-33-52-PM,0.2,5.908,-71.32,36.925,08-29-2025-Fri 15-39-20-PM,0.0,5.896,-74.3339,inf,08-29-2025-Fri 15-31-46-PM,0.1,5.9,-69.024,73.75,08-29-2025-Fri 15-33-52-PM,0.2,5.912,-70.0084,36.95,08-29-2025-Fri 15-32-00-PM,0.5,5.904,-69.877,14.76,08-29-2025-Fri 15-39-15-PM,0.1,5.896,-74.6613,73.7,08-29-2025-Fri 15-39-15-PM,0.1,5.888,-75.4796,73.6,08-29-2025-Fri 15-33-47-PM,0.2,5.908,-71.702,36.925,08-29-2025-Fri 15-33-52-PM,0.2,5.908,-71.5494,36.925,08-29-2025-Fri 15-39-20-PM,0.0,5.896,-74.498,inf,08-29-2025-Fri 15-31-46-PM,0.1,5.9,-69.4179,73.75,08-29-2025-Fri 15-33-52-PM,0.2,5.912,-70.97,36.95,08-29-2025-Fri 15-32-00-PM,0.5,5.904,-71.1561,14.76,08-29-2025-Fri 15-39-15-PM,0.1,5.896,-75.201,73.7
08-29-2025-Fri 15-39-17-PM,0.2,5.892,-75.283,36.825,08-29-2025-Fri 15-33-50-PM,0.1,5.908,-71.6805,73.85,08-29-2025-Fri 15-37-35-PM,0.3,5.908,-73.886,24.6167,08-29-2025-Fri 15-41-04-PM,0.2,5.892,-75.0214,36.825,08-29-2025-Fri 15-31-49-PM,0.7,5.904,-69.079,10.5429,08-29-2025-Fri 15-37-35-PM,0.3,5.912,-72.4343,24.6333,08-29-2025-Fri 15-32-03-PM,0.4,5.904,-69.877,18.45,08-29-2025-Fri 15-39-17-PM,0.1,5.892,-74.6286,73.65,08-29-2025-Fri 15-39-17-PM,0.2,5.892,-75.4796,36.825,08-29-2025-Fri 15-33-50-PM,0.1,5.908,-71.746,73.85,08-29-2025-Fri 15-37-35-PM,0.3,5.908,-74.0393,24.6167,08-29-2025-Fri 15-41-04-PM,0.2,5.892,-75.24,36.825,08-29-2025-Fri 15-31-49-PM,0.7,5.904,-69.4508,10.5429,08-29-2025-Fri 15-37-35-PM,0.3,5.912,-73.57,24.6333,08-29-2025-Fri 15-32-03-PM,0.4,5.904,-71.0905,18.45,08-29-2025-Fri 15-39-17-PM,0.1,5.892,-75.201,73.65
08-29-2025-Fri 15-39-20-PM,-0.1,5.892,-75.365,-73.65,08-29-2025-Fri 15-33-52-PM,0.2,5.908,-71.6805,36.925,08-29-2025-Fri 15-37-37-PM,0.1,5.908,-73.897,73.85,08-29-2025-Fri 15-41-06-PM,0.1,5.896,-74.9886,73.7,08-29-2025-Fri 15-31-51-PM,0.3,5.9,-69.112,24.5833,08-29-2025-Fri 15-37-37-PM,0.5,5.912,-72.467,14.78,08-29-2025-Fri 15-32-05-PM,0.2,5.904,-69.888,36.9,08-29-2025-Fri 15-39-20-PM,0.2,5.896,-74.6613,36.85,08-29-2025-Fri 15-39-20-PM,-0.1,5.892,-75.5124,-73.65,08-29-2025-Fri 15-33-52-PM,0.2,5.908,-71.768,36.925,08-29-2025-Fri 15-37-37-PM,0.1,5.908,-74.0393,73.85,08-29-2025-Fri 15-41-06-PM,0.1,5.896,-75.229,73.7,08-29-2025-Fri 15-31-51-PM,0.3,5.9,-69.4836,24.5833,08-29-2025-Fri 15-37-37-PM,0.5,5.912,-73.581,14.78,08-29-2025-Fri 15-32-05-PM,0.2,5.904,-71.0905,36.9,08-29-2025-Fri 15-39-20-PM,0.2,5.896,-75.25,36.85
08-29-2025-Fri 15-41-04-PM,0.1,5.888,-76.101,73.6,08-29-2025-Fri 15-37-35-PM,0.3,5.908,-74.2685,24.6167,08-29-2025-Fri 15-39-15-PM,0.1,5.9,-74.77,73.75,08-29-2025-Fri 15-41-08-PM,0.2,5.896,-75.0214,36.85,08-29-2025-Fri 15-31-53-PM,0.0,5.9,-69.112,inf,08-29-2025-Fri 15-39-15-PM,0.2,5.9,-73.2533,36.875,08-29-2025-Fri 15-33-45-PM,0.3,5.904,-71.068,24.6,08-29-2025-Fri 15-41-04-PM,0.0,5.892,-75.4142,inf,08-29-2025-Fri 15-41-04-PM,0.1,5.888,-76.2322,73.6,08-29-2025-Fri 15-37-35-PM,0.3,5.908,-74.312,24.6167,08-29-2025-Fri 15-39-15-PM,0.1,5.9,-74.8578,73.75,08-29-2025-Fri 15-41-08-PM,0.2,5.896,-75.251,36.85,08-29-2025-Fri 15-31-53-PM,0.0,5.9,-69.4508,inf,08-29-2025-Fri 15-39-15-PM,0.2,5.9,-74.388,36.875,08-29-2025-Fri 15-33-45-PM,0.3,5.904,-72.1721,24.6,08-29-2025-Fri 15-41-04-PM,0.0,5.892,-75.921,inf
08-29-2025-Fri 15-41-06-PM,0.0,5.888,-76.069,inf,08-29-2025-Fri 15-37-37-PM,0.4,5.908,-74.2685,18.4625,08-29-2025-Fri 15-39-17-PM,-0.2,5.9,-74.727,-36.875,08-29-2025-Fri 15-41-11-PM,0.2,5.888,-75.0214,36.8,08-29-2025-Fri 15-31-56-PM,0.5,5.904,-69.112,14.76,08-29-2025-Fri 15-39-17-PM,0.1,5.9,-73.2861,73.75,08-29-2025-Fri 15-33-47-PM,0.2,5.904,-71.156,36.9,08-29-2025-Fri 15-41-06-PM,0.3,5.892,-75.4142,24.55,08-29-2025-Fri 15-41-06-PM,0.0,5.888,-76.265,inf,08-29-2025-Fri 15-37-37-PM,0.4,5.908,-74.323,18.4625,08-29-2025-Fri 15-39-17-PM,-0.2,5.9,-74.8905,-36.875,08-29-2025-Fri 15-41-11-PM,0.2,5.888,-75.272,36.8,08-29-2025-Fri 15-31-56-PM,0.5,5.904,-69.4836,14.76,08-29-2025-Fri 15-39-17-PM,0.1,5.9,-74.421,73.75,08-29-2025-Fri 15-33-47-PM,0.2,5.904,-72.336,36.9,08-29-2025-Fri 15-41-06-PM,0.3,5.892,-75.889,24.55
08-29-2025-Fri 15-41-08-PM,0.2,5.888,-76.118,36.8,08-29-2025-Fri 15-39-15-PM,0.1,5.896,-75.2179,73.7,08-29-2025-Fri 15-39-20-PM,0.1,5.9,-74.825,73.75,08-29-2025-Fri 15-41-13-PM,-0.2,5.896,-75.0541,-36.85,08-29-2025-Fri 15-31-58-PM,0.0,5.9,-69.145,inf,08-29-2025-Fri 15-39-20-PM,0.2,5.904,-73.2861,36.9,08-29-2025-Fri 15-33-50-PM,0.6,5.904,-71.221,12.3,08-29-2025-Fri 15-41-08-PM,0.2,5.896,-75.4469,36.85,08-29-2025-Fri 15-41-08-PM,0.2,5.888,-76.265,36.8,08-29-2025-Fri 15-39-15-PM,0.1,5.896,-75.185,73.7,08-29-2025-Fri 15-39-20-PM,0.1,5.9,-74.9233,73.75,08-29-2025-Fri 15-41-13-PM,-0.2,5.896,-75.294,-36.85,08-29-2025-Fri 15-31-58-PM,0.0,5.9,-69.5164,inf,08-29-2025-Fri 15-39-20-PM,0.2,5.904,-74.454,36.9,08-29-2025-Fri 15-33-50-PM,0.6,5.904,-72.4998,12.3,08-29-2025-Fri 15-41-08-PM,0.2,5.896,-75.954,36.85
08-29-2025-Fri 15-41-11-PM,0.1,5.892,-76.167,73.65,08-29-2025-Fri 15-39-17-PM,0.0,5.896,-75.0869,inf,08-29-2025-Fri 15-41-04-PM,0.1,5.896,-75.545,73.7,08-29-2025-Fri 15-41-15-PM,0.0,5.896,-75.0541,inf,08-29-2025-Fri 15-32-00-PM,0.2,5.904,-69.155,36.9,08-29-2025-Fri 15-41-04-PM,-0.1,5.9,-74.0064,-73.75,08-29-2025-Fri 15-33-52-PM,0.1,5.904,-71.156,73.8,08-29-2025-Fri 15-41-11-PM,0.3,5.892,-75.4469,24.55,08-29-2025-Fri 15-41-11-PM,0.1,5.892,-76.2976,73.65,08-29-2025-Fri 15-39-17-PM,0.0,5.896,-75.152,inf,08-29-2025-Fri 15-41-04-PM,0.1,5.896,-75.6432,73.7,08-29-2025-Fri 15-41-15-PM,0.0,5.896,-75.305,inf,08-29-2025-Fri 15-32-00-PM,0.2,5.904,-69.5164,36.9,08-29-2025-Fri 15-41-04-PM,-0.1,5.9,-75.163,-73.75,08-29-2025-Fri 15-33-52-PM,0.1,5.904,-72.2048,73.8,08-29-2025-Fri 15-41-11-PM,0.3,5.892,-75.987,24.55
08-29-2025-Fri 15-41-13-PM,0.2,5.892,-76.167,36.825,08-29-2025-Fri 15-39-20-PM,0.1,5.896,-75.2179,73.7,08-29-2025-Fri 15-41-06-PM,-0.1,5.896,-75.501,-73.7,08-29-2025-Fri 15-42-17-PM,0.1,5.896,-75.9378,73.7,08-29-2025-Fri 15-32-03-PM,0.0,5.904,-69.177,inf,08-29-2025-Fri 15-41-06-PM,0.1,5.9,-74.0393,73.75,08-29-2025-Fri 15-37-35-PM,0.1,5.9,-73.755,73.75,08-29-2025-Fri 15-41-13-PM,0.0,5.892,-75.4469,inf,08-29-2025-Fri 15-41-13-PM,0.2,5.892,-76.2976,36.825,08-29-2025-Fri 15-39-20-PM,0.1,5.896,-75.218,73.7,08-29-2025-Fri 15-41-06-PM,-0.1,5.896,-75.6432,-73.7,08-29-2025-Fri 15-42-17-PM,0.1,5.896,-76.09,73.7,08-29-2025-Fri 15-32-03-PM,0.0,5.904,-69.5164,inf,08-29-2025-Fri 15-41-06-PM,0.1,5.9,-75.152,73.75,08-29-2025-Fri 15-37-35-PM,0.1,5.9,-75.0214,73.75,08-29-2025-Fri 15-41-13-PM,0.0,5.892,-75.921,inf
08-29-2025-Fri 15-41-15-PM,0.3,5.888,-76.216,24.5333,08-29-2025-Fri 15-41-04-PM,0.2,5.896,-75.9704,36.85,08-29-2025-Fri 15-41-08-PM,-0.3,5.896,-75.556,-24.5667,08-29-2025-Fri 15-42-19-PM,0.1,5.896,-75.9704,73.7,08-29-2025-Fri 15-32-05-PM,0.4,5.9,-69.21,18.4375,08-29-2025-Fri 15-41-08-PM,0.3,5.9,-74.072,24.5833,08-29-2025-Fri 15-37-37-PM,0.1,5.904,-73.766,73.8,08-29-2025-Fri 15-41-15-PM,0.3,5.896,-75.4796,24.5667,08-29-2025-Fri 15-41-15-PM,0.3,5.888,-76.3304,24.5333,08-29-2025-Fri 15-41-04-PM,0.2,5.896,-75.949,36.85,08-29-2025-Fri 15-41-08-PM,-0.3,5.896,-75.6761,-24.5667,08-29-2025-Fri 15-42-19-PM,0.1,5.896,-76.112,73.7,08-29-2025-Fri 15-32-05-PM,0.4,5.9,-69.5492,18.4375,08-29-2025-Fri 15-41-08-PM,0.3,5.9,-75.196,24.5833,08-29-2025-Fri 15-37-37-PM,0.1,5.904,-74.9886,73.8,08-29-2025-Fri 15-41-15-PM,0.3,5.896,-75.987,24.5667
08-29-2025-Fri 15-42-17-PM,0.5,5.888,-76.886,14.72,08-29-2025-Fri 15-41-06-PM,0.2,5.896,-75.8723,36.85,08-29-2025-Fri 15-41-11-PM,-0.1,5.9,-75.589,-73.75,08-29-2025-Fri 15-42-22-PM,0.1,5.896,-76.0032,73.7,08-29-2025-Fri 15-33-45-PM,0.2,5.9,-70.38,36.875,08-29-2025-Fri 15-41-11-PM,0.1,5.9,-74.1048,73.75,08-29-2025-Fri 15-39-15-PM,0.1,5.888,-74.552,73.6,08-29-2025-Fri 15-42-17-PM,0.2,5.892,-76.3631,36.825,08-29-2025-Fri 15-42-17-PM,0.5,5.888,-77.05,14.72,08-29-2025-Fri 15-41-06-PM,0.2,5.896,-75.927,36.85,08-29-2025-Fri 15-41-11-PM,-0.1,5.9,-75.7087,-73.75,08-29-2025-Fri 15-42-22-PM,0.1,5.896,-76.134,73.7,08-29-2025-Fri 15-33-45-PM,0.2,5.9,-70.5987,36.875,08-29-2025-Fri 15-41-11-PM,0.1,5.9,-75.239,73.75,08-29-2025-Fri 15-39-15-PM,0.1,5.888,-75.7414,73.6,08-29-2025-Fri 15-42-17-PM,0.2,5.892,-76.87,36.825
08-29-2025-Fri 15-42-19-PM,0.2,5.888,-76.919,36.8,08-29-2025-Fri 15-41-08-PM,0.3,5.9,-75.9704,24.5833,08-29-2025-Fri 15-41-13-PM,0.0,5.892,-75.6,inf,08-29-2025-Fri 15-42-24-PM,0.3,5.896,-76.0686,24.5667,08-29-2025-Fri 15-33-47-PM,-0.3,5.9,-70.402,-24.5833,08-29-2025-Fri 15-41-13-PM,0.3,5.9,-74.072,24.5833,08-29-2025-Fri 15-39-17-PM,0.1,5.892,-74.563,73.65,08-29-2025-Fri 15-42-19-PM,0.3,5.892,-76.4285,24.55,08-29-2025-Fri 15-42-19-PM,0.2,5.888,-77.0827,36.8,08-29-2025-Fri 15-41-08-PM,0.3,5.9,-75.97,24.5833,08-29-2025-Fri 15-41-13-PM,0.0,5.892,-75.7087,inf,08-29-2025-Fri 15-42-24-PM,0.3,5.896,-76.199,24.5667,08-29-2025-Fri 15-33-47-PM,-0.3,5.9,-70.5987,-24.5833,08-29-2025-Fri 15-41-13-PM,0.3,5.9,-75.196,24.5833,08-29-2025-Fri 15-39-17-PM,0.1,5.892,-75.7742,73.65,08-29-2025-Fri 15-42-19-PM,0.3,5.892,-76.919,24.55
08-29-2025-Fri 15-42-22-PM,0.2,5.892,-76.935,36.825,08-29-2025-Fri 15-41-11-PM,0.1,5.892,-76.0359,73.65,08-29-2025-Fri 15-41-15-PM,0.0,5.9,-75.632,inf,08-29-2025-Fri 15-42-26-PM,0.1,5.896,-76.0686,73.7,08-29-2025-Fri 15-33-50-PM,-0.1,5.904,-70.457,-73.8,08-29-2025-Fri 15-41-15-PM,0.2,5.904,-74.1048,36.9,08-29-2025-Fri 15-39-20-PM,0.4,5.888,-74.596,18.4,08-29-2025-Fri 15-42-22-PM,0.0,5.9,-76.4612,inf,08-29-2025-Fri 15-42-22-PM,0.2,5.892,-77.0827,36.825,08-29-2025-Fri 15-41-11-PM,0.1,5.892,-76.014,73.65,08-29-2025-Fri 15-41-15-PM,0.0,5.9,-75.7414,inf,08-29-2025-Fri 15-42-26-PM,0.1,5.896,-76.221,73.7,08-29-2025-Fri 15-33-50-PM,-0.1,5.904,-70.6643,-73.8,08-29-2025-Fri 15-41-15-PM,0.2,5.904,-75.239,36.9,08-29-2025-Fri 15-39-20-PM,0.4,5.888,-75.8396,18.4,08-29-2025-Fri 15-42-22-PM,0.0,5.9,-76.952,inf
08-29-2025-Fri 15-42-24-PM,0.2,5.892,-77.017,36.825,08-29-2025-Fri 15-41-13-PM,0.2,5.896,-76.0359,36.85,08-29-2025-Fri 15-42-17-PM,0.1,5.896,-76.396,73.7,08-29-2025-Fri 15-46-13-PM,-0.1,5.892,-78.8154,-73.65,08-29-2025-Fri 15-33-52-PM,0.3,5.904,-70.478,24.6,08-29-2025-Fri 15-42-17-PM,0.1,5.9,-75.0214,73.75,08-29-2025-Fri 15-41-04-PM,0.2,5.888,-75.283,36.8,08-29-2025-Fri 15-42-24-PM,0.1,5.896,-76.494,73.7,08-29-2025-Fri 15-42-24-PM,0.2,5.892,-77.1481,36.825,08-29-2025-Fri 15-41-13-PM,0.2,5.896,-76.014,36.85,08-29-2025-Fri 15-42-17-PM,0.1,5.896,-76.5266,73.7,08-29-2025-Fri 15-46-13-PM,-0.1,5.892,-78.892,-73.65,08-29-2025-Fri 15-33-52-PM,0.3,5.904,-70.697,24.6,08-29-2025-Fri 15-42-17-PM,0.1,5.9,-76.068,73.75,08-29-2025-Fri 15-41-04-PM,0.2,5.888,-76.4285,36.8,08-29-2025-Fri 15-42-24-PM,0.1,5.896,-77.001,73.7
08-29-2025-Fri 15-42-26-PM,0.2,5.892,-77.017,36.825,08-29-2025-Fri 15-41-15-PM,0.2,5.9,-76.1013,36.875,08-29-2025-Fri 15-42-19-PM,0.0,5.9,-76.428,inf,08-29-2025-Fri 15-46-15-PM,0.1,5.896,-78.8808,73.7,08-29-2025-Fri 15-37-35-PM,0.0,5.896,-73.013,inf,08-29-2025-Fri 15-42-19-PM,0.1,5.904,-75.0869,73.8,08-29-2025-Fri 15-41-06-PM,0.4,5.888,-75.272,18.4,08-29-2025-Fri 15-42-26-PM,0.2,5.896,-76.5266,36.85,08-29-2025-Fri 15-42-26-PM,0.2,5.892,-77.1153,36.825,08-29-2025-Fri 15-41-15-PM,0.2,5.9,-76.058,36.875,08-29-2025-Fri 15-42-19-PM,0.0,5.9,-76.5594,inf,08-29-2025-Fri 15-46-15-PM,0.1,5.896,-78.924,73.7,08-29-2025-Fri 15-37-35-PM,0.0,5.896,-73.2533,inf,08-29-2025-Fri 15-42-19-PM,0.1,5.904,-76.101,73.8,08-29-2025-Fri 15-41-06-PM,0.4,5.888,-76.3631,18.4,08-29-2025-Fri 15-42-26-PM,0.2,5.896,-77.017,36.85
08-29-2025-Fri 15-46-13-PM,0.2,5.892,-79.681,36.825,08-29-2025-Fri 15-42-17-PM,0.1,5.896,-76.7229,73.7,08-29-2025-Fri 15-42-22-PM,0.1,5.896,-76.45,73.7,08-29-2025-Fri 15-46-18-PM,0.1,5.896,-78.8154,73.7,08-29-2025-Fri 15-37-37-PM,0.4,5.9,-73.046,18.4375,08-29-2025-Fri 15-42-22-PM,0.3,5.9,-75.1196,24.5833,08-29-2025-Fri 15-41-08-PM,0.4,5.888,-75.327,18.4,08-29-2025-Fri 15-46-13-PM,0.1,5.892,-79.1422,73.65,08-29-2025-Fri 15-46-13-PM,0.2,5.892,-79.8283,36.825,08-29-2025-Fri 15-42-17-PM,0.1,5.896,-76.766,73.7,08-29-2025-Fri 15-42-22-PM,0.1,5.896,-76.5594,73.7,08-29-2025-Fri 15-46-18-PM,0.1,5.896,-78.924,73.7,08-29-2025-Fri 15-37-37-PM,0.4,5.9,-73.2861,18.4375,08-29-2025-Fri 15-42-22-PM,0.3,5.9,-76.134,24.5833,08-29-2025-Fri 15-41-08-PM,0.4,5.888,-76.4612,18.4,08-29-2025-Fri 15-46-13-PM,0.1,5.892,-79.681,73.65
08-29-2025-Fri 15-46-15-PM,0.1,5.888,-79.714,73.6,08-29-2025-Fri 15-42-19-PM,0.1,5.896,-76.7556,73.7,08-29-2025-Fri 15-42-24-PM,0.0,5.9,-76.527,inf,08-29-2025-Fri 15-46-20-PM,0.0,5.896,-78.9134,inf,08-29-2025-Fri 15-39-15-PM,0.0,5.888,-73.886,inf,08-29-2025-Fri 15-42-24-PM,0.2,5.9,-75.1523,36.875,08-29-2025-Fri 15-41-11-PM,0.2,5.892,-75.359,36.825,08-29-2025-Fri 15-46-15-PM,0.1,5.892,-79.2076,73.65,08-29-2025-Fri 15-46-15-PM,0.1,5.888,-79.8283,73.6,08-29-2025-Fri 15-42-19-PM,0.1,5.896,-76.799,73.7,08-29-2025-Fri 15-42-24-PM,0.0,5.9,-76.6247,inf,08-29-2025-Fri 15-46-20-PM,0.0,5.896,-78.968,inf,08-29-2025-Fri 15-39-15-PM,0.0,5.888,-74.1702,inf,08-29-2025-Fri 15-42-24-PM,0.2,5.9,-76.188,36.875,08-29-2025-Fri 15-41-11-PM,0.2,5.892,-76.5266,36.825,08-29-2025-Fri 15-46-15-PM,0.1,5.892,-79.714,73.65
08-29-2025-Fri 15-46-18-PM,0.1,5.888,-79.73,73.6,08-29-2025-Fri 15-42-22-PM,0.0,5.896,-76.7882,inf,08-29-2025-Fri 15-42-26-PM,0.0,5.9,-76.548,inf,08-29-2025-Fri 15-47-31-PM,0.2,5.892,-79.4689,36.825,08-29-2025-Fri 15-39-17-PM,-0.2,5.892,-73.897,-36.825,08-29-2025-Fri 15-42-26-PM,0.2,5.904,-75.2179,36.9,08-29-2025-Fri 15-41-13-PM,-0.1,5.888,-75.305,-73.6,08-29-2025-Fri 15-46-18-PM,0.0,5.892,-79.2401,inf,08-29-2025-Fri 15-46-18-PM,0.1,5.888,-79.861,73.6,08-29-2025-Fri 15-42-22-PM,0.0,5.896,-76.81,inf,08-29-2025-Fri 15-42-26-PM,0.0,5.9,-76.6575,inf,08-29-2025-Fri 15-47-31-PM,0.2,5.892,-79.6,36.825,08-29-2025-Fri 15-39-17-PM,-0.2,5.892,-74.203,-36.825,08-29-2025-Fri 15-42-26-PM,0.2,5.904,-76.221,36.9,08-29-2025-Fri 15-41-13-PM,-0.1,5.888,-76.3958,-73.6,08-29-2025-Fri 15-46-18-PM,0.0,5.892,-79.73,inf
08-29-2025-Fri 15-46-20-PM,0.1,5.892,-79.763,73.65,08-29-2025-Fri 15-42-24-PM,-0.1,5.896,-76.8865,-73.7,08-29-2025-Fri 15-46-13-PM,-0.2,5.896,-79.208,-36.85,08-29-2025-Fri 15-47-34-PM,0.2,5.892,-79.5669,36.825,08-29-2025-Fri 15-39-20-PM,0.1,5.888,-73.952,73.6,08-29-2025-Fri 15-46-13-PM,0.1,5.9,-77.7693,73.75,08-29-2025-Fri 15-41-15-PM,-0.1,5.892,-75.359,-73.65,08-29-2025-Fri 15-46-20-PM,0.0,5.892,-79.2401,inf,08-29-2025-Fri 15-46-20-PM,0.1,5.892,-79.8936,73.65,08-29-2025-Fri 15-42-24-PM,-0.1,5.896,-76.886,-73.7,08-29-2025-Fri 15-46-13-PM,-0.2,5.896,-79.2729,-36.85,08-29-2025-Fri 15-47-34-PM,0.2,5.892,-79.632,36.825,08-29-2025-Fri 15-39-20-PM,0.1,5.888,-74.2357,73.6,08-29-2025-Fri 15-46-13-PM,0.1,5.9,-78.859,73.75,08-29-2025-Fri 15-41-15-PM,-0.1,5.892,-76.494,-73.65,08-29-2025-Fri 15-46-20-PM,0.0,5.892,-79.747,inf
08-29-2025-Fri 15-47-31-PM,0.4,5.888,-80.4,18.4,08-29-2025-Fri 15-42-26-PM,0.1,5.896,-76.9192,73.7,08-29-2025-Fri 15-46-15-PM,0.0,5.9,-79.262,inf,08-29-2025-Fri 15-47-36-PM,0.1,5.892,-79.5669,73.65,08-29-2025-Fri 15-41-04-PM,0.1,5.892,-74.694,73.65,08-29-2025-Fri 15-46-15-PM,0.1,5.896,-77.8021,73.7,08-29-2025-Fri 15-42-17-PM,0.1,5.888,-76.254,73.6,08-29-2025-Fri 15-47-31-PM,-0.1,5.892,-79.861,-73.65,08-29-2025-Fri 15-47-31-PM,0.4,5.888,-80.5468,18.4,08-29-2025-Fri 15-42-26-PM,0.1,5.896,-76.897,73.7,08-29-2025-Fri 15-46-15-PM,0.0,5.9,-79.3056,inf,08-29-2025-Fri 15-47-36-PM,0.1,5.892,-79.654,73.65,08-29-2025-Fri 15-41-04-PM,0.1,5.892,-75.0541,73.65,08-29-2025-Fri 15-46-15-PM,0.1,5.896,-78.87,73.7,08-29-2025-Fri 15-42-17-PM,0.1,5.888,-77.377,73.6,08-29-2025-Fri 15-47-31-PM,-0.1,5.892,-80.335,-73.65
08-29-2025-Fri 15-47-34-PM,0.3,5.888,-80.449,24.5333,08-29-2025-Fri 15-46-13-PM,0.0,5.896,-79.5343,inf,08-29-2025-Fri 15-46-18-PM,0.0,5.896,-79.251,inf,08-29-2025-Fri 15-49-15-PM,0.0,5.892,-80.2857,inf,08-29-2025-Fri 15-41-06-PM,0.0,5.888,-74.694,inf,08-29-2025-Fri 15-46-18-PM,0.1,5.904,-77.8021,73.8,08-29-2025-Fri 15-42-19-PM,0.2,5.892,-76.308,36.825,08-29-2025-Fri 15-47-34-PM,0.1,5.892,-79.861,73.65,08-29-2025-Fri 15-47-34-PM,0.3,5.888,-80.5143,24.5333,08-29-2025-Fri 15-46-13-PM,0.0,5.896,-79.545,inf,08-29-2025-Fri 15-46-18-PM,0.0,5.896,-79.3383,inf,08-29-2025-Fri 15-49-15-PM,0.0,5.892,-80.395,inf,08-29-2025-Fri 15-41-06-PM,0.0,5.888,-75.0541,inf,08-29-2025-Fri 15-46-18-PM,0.1,5.904,-78.881,73.8,08-29-2025-Fri 15-42-19-PM,0.2,5.892,-77.4097,36.825,08-29-2025-Fri 15-47-34-PM,0.1,5.892,-80.367,73.65
08-29-2025-Fri 15-47-36-PM,-0.1,5.888,-80.433,-73.6,08-29-2025-Fri 15-46-15-PM,-0.1,5.896,-79.5997,-73.7,08-29-2025-Fri 15-46-20-PM,0.0,5.9,-79.295,inf,08-29-2025-Fri 15-49-19-PM,-0.3,5.896,-80.3183,-24.5667,08-29-2025-Fri 15-41-08-PM,-0.1,5.888,-74.716,-73.6,08-29-2025-Fri 15-46-20-PM,0.2,5.9,-77.8348,36.875,08-29-2025-Fri 15-42-22-PM,0.5,5.888,-76.341,14.72,08-29-2025-Fri 15-47-36-PM,0.0,5.892,-79.8936,inf,08-29-2025-Fri 15-47-36-PM,-0.1,5.888,-80.5468,-73.6,08-29-2025-Fri 15-46-15-PM,-0.1,5.896,-79.578,-73.7,08-29-2025-Fri 15-46-20-PM,0.0,5.9,-79.3383,inf,08-29-2025-Fri 15-49-19-PM,-0.3,5.896,-80.427,-24.5667,08-29-2025-Fri 15-41-08-PM,-0.1,5.888,-75.0541,-73.6,08-29-2025-Fri 15-46-20-PM,0.2,5.9,-78.913,36.875,08-29-2025-Fri 15-42-22-PM,0.5,5.888,-77.4424,14.72,08-29-2025-Fri 15-47-36-PM,0.0,5.892,-80.4,inf
08-29-2025-Fri 15-49-15-PM,0.1,5.884,-81.167,73.55,08-29-2025-Fri 15-46-18-PM,0.0,5.896,-79.5997,inf,08-29-2025-Fri 15-47-31-PM,0.3,5.9,-79.905,24.5833,08-29-2025-Fri 15-49-22-PM,0.0,5.892,-80.3183,inf,08-29-2025-Fri 15-41-11-PM,-0.1,5.884,-74.738,-73.55,08-29-2025-Fri 15-47-31-PM,0.0,5.9,-78.4559,inf,08-29-2025-Fri 15-42-24-PM,0.2,5.892,-76.385,36.825,08-29-2025-Fri 15-49-15-PM,0.0,5.892,-80.5796,inf,08-29-2025-Fri 15-49-15-PM,0.1,5.884,-81.2653,73.55,08-29-2025-Fri 15-46-18-PM,0.0,5.896,-79.6,inf,08-29-2025-Fri 15-47-31-PM,0.3,5.9,-79.9917,24.5833,08-29-2025-Fri 15-49-22-PM,0.0,5.892,-80.449,inf,08-29-2025-Fri 15-41-11-PM,-0.1,5.884,-75.0869,-73.55,08-29-2025-Fri 15-47-31-PM,0.0,5.9,-79.534,inf,08-29-2025-Fri 15-42-24-PM,0.2,5.892,-77.5078,36.825,08-29-2025-Fri 15-49-15-PM,0.0,5.892,-81.053,inf
08-29-2025-Fri 15-49-19-PM,0.1,5.888,-81.167,73.6,08-29-2025-Fri 15-46-20-PM,0.0,5.896,-79.6323,inf,08-29-2025-Fri 15-47-34-PM,0.2,5.896,-79.981,36.85,08-29-2025-Fri 15-50-54-PM,0.0,5.888,-81.7549,inf,08-29-2025-Fri 15-41-13-PM,-0.1,5.888,-74.749,-73.6,08-29-2025-Fri 15-47-34-PM,0.0,5.9,-78.4559,inf,08-29-2025-Fri 15-42-26-PM,0.2,5.892,-76.417,36.825,08-29-2025-Fri 15-49-19-PM,0.2,5.892,-80.6122,36.825,08-29-2025-Fri 15-49-19-PM,0.1,5.888,-81.2326,73.6,08-29-2025-Fri 15-46-20-PM,0.0,5.896,-79.621,inf,08-29-2025-Fri 15-47-34-PM,0.2,5.896,-79.9917,36.85,08-29-2025-Fri 15-50-54-PM,0.0,5.888,-81.7,inf,08-29-2025-Fri 15-41-13-PM,-0.1,5.888,-75.1196,-73.6,08-29-2025-Fri 15-47-34-PM,0.0,5.9,-79.556,inf,08-29-2025-Fri 15-42-26-PM,0.2,5.892,-77.5078,36.825,08-29-2025-Fri 15-49-19-PM,0.2,5.892,-81.069,36.825
08-29-2025-Fri 15-49-22-PM,0.3,5.888,-81.184,24.5333,08-29-2025-Fri 15-47-31-PM,0.0,5.9,-80.253,inf,08-29-2025-Fri 15-47-36-PM,0.0,5.9,-79.97,inf,08-29-2025-Fri 15-50-56-PM,0.0,5.888,-81.7549,inf,08-29-2025-Fri 15-41-15-PM,0.0,5.888,-74.76,inf,08-29-2025-Fri 15-47-36-PM,0.1,5.9,-78.4886,73.75,08-29-2025-Fri 15-46-13-PM,0.3,5.888,-79.044,24.5333,08-29-2025-Fri 15-49-22-PM,0.0,5.892,-80.6122,inf,08-29-2025-Fri 15-49-22-PM,0.3,5.888,-81.2979,24.5333,08-29-2025-Fri 15-47-31-PM,0.0,5.9,-80.264,inf,08-29-2025-Fri 15-47-36-PM,0.0,5.9,-80.0243,inf,08-29-2025-Fri 15-50-56-PM,0.0,5.888,-81.722,inf,08-29-2025-Fri 15-41-15-PM,0.0,5.888,-75.1196,inf,08-29-2025-Fri 15-47-36-PM,0.1,5.9,-79.589,73.75,08-29-2025-Fri 15-46-13-PM,0.3,5.888,-80.2202,24.5333,08-29-2025-Fri 15-49-22-PM,0.0,5.892,-81.086,inf
08-29-2025-Fri 15-50-54-PM,0.1,5.884,-82.391,73.55,08-29-2025-Fri 15-47-34-PM,-0.1,5.896,-80.3835,-73.7,08-29-2025-Fri 15-49-15-PM,-0.2,5.896,-80.699,-36.85,08-29-2025-Fri 15-53-46-PM,-0.1,5.896,-83.8103,-73.7,08-29-2025-Fri 15-42-17-PM,0.1,5.888,-75.589,73.6,08-29-2025-Fri 15-49-15-PM,0.3,5.896,-79.2401,24.5667,08-29-2025-Fri 15-46-15-PM,0.3,5.884,-79.077,24.5167,08-29-2025-Fri 15-50-54-PM,0.3,5.888,-82.016,24.5333,08-29-2025-Fri 15-50-54-PM,0.1,5.884,-82.4729,73.55,08-29-2025-Fri 15-47-34-PM,-0.1,5.896,-80.296,-73.7,08-29-2025-Fri 15-49-15-PM,-0.2,5.896,-80.7428,-36.85,08-29-2025-Fri 15-53-46-PM,-0.1,5.896,-83.799,-73.7,08-29-2025-Fri 15-42-17-PM,0.1,5.888,-75.8068,73.6,08-29-2025-Fri 15-49-15-PM,0.3,5.896,-80.307,24.5667,08-29-2025-Fri 15-46-15-PM,0.3,5.884,-80.2202,24.5167,08-29-2025-Fri 15-50-54-PM,0.3,5.888,-82.473,24.5333
08-29-2025-Fri 15-50-56-PM,0.1,5.884,-82.408,73.55,08-29-2025-Fri 15-47-36-PM,-0.1,5.896,-80.3183,-73.7,08-29-2025-Fri 15-49-19-PM,0.0,5.896,-80.732,inf,08-29-2025-Fri 15-53-48-PM,-0.1,5.892,-83.8103,-73.65,08-29-2025-Fri 15-42-19-PM,0.0,5.888,-75.621,inf,08-29-2025-Fri 15-49-19-PM,0.2,5.9,-79.2401,36.875,08-29-2025-Fri 15-46-18-PM,0.2,5.888,-79.087,36.8,08-29-2025-Fri 15-50-56-PM,0.4,5.892,-82.0486,18.4125,08-29-2025-Fri 15-50-56-PM,0.1,5.884,-82.5055,73.55,08-29-2025-Fri 15-47-36-PM,-0.1,5.896,-80.296,-73.7,08-29-2025-Fri 15-49-19-PM,0.0,5.896,-80.7755,inf,08-29-2025-Fri 15-53-48-PM,-0.1,5.892,-83.799,-73.65,08-29-2025-Fri 15-42-19-PM,0.0,5.888,-75.8068,inf,08-29-2025-Fri 15-49-19-PM,0.2,5.9,-80.318,36.875,08-29-2025-Fri 15-46-18-PM,0.2,5.888,-80.2202,36.8,08-29-2025-Fri 15-50-56-PM,0.4,5.892,-82.522,18.4125
08-29-2025-Fri 15-53-46-PM,0.2,5.888,-84.511,36.8,08-29-2025-Fri 15-49-15-PM,0.0,5.892,-81.0694,inf,08-29-2025-Fri 15-49-22-PM,0.0,5.896,-80.732,inf,08-29-2025-Fri 15-53-51-PM,0.1,5.892,-83.8103,73.65,08-29-2025-Fri 15-42-22-PM,-0.1,5.888,-75.654,-73.6,08-29-2025-Fri 15-49-22-PM,-0.1,5.9,-79.2729,-73.75,08-29-2025-Fri 15-46-20-PM,-0.1,5.888,-79.109,-73.6,08-29-2025-Fri 15-53-46-PM,0.1,5.896,-84.1039,73.7,08-29-2025-Fri 15-53-46-PM,0.2,5.888,-84.593,36.8,08-29-2025-Fri 15-49-15-PM,0.0,5.892,-81.026,inf,08-29-2025-Fri 15-49-22-PM,0.0,5.896,-80.8082,inf,08-29-2025-Fri 15-53-51-PM,0.1,5.892,-83.821,73.65,08-29-2025-Fri 15-42-22-PM,-0.1,5.888,-75.8396,-73.6,08-29-2025-Fri 15-49-22-PM,-0.1,5.9,-80.351,-73.75,08-29-2025-Fri 15-46-20-PM,-0.1,5.888,-80.253,-73.6,08-29-2025-Fri 15-53-46-PM,0.1,5.896,-84.577,73.7
08-29-2025-Fri 15-53-48-PM,0.1,5.888,-84.528,73.6,08-29-2025-Fri 15-49-19-PM,0.1,5.896,-81.102,73.7,08-29-2025-Fri 15-50-54-PM,-0.1,5.892,-82.038,-73.65,08-29-2025-Fri 15-55-27-PM,0.3,5.896,-84.6907,24.5667,08-29-2025-Fri 15-42-24-PM,0.1,5.888,-75.709,73.6,08-29-2025-Fri 15-50-54-PM,-0.1,5.896,-80.7101,-73.7,08-29-2025-Fri 15-47-31-PM,0.0,5.888,-79.708,inf,08-29-2025-Fri 15-53-48-PM,0.2,5.888,-84.1364,36.8,08-29-2025-Fri 15-53-48-PM,0.1,5.888,-84.6255,73.6,08-29-2025-Fri 15-49-19-PM,0.1,5.896,-81.037,73.7,08-29-2025-Fri 15-50-54-PM,-0.1,5.892,-82.0486,-73.65,08-29-2025-Fri 15-55-27-PM,0.3,5.896,-84.745,24.5667,08-29-2025-Fri 15-42-24-PM,0.1,5.888,-75.9051,73.6,08-29-2025-Fri 15-50-54-PM,-0.1,5.896,-81.646,-73.7,08-29-2025-Fri 15-47-31-PM,0.0,5.888,-80.8082,inf,08-29-2025-Fri 15-53-48-PM,0.2,5.888,-84.593,36.8
08-29-2025-Fri 15-53-51-PM,0.2,5.888,-84.544,36.8,08-29-2025-Fri 15-49-22-PM,0.0,5.896,-81.0694,inf,08-29-2025-Fri 15-50-56-PM,0.0,5.892,-82.049,inf,08-29-2025-Fri 15-55-29-PM,0.1,5.896,-84.7885,73.7,08-29-2025-Fri 15-42-26-PM,0.0,5.892,-75.741,inf,08-29-2025-Fri 15-50-56-PM,0.0,5.896,-80.7101,inf,08-29-2025-Fri 15-47-34-PM,0.1,5.888,-79.73,73.6,08-29-2025-Fri 15-53-51-PM,0.0,5.892,-84.1364,inf,08-29-2025-Fri 15-53-51-PM,0.2,5.888,-84.6582,36.8,08-29-2025-Fri 15-49-22-PM,0.0,5.896,-81.058,inf,08-29-2025-Fri 15-50-56-PM,0.0,5.892,-82.0813,inf,08-29-2025-Fri 15-55-29-PM,0.1,5.896,-84.788,73.7,08-29-2025-Fri 15-42-26-PM,0.0,5.892,-75.9378,inf,08-29-2025-Fri 15-50-56-PM,0.0,5.896,-81.678,inf,08-29-2025-Fri 15-47-34-PM,0.1,5.888,-80.8734,73.6,08-29-2025-Fri 15-53-51-PM,0.0,5.892,-84.609,inf
08-29-2025-Fri 15-55-27-PM,0.3,5.884,-85.457,24.5167,08-29-2025-Fri 15-50-54-PM,-0.1,5.892,-82.3098,-73.65,08-29-2025-Fri 15-53-46-PM,0.1,5.896,-84.136,73.7,08-29-2025-Fri 15-55-31-PM,0.0,5.896,-84.756,inf,08-29-2025-Fri 15-46-13-PM,0.1,5.884,-78.39,73.55,08-29-2025-Fri 15-53-46-PM,0.2,5.9,-82.7013,36.875,08-29-2025-Fri 15-47-36-PM,-0.1,5.888,-79.763,-73.6,08-29-2025-Fri 15-55-27-PM,0.2,5.892,-85.0167,36.825,08-29-2025-Fri 15-55-27-PM,0.3,5.884,-85.5382,24.5167,08-29-2025-Fri 15-50-54-PM,-0.1,5.892,-82.277,-73.65,08-29-2025-Fri 15-53-46-PM,0.1,5.896,-84.1691,73.7,08-29-2025-Fri 15-55-31-PM,0.0,5.896,-84.789,inf,08-29-2025-Fri 15-46-13-PM,0.1,5.884,-78.5866,73.55,08-29-2025-Fri 15-53-46-PM,0.2,5.9,-83.723,36.875,08-29-2025-Fri 15-47-36-PM,-0.1,5.888,-80.9061,-73.6,08-29-2025-Fri 15-55-27-PM,0.2,5.892,-85.473,36.825
08-29-2025-Fri 15-55-29-PM,0.2,5.888,-85.506,36.8,08-29-2025-Fri 15-50-56-PM,-0.2,5.892,-82.3098,-36.825,08-29-2025-Fri 15-53-48-PM,-0.1,5.896,-84.136,-73.7,08-29-2025-Fri 15-55-34-PM,0.2,5.896,-84.7234,36.85,08-29-2025-Fri 15-46-15-PM,0.0,5.888,-78.423,inf,08-29-2025-Fri 15-53-48-PM,0.1,5.9,-82.7339,73.75,08-29-2025-Fri 15-49-15-PM,0.1,5.884,-80.449,73.55,08-29-2025-Fri 15-55-29-PM,0.0,5.892,-85.0167,inf,08-29-2025-Fri 15-55-29-PM,0.2,5.888,-85.5708,36.8,08-29-2025-Fri 15-50-56-PM,-0.2,5.892,-82.299,-36.825,08-29-2025-Fri 15-53-48-PM,-0.1,5.896,-84.1691,-73.7,08-29-2025-Fri 15-55-34-PM,0.2,5.896,-84.789,36.85,08-29-2025-Fri 15-46-15-PM,0.0,5.888,-78.5866,inf,08-29-2025-Fri 15-53-48-PM,0.1,5.9,-83.734,73.75,08-29-2025-Fri 15-49-15-PM,0.1,5.884,-81.5263,73.55,08-29-2025-Fri 15-55-29-PM,0.0,5.892,-85.489,inf
08-29-2025-Fri 15-55-31-PM,-0.2,5.888,-85.506,-36.8,08-29-2025-Fri 15-53-46-PM,0.1,5.896,-84.4299,73.7,08-29-2025-Fri 15-53-51-PM,-0.1,5.896,-84.136,-73.7,08-29-2025-Fri 15-57-08-PM,0.0,5.892,-85.4079,inf,08-29-2025-Fri 15-46-18-PM,-0.1,5.884,-78.412,-73.55,08-29-2025-Fri 15-53-51-PM,0.2,5.9,-82.7339,36.875,08-29-2025-Fri 15-49-19-PM,-0.1,5.888,-80.46,-73.6,08-29-2025-Fri 15-55-31-PM,0.2,5.896,-85.0167,36.85,08-29-2025-Fri 15-55-31-PM,-0.2,5.888,-85.6033,-36.8,08-29-2025-Fri 15-53-46-PM,0.1,5.896,-84.397,73.7,08-29-2025-Fri 15-53-51-PM,-0.1,5.896,-84.1691,-73.7,08-29-2025-Fri 15-57-08-PM,0.0,5.892,-85.527,inf,08-29-2025-Fri 15-46-18-PM,-0.1,5.884,-78.6194,-73.55,08-29-2025-Fri 15-53-51-PM,0.2,5.9,-83.767,36.875,08-29-2025-Fri 15-49-19-PM,-0.1,5.888,-81.5263,-73.6,08-29-2025-Fri 15-55-31-PM,0.2,5.896,-85.457,36.85
08-29-2025-Fri 15-55-34-PM,0.1,5.888,-85.538,73.6,08-29-2025-Fri 15-53-48-PM,-0.1,5.892,-84.4299,-73.65,08-29-2025-Fri 15-55-27-PM,0.1,5.896,-85.049,73.7,08-29-2025-Fri 15-57-10-PM,0.0,5.892,-85.4731,inf,08-29-2025-Fri 15-46-20-PM,-0.1,5.892,-78.467,-73.65,08-29-2025-Fri 15-55-27-PM,0.2,5.896,-83.6147,36.85,08-29-2025-Fri 15-49-22-PM,0.1,5.884,-80.481,73.55,08-29-2025-Fri 15-55-34-PM,0.0,5.892,-85.0493,inf,08-29-2025-Fri 15-55-34-PM,0.1,5.888,-85.6033,73.6,08-29-2025-Fri 15-53-48-PM,-0.1,5.892,-84.408,-73.65,08-29-2025-Fri 15-55-27-PM,0.1,5.896,-85.0819,73.7,08-29-2025-Fri 15-57-10-PM,0.0,5.892,-85.549,inf,08-29-2025-Fri 15-46-20-PM,-0.1,5.892,-78.652,-73.65,08-29-2025-Fri 15-55-27-PM,0.2,5.896,-84.669,36.85,08-29-2025-Fri 15-49-22-PM,0.1,5.884,-81.5591,73.55,08-29-2025-Fri 15-55-34-PM,0.0,5.892,-85.506,inf
08-29-2025-Fri 15-57-08-PM,0.2,5.888,-86.239,36.8,08-29-2025-Fri 15-53-51-PM,0.2,5.896,-84.4299,36.85,08-29-2025-Fri 15-55-29-PM,-0.3,5.9,-85.114,-24.5833,08-29-2025-Fri 15-57-17-PM,0.1,5.896,-85.5056,73.7,08-29-2025-Fri 15-47-31-PM,0.0,5.888,-79.088,inf,08-29-2025-Fri 15-55-29-PM,0.2,5.9,-83.6147,36.875,08-29-2025-Fri 15-50-54-PM,0.0,5.88,-81.885,inf,08-29-2025-Fri 15-57-08-PM,-0.1,5.892,-85.7337,-73.65,08-29-2025-Fri 15-57-08-PM,0.2,5.888,-86.2877,36.8,08-29-2025-Fri 15-53-51-PM,0.2,5.896,-84.419,36.85,08-29-2025-Fri 15-55-29-PM,-0.3,5.9,-85.1145,-24.5833,08-29-2025-Fri 15-57-17-PM,0.1,5.896,-85.603,73.7,08-29-2025-Fri 15-47-31-PM,0.0,5.888,-79.3383,inf,08-29-2025-Fri 15-55-29-PM,0.2,5.9,-84.68,36.875,08-29-2025-Fri 15-50-54-PM,0.0,5.88,-82.9297,inf,08-29-2025-Fri 15-57-08-PM,-0.1,5.892,-86.157,-73.65
08-29-2025-Fri 15-57-10-PM,0.0,5.888,-86.271,inf,08-29-2025-Fri 15-55-27-PM,0.2,5.892,-85.3753,36.825,08-29-2025-Fri 15-55-31-PM,-0.2,5.896,-85.093,-36.85,08-29-2025-Fri 15-57-20-PM,0.0,5.892,-85.4731,inf,08-29-2025-Fri 15-47-34-PM,0.0,5.888,-79.12,inf,08-29-2025-Fri 15-55-31-PM,-0.1,5.9,-83.6472,-73.75,08-29-2025-Fri 15-50-56-PM,0.1,5.884,-81.918,73.55,08-29-2025-Fri 15-57-10-PM,0.0,5.892,-85.7663,inf,08-29-2025-Fri 15-57-10-PM,0.0,5.888,-86.3203,inf,08-29-2025-Fri 15-55-27-PM,0.2,5.892,-85.332,36.825,08-29-2025-Fri 15-55-31-PM,-0.2,5.896,-85.1145,-36.85,08-29-2025-Fri 15-57-20-PM,0.0,5.892,-85.603,inf,08-29-2025-Fri 15-47-34-PM,0.0,5.888,-79.3383,inf,08-29-2025-Fri 15-55-31-PM,-0.1,5.9,-84.68,-73.75,08-29-2025-Fri 15-50-56-PM,0.1,5.884,-82.9948,73.55,08-29-2025-Fri 15-57-10-PM,0.0,5.892,-86.19,inf
08-29-2025-Fri 15-57-17-PM,-0.1,5.888,-86.304,-73.6,08-29-2025-Fri 15-55-29-PM,0.0,5.892,-85.4404,inf,08-29-2025-Fri 15-55-34-PM,-0.1,5.896,-85.115,-73.7,08-29-2025-Fri 15-57-22-PM,0.2,5.892,-85.5382,36.825,08-29-2025-Fri 15-47-36-PM,0.1,5.884,-79.142,73.55,08-29-2025-Fri 15-55-34-PM,-0.1,5.896,-83.6799,-73.7,08-29-2025-Fri 15-53-46-PM,-0.1,5.884,-83.952,-73.55,08-29-2025-Fri 15-57-17-PM,0.1,5.892,-85.799,73.65,08-29-2025-Fri 15-57-17-PM,-0.1,5.888,-86.3854,-73.6,08-29-2025-Fri 15-55-29-PM,0.0,5.892,-85.375,inf,08-29-2025-Fri 15-55-34-PM,-0.1,5.896,-85.1471,-73.7,08-29-2025-Fri 15-57-22-PM,0.2,5.892,-85.636,36.825,08-29-2025-Fri 15-47-36-PM,0.1,5.884,-79.3709,73.55,08-29-2025-Fri 15-55-34-PM,-0.1,5.896,-84.712,-73.7,08-29-2025-Fri 15-53-46-PM,-0.1,5.884,-85.0493,-73.55,08-29-2025-Fri 15-57-17-PM,0.1,5.892,-86.239,73.65
08-29-2025-Fri 15-57-20-PM,0.0,5.888,-86.32,inf,08-29-2025-Fri 15-55-31-PM,0.2,5.896,-85.4079,36.85,08-29-2025-Fri 15-57-08-PM,0.1,5.896,-85.81,73.7,08-29-2025-Fri 15-57-25-PM,-0.1,5.896,-85.5708,-73.7,08-29-2025-Fri 15-49-15-PM,0.0,5.888,-79.894,inf,08-29-2025-Fri 15-57-08-PM,-0.1,5.9,-84.3974,-73.75,08-29-2025-Fri 15-53-48-PM,-0.2,5.888,-83.973,-36.8,08-29-2025-Fri 15-57-20-PM,0.1,5.892,-85.8315,73.65,08-29-2025-Fri 15-57-20-PM,0.0,5.888,-86.3854,inf,08-29-2025-Fri 15-55-31-PM,0.2,5.896,-85.375,36.85,08-29-2025-Fri 15-57-08-PM,0.1,5.896,-85.8315,73.7,08-29-2025-Fri 15-57-25-PM,-0.1,5.896,-85.647,-73.7,08-29-2025-Fri 15-49-15-PM,0.0,5.888,-80.155,inf,08-29-2025-Fri 15-57-08-PM,-0.1,5.9,-85.44,-73.75,08-29-2025-Fri 15-53-48-PM,-0.2,5.888,-85.0493,-36.8,08-29-2025-Fri 15-57-20-PM,0.1,5.892,-86.255,73.65
08-29-2025-Fri 15-57-22-PM,-0.1,5.892,-86.32,-73.65,08-29-2025-Fri 15-55-34-PM,0.0,5.896,-85.4731,inf,08-29-2025-Fri 15-57-10-PM,0.1,5.896,-85.853,73.7,08-29-2025-Fri 15-57-27-PM,-0.3,5.896,-85.5708,-24.5667,08-29-2025-Fri 15-49-19-PM,-0.2,5.888,-79.915,-36.8,08-29-2025-Fri 15-57-10-PM,-0.1,5.896,-84.4625,-73.7,08-29-2025-Fri 15-53-51-PM,0.0,5.888,-83.984,inf,08-29-2025-Fri 15-57-22-PM,0.1,5.892,-85.8315,73.65,08-29-2025-Fri 15-57-22-PM,-0.1,5.892,-86.3854,-73.65,08-29-2025-Fri 15-55-34-PM,0.0,5.896,-85.408,inf,08-29-2025-Fri 15-57-10-PM,0.1,5.896,-85.8641,73.7,08-29-2025-Fri 15-57-27-PM,-0.3,5.896,-85.669,-24.5667,08-29-2025-Fri 15-49-19-PM,-0.2,5.888,-80.1877,-36.8,08-29-2025-Fri 15-57-10-PM,-0.1,5.896,-85.462,-73.7,08-29-2025-Fri 15-53-51-PM,0.0,5.888,-85.0819,inf,08-29-2025-Fri 15-57-22-PM,0.1,5.892,-86.271,73.65
08-29-2025-Fri 15-57-25-PM,0.0,5.888,-86.336,inf,08-29-2025-Fri 15-57-08-PM,0.0,5.896,-86.1899,inf,08-29-2025-Fri 15-57-17-PM,-0.1,5.896,-85.886,-73.7,08-29-2025-Fri 15-57-30-PM,-0.1,5.892,-85.636,-73.65,08-29-2025-Fri 15-49-22-PM,0.0,5.888,-79.937,inf,08-29-2025-Fri 15-57-17-PM,0.2,5.9,-84.4952,36.875,08-29-2025-Fri 15-55-27-PM,0.1,5.892,-84.854,73.65,08-29-2025-Fri 15-57-25-PM,0.0,5.892,-85.8315,inf,08-29-2025-Fri 15-57-25-PM,0.0,5.888,-86.4179,inf,08-29-2025-Fri 15-57-08-PM,0.0,5.896,-86.103,inf,08-29-2025-Fri 15-57-17-PM,-0.1,5.896,-85.9292,-73.7,08-29-2025-Fri 15-57-30-PM,-0.1,5.892,-85.712,-73.65,08-29-2025-Fri 15-49-22-PM,0.0,5.888,-80.2202,inf,08-29-2025-Fri 15-57-17-PM,0.2,5.9,-85.516,36.875,08-29-2025-Fri 15-55-27-PM,0.1,5.892,-85.9292,73.65,08-29-2025-Fri 15-57-25-PM,0.0,5.892,-86.271,inf
08-29-2025-Fri 15-57-27-PM,0.1,5.888,-86.353,73.6,08-29-2025-Fri 15-57-10-PM,-0.1,5.892,-86.2225,-73.65,08-29-2025-Fri 15-57-20-PM,-0.4,5.892,-85.886,-18.4125,08-29-2025-Fri 15-57-32-PM,-0.1,5.896,-85.6033,-73.7,08-29-2025-Fri 15-50-54-PM,-0.1,5.88,-81.254,-73.5,08-29-2025-Fri 15-57-20-PM,0.2,5.9,-84.4952,36.875,08-29-2025-Fri 15-55-29-PM,0.2,5.888,-84.864,36.8,08-29-2025-Fri 15-57-27-PM,0.0,5.892,-85.8641,inf,08-29-2025-Fri 15-57-27-PM,0.1,5.888,-86.4179,73.6,08-29-2025-Fri 15-57-10-PM,-0.1,5.892,-86.136,-73.65,08-29-2025-Fri 15-57-20-PM,-0.4,5.892,-85.9292,-18.4125,08-29-2025-Fri 15-57-32-PM,-0.1,5.896,-85.712,-73.7,08-29-2025-Fri 15-50-54-PM,-0.1,5.88,-81.2979,-73.5,08-29-2025-Fri 15-57-20-PM,0.2,5.9,-85.527,36.875,08-29-2025-Fri 15-55-29-PM,0.2,5.888,-85.9619,36.8,08-29-2025-Fri 15-57-27-PM,0.0,5.892,-86.288,inf
08-29-2025-Fri 15-57-30-PM,-0.1,5.888,-86.402,-73.6,08-29-2025-Fri 15-57-17-PM,-0.1,5.896,-86.2225,-73.7,08-29-2025-Fri 15-57-22-PM,-0.1,5.896,-85.918,-73.7,08-29-2025-Fri 15-58-40-PM,-0.1,5.892,-85.9944,-73.65,08-29-2025-Fri 15-50-56-PM,0.0,5.88,-81.265,inf,08-29-2025-Fri 15-57-22-PM,-0.1,5.9,-84.5278,-73.75,08-29-2025-Fri 15-55-31-PM,0.0,5.884,-84.854,inf,08-29-2025-Fri 15-57-30-PM,0.1,5.892,-85.8967,73.65,08-29-2025-Fri 15-57-30-PM,-0.1,5.888,-86.4505,-73.6,08-29-2025-Fri 15-57-17-PM,-0.1,5.896,-86.179,-73.7,08-29-2025-Fri 15-57-22-PM,-0.1,5.896,-85.9619,-73.7,08-29-2025-Fri 15-58-40-PM,-0.1,5.892,-86.136,-73.65,08-29-2025-Fri 15-50-56-PM,0.0,5.88,-81.3306,inf,08-29-2025-Fri 15-57-22-PM,-0.1,5.9,-85.549,-73.75,08-29-2025-Fri 15-55-31-PM,0.0,5.884,-85.8967,inf,08-29-2025-Fri 15-57-30-PM,0.1,5.892,-86.32,73.65
08-29-2025-Fri 15-57-32-PM,0.1,5.888,-86.402,73.6,08-29-2025-Fri 15-57-20-PM,0.2,5.896,-86.255,36.85,08-29-2025-Fri 15-57-25-PM,0.0,5.892,-85.929,inf,08-29-2025-Fri 15-58-42-PM,0.1,5.892,-85.9944,73.65,08-29-2025-Fri 15-53-46-PM,0.0,5.888,-83.31,inf,08-29-2025-Fri 15-57-25-PM,0.0,5.9,-84.5278,inf,08-29-2025-Fri 15-55-34-PM,0.1,5.884,-84.897,73.55,08-29-2025-Fri 15-57-32-PM,-0.2,5.892,-85.8967,-36.825,08-29-2025-Fri 15-57-32-PM,0.1,5.888,-86.4831,73.6,08-29-2025-Fri 15-57-20-PM,0.2,5.896,-86.19,36.85,08-29-2025-Fri 15-57-25-PM,0.0,5.892,-85.9619,inf,08-29-2025-Fri 15-58-42-PM,0.1,5.892,-86.136,73.65,08-29-2025-Fri 15-53-46-PM,0.0,5.888,-83.419,inf,08-29-2025-Fri 15-57-25-PM,0.0,5.9,-85.549,inf,08-29-2025-Fri 15-55-34-PM,0.1,5.884,-85.9619,73.55,08-29-2025-Fri 15-57-32-PM,-0.2,5.892,-86.336,-36.825
08-29-2025-Fri 15-58-40-PM,0.0,5.888,-86.809,inf,08-29-2025-Fri 15-57-22-PM,0.0,5.896,-86.255,inf,08-29-2025-Fri 15-57-27-PM,-0.3,5.896,-85.951,-24.5667,08-29-2025-Fri 15-58-45-PM,0.2,5.892,-86.0269,36.825,08-29-2025-Fri 15-53-48-PM,0.0,5.884,-83.321,inf,08-29-2025-Fri 15-57-27-PM,-0.1,5.9,-84.5604,-73.75,08-29-2025-Fri 15-57-08-PM,0.0,5.888,-85.571,inf,08-29-2025-Fri 15-58-40-PM,0.0,5.892,-86.3203,inf,08-29-2025-Fri 15-58-40-PM,0.0,5.888,-86.874,inf,08-29-2025-Fri 15-57-22-PM,0.0,5.896,-86.201,inf,08-29-2025-Fri 15-57-27-PM,-0.3,5.896,-85.9944,-24.5667,08-29-2025-Fri 15-58-45-PM,0.2,5.892,-86.168,36.825,08-29-2025-Fri 15-53-48-PM,0.0,5.884,-83.419,inf,08-29-2025-Fri 15-57-27-PM,-0.1,5.9,-85.571,-73.75,08-29-2025-Fri 15-57-08-PM,0.0,5.888,-86.5807,inf,08-29-2025-Fri 15-58-40-PM,0.0,5.892,-86.711,inf
08-29-2025-Fri 15-58-42-PM,0.1,5.888,-86.825,73.6,08-29-2025-Fri 15-57-25-PM,0.3,5.896,-86.255,24.5667,08-29-2025-Fri 15-57-30-PM,-0.2,5.896,-86.005,-36.85,08-29-2025-Fri 15-58-47-PM,-0.2,5.892,-86.0596,-36.825,08-29-2025-Fri 15-53-51-PM,0.2,5.884,-83.343,36.775,08-29-2025-Fri 15-57-30-PM,0.2,5.896,-84.5604,36.85,08-29-2025-Fri 15-57-10-PM,0.0,5.884,-85.614,inf,08-29-2025-Fri 15-58-42-PM,0.2,5.892,-86.3528,36.825,08-29-2025-Fri 15-58-42-PM,0.1,5.888,-86.874,73.6,08-29-2025-Fri 15-57-25-PM,0.3,5.896,-86.212,24.5667,08-29-2025-Fri 15-57-30-PM,-0.2,5.896,-86.0269,-36.85,08-29-2025-Fri 15-58-47-PM,-0.2,5.892,-86.179,-36.825,08-29-2025-Fri 15-53-51-PM,0.2,5.884,-83.4842,36.775,08-29-2025-Fri 15-57-30-PM,0.2,5.896,-85.592,36.85,08-29-2025-Fri 15-57-10-PM,0.0,5.884,-86.6134,inf,08-29-2025-Fri 15-58-42-PM,0.2,5.892,-86.727,36.825
08-29-2025-Fri 15-58-45-PM,-0.1,5.888,-86.841,-73.6,08-29-2025-Fri 15-57-27-PM,0.2,5.896,-86.2877,36.85,08-29-2025-Fri 15-57-32-PM,-0.3,5.896,-85.984,-24.5667,08-29-2025-Fri 15-58-50-PM,0.0,5.896,-86.1248,inf,08-29-2025-Fri 15-55-27-PM,-0.1,5.884,-84.256,-73.55,08-29-2025-Fri 15-57-32-PM,-0.1,5.9,-84.593,-73.75,08-29-2025-Fri 15-57-17-PM,0.3,5.888,-85.658,24.5333,08-29-2025-Fri 15-58-45-PM,-0.1,5.888,-86.3528,-73.6,08-29-2025-Fri 15-58-45-PM,-0.1,5.888,-86.9065,-73.6,08-29-2025-Fri 15-57-27-PM,0.2,5.896,-86.233,36.85,08-29-2025-Fri 15-57-32-PM,-0.3,5.896,-86.0269,-24.5667,08-29-2025-Fri 15-58-50-PM,0.0,5.896,-86.222,inf,08-29-2025-Fri 15-55-27-PM,-0.1,5.884,-84.4625,-73.55,08-29-2025-Fri 15-57-32-PM,-0.1,5.9,-85.625,-73.75,08-29-2025-Fri 15-57-17-PM,0.3,5.888,-86.6786,24.5333,08-29-2025-Fri 15-58-45-PM,-0.1,5.888,-86.744,-73.6
08-29-2025-Fri 15-58-47-PM,-0.1,5.888,-86.825,-73.6,08-29-2025-Fri 15-57-30-PM,0.1,5.896,-86.3528,73.7,08-29-2025-Fri 15-58-40-PM,-0.1,5.896,-86.396,-73.7,08-29-2025-Fri 15-58-52-PM,0.0,5.892,-86.1248,inf,08-29-2025-Fri 15-55-29-PM,0.0,5.888,-84.289,inf,08-29-2025-Fri 15-58-40-PM,-0.1,5.9,-85.0493,-73.75,08-29-2025-Fri 15-57-20-PM,-0.1,5.888,-85.668,-73.6,08-29-2025-Fri 15-58-47-PM,0.0,5.892,-86.3528,inf,08-29-2025-Fri 15-58-47-PM,-0.1,5.888,-86.9065,-73.6,08-29-2025-Fri 15-57-30-PM,0.1,5.896,-86.277,73.7,08-29-2025-Fri 15-58-40-PM,-0.1,5.896,-86.4505,-73.7,08-29-2025-Fri 15-58-52-PM,0.0,5.892,-86.222,inf,08-29-2025-Fri 15-55-29-PM,0.0,5.888,-84.4625,inf,08-29-2025-Fri 15-58-40-PM,-0.1,5.9,-86.038,-73.75,08-29-2025-Fri 15-57-20-PM,-0.1,5.888,-86.6786,-73.6,08-29-2025-Fri 15-58-47-PM,0.0,5.892,-86.76,inf
08-29-2025-Fri 15-58-50-PM,0.0,5.888,-86.841,inf,08-29-2025-Fri 15-57-32-PM,0.1,5.896,-86.3203,73.7,08-29-2025-Fri 15-58-42-PM,0.1,5.892,-86.407,73.65,08-29-2025-Fri 15-58-55-PM,0.0,5.896,-86.0921,inf,08-29-2025-Fri 15-55-31-PM,0.1,5.884,-84.299,73.55,08-29-2025-Fri 15-58-42-PM,-0.3,5.9,-85.0493,-24.5833,08-29-2025-Fri 15-57-22-PM,0.2,5.884,-85.69,36.775,08-29-2025-Fri 15-58-50-PM,0.1,5.892,-86.3528,73.65,08-29-2025-Fri 15-58-50-PM,0.0,5.888,-86.9065,inf,08-29-2025-Fri 15-57-32-PM,0.1,5.896,-86.277,73.7,08-29-2025-Fri 15-58-42-PM,0.1,5.892,-86.4505,73.65,08-29-2025-Fri 15-58-55-PM,0.0,5.896,-86.233,inf,08-29-2025-Fri 15-55-31-PM,0.1,5.884,-84.4952,73.55,08-29-2025-Fri 15-58-42-PM,-0.3,5.9,-86.038,-24.5833,08-29-2025-Fri 15-57-22-PM,0.2,5.884,-86.7111,36.775,08-29-2025-Fri 15-58-50-PM,0.1,5.892,-86.744,73.65
08-29-2025-Fri 15-58-52-PM,0.3,5.888,-86.89,24.5333,08-29-2025-Fri 15-58-40-PM,0.3,5.892,-86.7436,24.55,08-29-2025-Fri 15-58-45-PM,-0.2,5.896,-86.429,-36.85,,,,,,08-29-2025-Fri 15-55-34-PM,-0.2,5.884,-84.3,-36.775,08-29-2025-Fri 15-58-45-PM,0.2,5.9,-85.0819,36.875,08-29-2025-Fri 15-57-25-PM,0.0,5.888,-85.69,inf,08-29-2025-Fri 15-58-52-PM,0.3,5.888,-86.3854,24.5333,08-29-2025-Fri 15-58-52-PM,0.3,5.888,-86.9391,24.5333,08-29-2025-Fri 15-58-40-PM,0.3,5.892,-86.689,24.55,08-29-2025-Fri 15-58-45-PM,-0.2,5.896,-86.4831,-36.85,,,,,,08-29-2025-Fri 15-55-34-PM,-0.2,5.884,-84.4952,-36.775,08-29-2025-Fri 15-58-45-PM,0.2,5.9,-86.07,36.875,08-29-2025-Fri 15-57-25-PM,0.0,5.888,-86.7111,inf,08-29-2025-Fri 15-58-52-PM,0.3,5.888,-86.776,24.5333
08-29-2025-Fri 15-58-55-PM,0.1,5.888,-86.89,73.6,08-29-2025-Fri 15-58-42-PM,0.1,5.896,-86.7762,73.7,08-29-2025-Fri 15-58-47-PM,-0.2,5.896,-86.429,-36.85,,,,,,08-29-2025-Fri 15-57-08-PM,-0.1,5.884,-85.049,-73.55,08-29-2025-Fri 15-58-47-PM,0.0,5.9,-85.1145,inf,08-29-2025-Fri 15-57-27-PM,0.1,5.892,-85.712,73.65,08-29-2025-Fri 15-58-55-PM,0.1,5.892,-86.4179,73.65,08-29-2025-Fri 15-58-55-PM,0.1,5.888,-86.9391,73.6,08-29-2025-Fri 15-58-42-PM,0.1,5.896,-86.7,73.7,08-29-2025-Fri 15-58-47-PM,-0.2,5.896,-86.4831,-36.85,,,,,,08-29-2025-Fri 15-57-08-PM,-0.1,5.884,-85.3427,-73.55,08-29-2025-Fri 15-58-47-PM,0.0,5.9,-86.092,inf,08-29-2025-Fri 15-57-27-PM,0.1,5.892,-86.7111,73.65,08-29-2025-Fri 15-58-55-PM,0.1,5.892,-86.809,73.65
,,,,,08-29-2025-Fri 15-58-45-PM,-0.1,5.896,-86.7762,-73.7,08-29-2025-Fri 15-58-50-PM,0.2,5.896,-86.472,36.85,,,,,,08-29-2025-Fri 15-57-10-PM,-0.2,5.892,-85.082,-36.825,08-29-2025-Fri 15-58-50-PM,0.1,5.9,-85.1145,73.75,08-29-2025-Fri 15-57-30-PM,0.1,5.888,-85.734,73.6,,,,,,,,,,,08-29-2025-Fri 15-58-45-PM,-0.1,5.896,-86.722,-73.7,08-29-2025-Fri 15-58-50-PM,0.2,5.896,-86.5157,36.85,,,,,,08-29-2025-Fri 15-57-10-PM,-0.2,5.892,-85.3102,-36.825,08-29-2025-Fri 15-58-50-PM,0.1,5.9,-86.092,73.75,08-29-2025-Fri 15-57-30-PM,0.1,5.888,-86.7436,73.6,,,,,
,,,,,08-29-2025-Fri 15-58-47-PM,-0.2,5.896,-86.7436,-36.85,08-29-2025-Fri 15-58-52-PM,-0.1,5.892,-86.494,-73.65,,,,,,08-29-2025-Fri 15-57-17-PM,-0.3,5.884,-85.125,-24.5167,08-29-2025-Fri 15-58-52-PM,-0.1,5.9,-85.1145,-73.75,08-29-2025-Fri 15-57-32-PM,-0.1,5.888,-85.755,-73.6,,,,,,,,,,,08-29-2025-Fri 15-58-47-PM,-0.2,5.896,-86.711,-36.85,08-29-2025-Fri 15-58-52-PM,-0.1,5.892,-86.5157,-73.65,,,,,,08-29-2025-Fri 15-57-17-PM,-0.3,5.884,-85.3753,-24.5167,08-29-2025-Fri 15-58-52-PM,-0.1,5.9,-86.103,-73.75,08-29-2025-Fri 15-57-32-PM,-0.1,5.888,-86.7762,-73.6,,,,,
,,,,,08-29-2025-Fri 15-58-50-PM,0.1,5.896,-86.7762,73.7,08-29-2025-Fri 15-58-55-PM,-0.2,5.892,-86.494,-36.825,,,,,,08-29-2025-Fri 15-57-20-PM,-0.3,5.884,-85.125,-24.5167,08-29-2025-Fri 15-58-55-PM,0.0,5.9,-85.1145,inf,08-29-2025-Fri 15-58-40-PM,0.0,5.888,-86.157,inf,,,,,,,,,,,08-29-2025-Fri 15-58-50-PM,0.1,5.896,-86.733,73.7,08-29-2025-Fri 15-58-55-PM,-0.2,5.892,-86.5482,-36.825,,,,,,08-29-2025-Fri 15-57-20-PM,-0.3,5.884,-85.4079,-24.5167,08-29-2025-Fri 15-58-55-PM,0.0,5.9,-86.125,inf,08-29-2025-Fri 15-58-40-PM,0.0,5.888,-87.1019,inf,,,,,
,,,,,08-29-2025-Fri 15-58-52-PM,0.0,5.892,-86.8414,inf,,,,,,,,,,,08-29-2025-Fri 15-57-22-PM,-0.2,5.884,-85.158,-36.775,,,,,,08-29-2025-Fri 15-58-42-PM,-0.2,5.888,-86.168,-36.8,,,,,,,,,,,08-29-2025-Fri 15-58-52-PM,0.0,5.892,-86.765,inf,,,,,,,,,,,08-29-2025-Fri 15-57-22-PM,-0.2,5.884,-85.4079,-36.775,,,,,,08-29-2025-Fri 15-58-42-PM,-0.2,5.888,-87.1019,-36.8,,,,,
,,,,,08-29-2025-Fri 15-58-55-PM,0.1,5.896,-86.8414,73.7,,,,,,,,,,,08-29-2025-Fri 15-57-25-PM,0.1,5.884,-85.169,73.55,,,,,,08-29-2025-Fri 15-58-45-PM,0.0,5.888,-86.19,inf,,,,,,,,,,,08-29-2025-Fri 15-58-55-PM,0.1,5.896,-86.776,73.7,,,,,,,,,,,08-29-2025-Fri 15-57-25-PM,0.1,5.884,-85.4079,73.55,,,,,,08-29-2025-Fri 15-58-45-PM,0.0,5.888,-87.1345,inf,,,,,
,,,,,,,,,,,,,,,,,,,,08-29-2025-Fri 15-57-27-PM,0.0,5.888,-85.191,inf,,,,,,08-29-2025-Fri 15-58-47-PM,-0.2,5.888,-86.211,-36.8,,,,,,,,,,,,,,,,,,,,,,,,,,08-29-2025-Fri 15-57-27-PM,0.0,5.888,-85.4404,inf,,,,,,08-29-2025-Fri 15-58-47-PM,-0.2,5.888,-87.1671,-36.8,,,,,
,,,,,,,,,,,,,,,,,,,,08-29-2025-Fri 15-57-30-PM,-0.1,5.888,-85.223,-73.6,,,,,,08-29-2025-Fri 15-58-50-PM,-0.3,5.888,-86.201,-24.5333,,,,,,,,,,,,,,,,,,,,,,,,,,08-29-2025-Fri 15-57-30-PM,-0.1,5.888,-85.4731,-73.6,,,,,,08-29-2025-Fri 15-58-50-PM,-0.3,5.888,-87.1345,-24.5333,,,,,
,,,,,,,,,,,,,,,,,,,,08-29-2025-Fri 15-57-32-PM,-0.1,5.884,-85.234,-73.55,,,,,,08-29-2025-Fri 15-58-52-PM,-0.2,5.884,-86.222,-36.775,,,,,,,,,,,,,,,,,,,,,,,,,,08-29-2025-Fri 15-57-32-PM,-0.1,5.884,-85.5056,-73.55,,,,,,08-29-2025-Fri 15-58-52-PM,-0.2,5.884,-87.1671,-36.775,,,,,
,,,,,,,,,,,,,,,,,,,,08-29-2025-Fri 15-58-40-PM,-0.2,5.884,-85.669,-36.775,,,,,,08-29-2025-Fri 15-58-55-PM,0.0,5.888,-86.244,inf,,,,,,,,,,,,,,,,,,,,,,,,,,08-29-2025-Fri 15-58-40-PM,-0.2,5.884,-85.9619,-36.775,,,,,,08-29-2025-Fri 15-58-55-PM,0.0,5.888,-87.1996,inf,,,,,
,,,,,,,,,,,,,,,,,,,,08-29-2025-Fri 15-58-42-PM,0.0,5.884,-85.669,inf,,,,,,,,,,,,,,,,,,,,,,,,,,,,,,,,,,,,08-29-2025-Fri 15-58-42-PM,0.0,5.884,-85.9619,inf,,,,,,,,,,,,,,,
,,,,,,,,,,,,,,,,,,,,08-29-2025-Fri 15-58-45-PM,0.0,5.884,-85.701,inf,,,,,,,,,,,,,,,,,,,,,,,,,,,,,,,,,,,,08-29-2025-Fri 15-58-45-PM,0.0,5.884,-85.9944,inf,,,,,,,,,,,,,,,
,,,,,,,,,,,,,,,,,,,,08-29-2025-Fri 15-58-47-PM,-0.3,5.884,-85.723,-24.5167,,,,,,,,,,,,,,,,,,,,,,,,,,,,,,,,,,,,08-29-2025-Fri 15-58-47-PM,-0.3,5.884,-85.9944,-24.5167,,,,,,,,,,,,,,,
,,,,,,,,,,,,,,,,,,,,08-29-2025-Fri 15-58-50-PM,-0.1,5.888,-85.755,-73.6,,,,,,,,,,,,,,,,,,,,,,,,,,,,,,,,,,,,08-29-2025-Fri 15-58-50-PM,-0.1,5.888,-86.0269,-73.6,,,,,,,,,,,,,,,
,,,,,,,,,,,,,,,,,,,,08-29-2025-Fri 15-58-52-PM,0.0,5.884,-85.755,inf,,,,,,,,,,,,,,,,,,,,,,,,,,,,,,,,,,,,08-29-2025-Fri 15-58-52-PM,0.0,5.884,-86.0269,inf,,,,,,,,,,,,,,,
,,,,,,,,,,,,,,,,,,,,08-29-2025-Fri 15-58-55-PM,0.0,5.888,-85.755,inf,,,,,,,,,,,,,,,,,,,,,,,,,,,,,,,,,,,,08-29-2025-Fri 15-58-55-PM,0.0,5.888,-86.0596,inf,,,,,,,,,,,,,,,
