"Latest: Time (s)","Latest: Current (A)","Latest: Oxygen Gas (ppm)","Latest: Temperature (Â°C)"
0,-0.000457763671875,4090.87709733,21.7950829325
1,-0.000476837158203,4110.95501942,21.7936229014
2,-0.000495910644531,4120.99398047,21.7936229014
3,-0.000476837158203,4120.99398047,21.7936229014
4,-0.000495910644531,4120.99398047,21.7950829325
5,-0.000457763671875,4126.01346099,21.7936229014
6,-0.000476837158203,4126.01346099,21.7921628622
7,-0.000495910644531,4131.03294151,21.7936229014
8,-0.000514984130859,4146.09138308,21.7936229014
9,-0.000495910644531,4141.07190256,21.7950829325
10,-0.000495910644531,4146.09138308,21.7965429556
11,-0.000476837158203,4166.16930517,21.7965429556
12,-0.000476837158203,4186.24722726,21.7936229014
13,-0.000495910644531,4196.28618831,21.7936229014
14,-0.000514984130859,4201.30566883,21.7965429556
15,-0.000534057617188,4206.32514935,21.7950829325
16,-0.000495910644531,4206.32514935,21.7980029707
17,-0.000476837158203,4221.38359092,21.7980029707
18,-0.000476837158203,4231.42255197,21.7965429556
19,-0.000495910644531,4236.44203249,21.7965429556
20,-0.000495910644531,4246.48099353,21.7965429556
21,-0.000514984130859,4266.55891562,21.7965429556
22,-0.000534057617188,4261.5394351,21.7965429556
23,-0.000476837158203,4271.57839615,21.7965429556
24,-0.000495910644531,4276.59787667,21.7980029707
25,-0.000495910644531,4281.61735719,21.7980029707
26,-0.000514984130859,4281.61735719,21.7994629779
27,-0.000495910644531,4281.61735719,21.7980029707
28,-0.000495910644531,4291.65631824,21.7980029707
29,-0.000514984130859,4291.65631824,21.7950829325
30,-0.000476837158203,4286.63683771,21.7965429556
31,-0.000495910644531,4296.67579876,21.7965429556
32,-0.000495910644531,4286.63683771,21.7980029707
33,-0.000476837158203,4306.7147598,21.7980029707
34,-0.000476837158203,4306.7147598,21.7980029707
35,-0.000476837158203,4331.81216242,21.7980029707
36,-0.000476837158203,4331.81216242,21.800922977
37,-0.000476837158203,4336.83164294,21.7994629779
38,-0.000476837158203,4341.85112346,21.7980029707
39,-0.000476837158203,4361.92904555,21.7965429556
40,-0.000476837158203,4351.89008451,21.800922977
41,-0.000495910644531,4356.90956503,21.7994629779
42,-0.000476837158203,4361.92904555,21.7965429556
43,-0.000476837158203,4361.92904555,21.7980029707
44,-0.000476837158203,4351.89008451,21.7965429556
45,-0.000495910644531,4366.94852608,21.7980029707
46,-0.000495910644531,4366.94852608,21.7965429556
47,-0.000457763671875,4366.94852608,21.7965429556
48,-0.000476837158203,4366.94852608,21.7950829325
49,-0.000476837158203,4366.94852608,21.7980029707
50,-0.000476837158203,4366.94852608,21.7994629779
51,-0.000476837158203,4366.94852608,21.7965429556
52,-0.000457763671875,4366.94852608,21.7980029707
53,-0.000476837158203,4371.9680066,21.7980029707
54,-0.000495910644531,4366.94852608,21.7980029707
55,-0.000514984130859,4366.94852608,21.7965429556
56,-0.000514984130859,4366.94852608,21.7980029707
57,-0.000457763671875,4371.9680066,21.7980029707
58,-0.000495910644531,4371.9680066,21.7965429556
59,-0.000476837158203,4371.9680066,21.7994629779
60,-0.000476837158203,4376.98748712,21.7980029707
61,-0.000476837158203,4387.02644817,21.7965429556
62,-0.000476837158203,4397.06540921,21.7980029707
63,-0.000476837158203,4392.04592869,21.7936229014
64,-0.000476837158203,4397.06540921,21.7980029707
65,-0.000476837158203,4402.08488973,21.7965429556
66,-0.000476837158203,4422.16281182,21.7965429556
67,-0.000476837158203,4412.12385078,21.7980029707
68,-0.000476837158203,4432.20177287,21.7965429556
69,-0.000476837158203,4432.20177287,21.7950829325
70,-0.000495910644531,4437.22125339,21.7965429556
71,-0.000457763671875,4442.24073392,21.7950829325
72,-0.000457763671875,4442.24073392,21.7965429556
73,-0.000495910644531,4442.24073392,21.7965429556
74,-0.000476837158203,4447.26021444,21.7980029707
75,-0.000476837158203,4442.24073392,21.7950829325
76,-0.000476837158203,4452.27969496,21.7950829325
77,-0.000495910644531,4452.27969496,21.7950829325
78,-0.000476837158203,4457.29917548,21.7921628622
79,-0.000476837158203,4457.29917548,21.7936229014
80,-0.000476837158203,4462.31865601,21.7950829325
81,-0.000495910644531,4467.33813653,21.7936229014
82,-0.000457763671875,4467.33813653,21.7950829325
83,-0.000476837158203,4482.3965781,21.7950829325
84,-0.000476837158203,4477.37709757,21.7950829325
85,-0.000495910644531,4492.43553914,21.7950829325
86,-0.000495910644531,4492.43553914,21.7907028151
87,-0.000457763671875,4492.43553914,21.7936229014
88,-0.000476837158203,4502.47450019,21.7936229014
89,-0.000438690185547,4497.45501966,21.7936229014
90,-0.000476837158203,4502.47450019,21.7907028151
91,-0.000476837158203,4512.51346123,21.7907028151
92,-0.000476837158203,4512.51346123,21.7921628622
93,-0.000495910644531,4512.51346123,21.7907028151
94,-0.000476837158203,4517.53294175,21.7921628622
95,-0.000457763671875,4517.53294175,21.7877826967
96,-0.000438690185547,4517.53294175,21.7907028151
97,-0.000457763671875,4517.53294175,21.7877826967
98,-0.000495910644531,4517.53294175,21.7907028151
99,-0.000438690185547,4517.53294175,21.7907028151
100,-0.000476837158203,4522.55242228,21.7907028151
101,-0.000476837158203,4522.55242228,21.7892427599
102,-0.000476837158203,4522.55242228,21.7921628622
103,-0.000476837158203,4517.53294175,21.7892427599
104,-0.000457763671875,4522.55242228,21.7907028151
105,-0.000457763671875,4522.55242228,21.7907028151
106,-0.000476837158203,4522.55242228,21.7907028151
107,-0.000457763671875,4522.55242228,21.7892427599
108,-0.000476837158203,4522.55242228,21.7863226255
109,-0.000457763671875,4527.5719028,21.7907028151
110,-0.000476837158203,4527.5719028,21.7877826967
111,-0.000476837158203,4527.5719028,21.7892427599
112,-0.000457763671875,4532.59138332,21.7877826967
113,-0.000476837158203,4532.59138332,21.7892427599
114,-0.000476837158203,4532.59138332,21.7863226255
115,-0.000476837158203,4542.63034437,21.7877826967
116,-0.000495910644531,4532.59138332,21.7892427599
117,-0.000495910644531,4537.61086384,21.7877826967
118,-0.000438690185547,4547.64982489,21.7848625463
119,-0.000438690185547,4537.61086384,21.7863226255
120,-0.000457763671875,4552.66930541,21.7863226255
121,-0.000457763671875,4562.70826646,21.7892427599
122,-0.000476837158203,4552.66930541,21.7877826967
123,-0.000457763671875,4557.68878594,21.7863226255
124,-0.000476837158203,4567.72774698,21.783402459
125,-0.000476837158203,4562.70826646,21.7848625463
126,-0.000438690185547,4567.72774698,21.783402459
127,-0.000438690185547,4577.76670803,21.7877826967
128,-0.000457763671875,4562.70826646,21.7848625463
129,-0.000457763671875,4562.70826646,21.7848625463
130,-0.000476837158203,4572.7472275,21.7848625463
131,-0.000476837158203,4572.7472275,21.783402459
132,-0.000457763671875,4577.76670803,21.7848625463
133,-0.000476837158203,4577.76670803,21.7848625463
134,-0.000476837158203,4577.76670803,21.7848625463
135,-0.000438690185547,4587.80566907,21.7848625463
136,-0.000438690185547,4592.82514959,21.783402459
137,-0.000438690185547,4587.80566907,21.783402459
138,-0.000438690185547,4592.82514959,21.7819423637
139,-0.000476837158203,4592.82514959,21.7804822604
140,-0.000457763671875,4597.84463012,21.783402459
141,-0.000476837158203,4592.82514959,21.7819423637
142,-0.000476837158203,4587.80566907,21.7804822604
143,-0.000495910644531,4592.82514959,21.7804822604
144,-0.000457763671875,4602.86411064,21.7804822604
145,-0.000476837158203,4597.84463012,21.7790221491
146,-0.000457763671875,4597.84463012,21.7804822604
147,-0.000476837158203,4602.86411064,21.7761019022
148,-0.000495910644531,4602.86411064,21.7790221491
149,-0.000457763671875,4597.84463012,21.7761019022
150,-0.000457763671875,4602.86411064,21.7761019022
151,-0.000476837158203,4602.86411064,21.7775620297
152,-0.000457763671875,4602.86411064,21.7790221491
153,-0.000457763671875,4602.86411064,21.7761019022
154,-0.000438690185547,4602.86411064,21.7790221491
155,-0.000476837158203,4602.86411064,21.7790221491
156,-0.000457763671875,4602.86411064,21.7790221491
157,-0.000438690185547,4602.86411064,21.7775620297
158,-0.000457763671875,4602.86411064,21.7746417667
159,-0.000457763671875,4607.88359116,21.7775620297
160,-0.000476837158203,4602.86411064,21.7761019022
161,-0.000476837158203,4602.86411064,21.7775620297
162,-0.000457763671875,4607.88359116,21.7761019022
163,-0.000457763671875,4607.88359116,21.7761019022
164,-0.000476837158203,4602.86411064,21.7731816232
165,-0.000476837158203,4607.88359116,21.7746417667
166,-0.000476837158203,4617.92255221,21.7746417667
167,-0.000476837158203,4617.92255221,21.7731816232
168,-0.000457763671875,4612.90307168,21.7746417667
169,-0.000438690185547,4612.90307168,21.7731816232
170,-0.000476837158203,4617.92255221,21.7746417667
171,-0.000438690185547,4617.92255221,21.7746417667
172,-0.000438690185547,4622.94203273,21.7746417667
173,-0.000438690185547,4622.94203273,21.7717214716
174,-0.000419616699219,4617.92255221,21.7761019022
175,-0.000419616699219,4622.94203273,21.7717214716
176,-0.000419616699219,4622.94203273,21.7731816232
177,-0.000438690185547,4638.0004743,21.7731816232
178,-0.000476837158203,4643.01995482,21.7717214716
179,-0.000476837158203,4643.01995482,21.7717214716
180,-0.000457763671875,4632.98099377,21.7731816232
181,-0.000457763671875,4638.0004743,21.7731816232
182,-0.000400543212891,4643.01995482,21.7717214716
183,-0.000476837158203,4643.01995482,21.770261312
184,-0.000457763671875,4638.0004743,21.7731816232
185,-0.000457763671875,4643.01995482,21.7688011443
186,-0.000476837158203,4643.01995482,21.7688011443
187,-0.000476837158203,4643.01995482,21.7731816232
188,-0.000457763671875,4658.07839639,21.7688011443
189,-0.000457763671875,4653.05891586,21.7688011443
190,-0.000457763671875,4658.07839639,21.770261312
191,-0.000476837158203,4643.01995482,21.770261312
192,-0.000457763671875,4663.09787691,21.770261312
193,-0.000457763671875,4668.11735743,21.7688011443
194,-0.000476837158203,4668.11735743,21.7688011443
195,-0.000457763671875,4653.05891586,21.770261312
196,-0.000457763671875,4673.13683796,21.7673409685
197,-0.000438690185547,4668.11735743,21.7673409685
198,-0.000438690185547,4673.13683796,21.7673409685
199,-0.000419616699219,4678.15631848,21.7688011443
200,-0.000438690185547,4678.15631848,21.7717214716
201,-0.000457763671875,4673.13683796,21.7673409685
202,-0.000476837158203,4668.11735743,21.7688011443
203,-0.000476837158203,4673.13683796,21.7688011443
204,-0.000476837158203,4673.13683796,21.7658807847
205,-0.000457763671875,4673.13683796,21.7658807847
206,-0.000438690185547,4673.13683796,21.7658807847
207,-0.000457763671875,4678.15631848,21.7658807847
208,-0.000438690185547,4678.15631848,21.7673409685
209,-0.000419616699219,4678.15631848,21.7644205928
210,-0.000476837158203,4678.15631848,21.7673409685
211,-0.000495910644531,4678.15631848,21.7658807847
212,-0.000476837158203,4678.15631848,21.7658807847
213,-0.000476837158203,4678.15631848,21.7658807847
214,-0.000514984130859,4673.13683796,21.7629603928
215,-0.000495910644531,4683.175799,21.7629603928
216,-0.000476837158203,4683.175799,21.7644205928
217,-0.000457763671875,4683.175799,21.7629603928
218,-0.000457763671875,4683.175799,21.7615001848
219,-0.000476837158203,4678.15631848,21.7629603928
220,-0.000438690185547,4683.175799,21.7629603928
221,-0.000476837158203,4683.175799,21.7644205928
222,-0.000476837158203,4678.15631848,21.7629603928
223,-0.000457763671875,4678.15631848,21.7615001848
224,-0.000457763671875,4683.175799,21.7644205928
225,-0.000438690185547,4683.175799,21.7644205928
226,-0.000476837158203,4683.175799,21.7644205928
227,-0.000457763671875,4683.175799,21.7600399687
228,-0.000476837158203,4683.175799,21.7600399687
229,-0.000457763671875,4678.15631848,21.7615001848
230,-0.000457763671875,4678.15631848,21.7600399687
231,-0.000457763671875,4683.175799,21.7600399687
232,-0.000438690185547,4683.175799,21.7629603928
233,-0.000438690185547,4683.175799,21.7600399687
234,-0.000438690185547,4683.175799,21.7629603928
235,-0.000457763671875,4683.175799,21.7629603928
236,-0.000457763671875,4683.175799,21.7629603928
237,-0.000438690185547,4683.175799,21.7615001848
238,-0.000476837158203,4683.175799,21.7600399687
239,-0.000457763671875,4683.175799,21.7615001848
240,-0.000495910644531,4683.175799,21.7571195122
241,-0.000457763671875,4683.175799,21.7615001848
242,-0.000438690185547,4683.175799,21.7629603928
243,-0.000438690185547,4683.175799,21.7658807847
244,-0.000476837158203,4683.175799,21.7629603928
245,-0.000438690185547,4683.175799,21.7629603928
246,-0.000457763671875,4683.175799,21.7585797445
247,-0.000419616699219,4683.175799,21.7600399687
248,-0.000457763671875,4683.175799,21.7615001848
249,-0.000457763671875,4683.175799,21.7600399687
250,-0.000457763671875,4683.175799,21.7629603928
251,-0.000438690185547,4683.175799,21.7600399687
252,-0.000438690185547,4683.175799,21.7615001848
253,-0.000457763671875,4683.175799,21.7600399687
254,-0.000457763671875,4683.175799,21.7600399687
255,-0.000438690185547,4683.175799,21.7600399687
256,-0.000476837158203,4683.175799,21.7615001848
257,-0.000476837158203,4683.175799,21.7629603928
258,-0.000438690185547,4683.175799,21.7585797445
259,-0.000438690185547,4683.175799,21.7600399687
260,0.0577163696289,4683.175799,21.7600399687
261,0.0569343566895,4683.175799,21.7629603928
262,0.056209564209,4683.175799,21.7658807847
263,0.0558280944824,4683.175799,21.7688011443
264,0.0552177429199,4683.175799,21.7731816232
265,0.054931640625,4683.175799,21.7819423637
266,0.0543975830078,4683.175799,21.7848625463
267,0.0535774230957,4688.19527952,21.7921628622
268,0.052661895752,4683.175799,21.7950829325
269,0.0519371032715,4688.19527952,21.7965429556
270,0.0514030456543,4688.19527952,21.8038429512
271,0.0507926940918,4688.19527952,21.8067628936
272,0.050163269043,4683.175799,21.8126026824
273,0.0498390197754,4688.19527952,21.8184423438
274,0.0495529174805,4688.19527952,21.8228220063
275,0.0491523742676,4683.175799,21.8301212848
276,0.0490570068359,4693.21476005,21.8345007567
277,0.0488090515137,4683.175799,21.8476387448
278,0.0486755371094,4688.19527952,21.8505582108
279,0.0486183166504,4688.19527952,21.8549373506
280,0.0486183166504,4688.19527952,21.8563970481
281,0.0485801696777,4688.19527952,21.8680743447
282,0.0486183166504,4693.21476005,21.8709935903
283,0.0486373901367,4688.19527952,21.8724532013
284,0.0485420227051,4693.21476005,21.8768319873
285,0.048656463623,4703.25372109,21.8826702589
286,0.0485992431641,4688.19527952,21.8841298072
287,0.048656463623,4703.25372109,21.8870488804
288,0.0486755371094,4713.29268214,21.8914274317
289,0.048770904541,4703.25372109,21.8943464268
290,0.0489044189453,4708.27320161,21.8972653907
291,0.048885345459,4703.25372109,21.9031032251
292,0.0488662719727,4713.29268214,21.9118597433
293,0.0490379333496,4713.29268214,21.9147785205
294,0.048999786377,4713.29268214,21.922075328
295,0.0490570068359,4723.33164318,21.9235346663
296,0.0491333007813,4723.33164318,21.9308312416
297,0.0490951538086,4713.29268214,21.9352090941
298,0.0491905212402,4733.37060423,21.9395868771
299,0.0491905212402,4718.31216266,21.9439645908
300,0.0491714477539,4708.27320161,21.9468830281
301,0.0492858886719,4723.33164318,21.9468830281
302,0.0493240356445,4728.3511237,21.954178987
303,0.0492858886719,4728.3511237,21.9556381557
304,0.0493431091309,4738.39008475,21.9614747539
305,0.0493240356445,4743.40956527,21.9643930071
306,0.0493621826172,4728.3511237,21.9687703294
307,0.0493812561035,4723.33164318,21.9746066522
308,0.0494003295898,4733.37060423,21.9760657138
309,0.0494384765625,4738.39008475,21.9848199233
310,0.0494384765625,4738.39008475,21.9891969253
311,0.0495147705078,4738.39008475,21.9906559107
312,0.0495719909668,4743.40956527,21.9935738589
313,0.0495910644531,4743.40956527,21.999409664
314,0.0494766235352,4748.42904579,22.0023275211
315,0.0495529174805,4743.40956527,22.0096220313
316,0.0496292114258,4743.40956527,22.0125397825
317,0.0496673583984,4758.46800684,22.0198340282
318,0.0495910644531,4748.42904579,22.0242104852
319,0.0495338439941,4753.44852632,22.0285868744
320,0.0495910644531,4743.40956527,22.0358807061
321,0.0497055053711,4753.44852632,22.0373394499
322,0.0497055053711,4758.46800684,22.0417156364
323,0.0496864318848,4758.46800684,22.0446330565
324,0.0497055053711,4758.46800684,22.0490091306
325,0.0498199462891,4753.44852632,22.0504678071
326,0.0497627258301,4748.42904579,22.056302438
327,0.0497817993164,4763.48748736,22.056302438
328,0.0498199462891,4758.46800684,22.0621369495
329,0.0498962402344,4753.44852632,22.0679713418
330,0.0498962402344,4763.48748736,22.0694299213
331,0.0497627258301,4753.44852632,22.0738056152
332,0.049877166748,4763.48748736,22.0810982898
333,0.0498390197754,4763.48748736,22.0883907791
334,0.0499153137207,4753.44852632,22.0942246375
335,0.0498580932617,4763.48748736,22.0985999537
336,0.049877166748,4763.48748736,22.1015167943
337,0.0498199462891,4763.48748736,22.105892
338,0.0498199462891,4763.48748736,22.1102671394
339,0.0498390197754,4763.48748736,22.1161005557
340,0.049877166748,4763.48748736,22.1204755409
341,0.0498390197754,4763.48748736,22.1277670364
342,0.0498962402344,4763.48748736,22.1306835833
343,0.0498962402344,4763.48748736,22.1292253135
344,0.049934387207,4768.50696788,22.135058349
345,0.0499725341797,4763.48748736,22.1394330489
346,0.0499725341797,4763.48748736,22.1408912677
347,0.049991607666,4763.48748736,22.1452658802
348,0.0498580932617,4763.48748736,22.1467240698
349,0.0498962402344,4763.48748736,22.1525567555
350,0.0498962402344,4768.50696788,22.1540149088
351,0.0498962402344,4763.48748736,22.1598474493
352,0.049934387207,4763.48748736,22.1642217785
353,0.0499725341797,4763.48748736,22.1685960426
354,0.0500106811523,4768.50696788,22.1671379618
355,0.0498580932617,4768.50696788,22.1773443758
356,0.049934387207,4768.50696788,22.184634455
357,0.049934387207,4773.52644841,22.1860924493
358,0.0498962402344,4773.52644841,22.1890084162
359,0.0500106811523,4768.50696788,22.1948402638
360,0.0499725341797,4773.52644841,22.2006719967
361,0.0499534606934,4768.50696788,22.2050457211
362,0.0498962402344,4768.50696788,22.2137929768
363,0.0498962402344,4768.50696788,22.2167086716
364,0.049934387207,4783.56540945,22.2196243379
365,0.049877166748,4778.54592893,22.225455585
366,0.0500106811523,4783.56540945,22.2283711659
367,0.049934387207,4783.56540945,22.2312867183
368,0.0500106811523,4778.54592893,22.2400332053
369,0.0500106811523,4788.58488998,22.2444063532
370,0.0500106811523,4783.56540945,22.2473217497
371,0.0498962402344,4788.58488998,22.250237118
372,0.0498962402344,4783.56540945,22.253152458
373,0.0498962402344,4798.62385102,22.253152458
374,0.049877166748,4793.6043705,22.2575254152
375,0.049877166748,4808.66281207,22.2633559261
376,0.0500106811523,4803.64333154,22.2677287354
377,0.0498962402344,4803.64333154,22.2750166105
378,0.049877166748,4798.62385102,22.2793892514
379,0.049934387207,4808.66281207,22.2823043104
380,0.0499153137207,4818.70177311,22.2866768463
381,0.049877166748,4823.72125363,22.2954217297
382,0.0499725341797,4818.70177311,22.2968791859
383,0.049877166748,4818.70177311,22.3012515126
384,0.0498390197754,4808.66281207,22.3085385847
385,0.0498580932617,4813.68229259,22.3114533649
386,0.049877166748,4823.72125363,22.3143681174
387,0.0498390197754,4823.72125363,22.3172828422
388,0.0498580932617,4823.72125363,22.3216548775
389,0.0499153137207,4828.74073416,22.3231122087
390,0.0498580932617,4833.76021468,22.3231122087
391,0.0499534606934,4833.76021468,22.3303987615
392,0.0498962402344,4838.7796952,22.3303987615
393,0.0498580932617,4838.7796952,22.3391423972
394,0.0498580932617,4838.7796952,22.3405996457
395,0.0498199462891,4838.7796952,22.3449713501
396,0.0498962402344,4838.7796952,22.3493429927
397,0.049877166748,4843.79917572,22.3522573868
398,0.0499725341797,4838.7796952,22.3566289266
399,0.0499153137207,4833.76021468,22.3639146895
400,0.0498390197754,4853.83813677,22.3653718215
401,0.0498199462891,4848.81865625,22.3726573797
402,0.0499153137207,4838.7796952,22.3770286328
403,0.0498580932617,4843.79917572,22.3799427676
404,0.0498199462891,4853.83813677,22.3828568752
405,0.0499153137207,4848.81865625,22.3901420254
406,0.0498580932617,4848.81865625,22.3974270064
407,0.0497817993164,4848.81865625,22.4017979138
408,0.0498199462891,4853.83813677,22.4061687605
409,0.0498390197754,4853.83813677,22.4090826246
410,0.049877166748,4863.87709781,22.4119964618
411,0.049877166748,4853.83813677,22.4163671671
412,0.0497817993164,4858.85761729,22.4221946802
413,0.049877166748,4868.89657834,22.4221946802
414,0.049877166748,4863.87709781,22.4294789206
415,0.0498390197754,4858.85761729,22.4338493846
416,0.0498962402344,4858.85761729,22.4353061925
417,0.0498199462891,4873.91605886,22.4425901321
418,0.0499153137207,4868.89657834,22.4440469
419,0.0498008728027,4883.9550199,22.4498739051
420,0.0498199462891,4868.89657834,22.4571575118
421,0.0497627258301,4883.9550199,22.4600709081
422,0.0497245788574,4883.9550199,22.4629842778
423,0.049877166748,4883.9550199,22.4702675862
424,0.0498390197754,4893.99398095,22.4731808633
425,0.0497436523438,4893.99398095,22.4804639406
426,0.0497627258301,4888.97450043,22.4833771254
427,0.0497436523438,4893.99398095,22.4862902839
428,0.0497436523438,4904.03294199,22.4921165219
429,0.0497817993164,4899.01346147,22.497942655
430,0.0497245788574,4904.03294199,22.4993991719
431,0.0497436523438,4904.03294199,22.5081381357
432,0.0497245788574,4899.01346147,22.5095946068
433,0.0497436523438,4904.03294199,22.5110510714
434,0.0497436523438,4909.05242252,22.5168768645
435,0.0497436523438,4909.05242252,22.519789722
436,0.0497436523438,4909.05242252,22.5241589594
437,0.0497436523438,4904.03294199,22.5256153588
438,0.0497817993164,4919.09138356,22.5299845183
439,0.0497817993164,4919.09138356,22.5314408918
440,0.0497245788574,4914.07190304,22.5372663211
441,0.0497055053711,4914.07190304,22.5430916468
442,0.0497436523438,4919.09138356,22.5460042709
443,0.0496864318848,4914.07190304,22.5474605733
444,0.0497627258301,4919.09138356,22.5503731587
445,0.0496292114258,4914.07190304,22.5591107603
446,0.0497436523438,4919.09138356,22.5605670048
447,0.0497817993164,4924.11086409,22.5707605361
448,0.0497627258301,4919.09138356,22.573672916
449,0.0496292114258,4919.09138356,22.5765852703
450,0.0497055053711,4924.11086409,22.5824099022
451,0.0497245788574,4924.11086409,22.5896905487
452,0.0496673583984,4919.09138356,22.5940588601
453,0.0496864318848,4919.09138356,22.5984271144
454,0.0497627258301,4919.09138356,22.6013392522
455,0.0497627258301,4924.11086409,22.6042513647
456,0.0496482849121,4924.11086409,22.6071634518
457,0.0496673583984,4924.11086409,22.6173555575
458,0.0497436523438,4924.11086409,22.6144435589
459,0.0497055053711,4924.11086409,22.6217235082
460,0.0496482849121,4919.09138356,22.6246354438
461,0.0496673583984,4924.11086409,22.6260914022
462,0.0496482849121,4924.11086409,22.6333710997
463,0.0496673583984,4924.11086409,22.6333710997
464,0.0496673583984,4924.11086409,22.6421065298
465,0.0497245788574,4924.11086409,22.6435624129
466,0.0497627258301,4924.11086409,22.6552092529
467,0.0496482849121,4924.11086409,22.6581209005
468,0.0496101379395,4924.11086409,22.6610325233
469,0.0497245788574,4924.11086409,22.6653999108
470,0.0496482849121,4924.11086409,22.6683114714
471,0.0496292114258,4924.11086409,22.6770460045
472,0.0496292114258,4924.11086409,22.6785017383
473,0.0496864318848,4924.11086409,22.6828689028
474,0.0496292114258,4924.11086409,22.684324612
475,0.0496292114258,4924.11086409,22.6901473869
476,0.0497245788574,4924.11086409,22.6916030652
477,0.0497245788574,4924.11086409,22.6959700633
478,0.0496101379395,4924.11086409,22.700337006
479,0.0496292114258,4924.11086409,22.7032482705
480,0.0497055053711,4924.11086409,22.7090707259
481,0.0496673583984,4924.11086409,22.7105263245
482,0.0496482849121,4924.11086409,22.7163486575
483,0.0496864318848,4924.11086409,22.7178042255
484,0.0496864318848,4929.13034461,22.7221708929
485,0.0496482849121,4929.13034461,22.725081974
486,0.0496292114258,4934.14982513,22.7294485501
487,0.0495719909668,4924.11086409,22.7338150714
488,0.0496673583984,4934.14982513,22.7367260553
489,0.0495910644531,4934.14982513,22.7410924857
490,0.0496292114258,4934.14982513,22.7469143081
491,0.0496101379395,4929.13034461,22.7527360339
492,0.0496101379395,4939.16930565,22.7600130554
493,0.0495719909668,4934.14982513,22.7600130554
494,0.0496101379395,4939.16930565,22.7687452828
495,0.0495719909668,4939.16930565,22.7745666477
496,0.0496482849121,4939.16930565,22.7760219739
497,0.0496864318848,4944.18878618,22.7789326085
498,0.0495910644531,4939.16930565,22.7818432192
499,0.0496864318848,4944.18878618,22.7832985156
500,0.0495910644531,4944.18878618,22.7862090904
501,0.0497055053711,4954.22774722,22.790574908
502,0.0496673583984,4954.22774722,22.7934854233
503,0.0496864318848,4964.26670827,22.7978511516
504,0.0496292114258,4969.28618879,22.8051272467
505,0.0496292114258,4959.24722774,22.8094928327
506,0.0496482849121,4964.26670827,22.8124031938
507,0.0495910644531,4954.22774722,22.8196789931
508,0.0497055053711,4979.32514983,22.824044402
509,0.0496482849121,4974.30566931,22.8269546451
510,0.0496101379395,4979.32514983,22.8327750609
511,0.0497055053711,4974.30566931,22.8385953827
512,0.0496673583984,4974.30566931,22.8415055085
513,0.0496292114258,4979.32514983,22.8458706534
514,0.0496101379395,4974.30566931,22.8546007854
515,0.0496673583984,4984.34463036,22.856055787
516,0.0495719909668,4984.34463036,22.8589657728
517,0.0495719909668,4984.34463036,22.8604207569
518,0.0496482849121,4984.34463036,22.8618757353
519,0.0495529174805,4994.3835914,22.8676955906
520,0.0495719909668,4994.3835914,22.8735153533
521,0.0495529174805,4999.40307192,22.8749702794
522,0.0496673583984,4994.3835914,22.8764251998
523,0.0496292114258,4994.3835914,22.8807899264
524,0.0496673583984,4994.3835914,22.8807899264
525,0.0495719909668,4999.40307192,22.8880643553
526,0.0495529174805,4994.3835914,22.8909740865
527,0.0495338439941,4999.40307192,22.8953386403
528,0.0495910644531,4994.3835914,22.901157965
529,0.0495719909668,4999.40307192,22.9055223983
530,0.0495147705078,4994.3835914,22.906977198
531,0.0494766235352,4999.40307192,22.9127963396
532,0.0495529174805,4999.40307192,22.9171606359
533,0.0495910644531,4999.40307192,22.9200701382
534,0.0496101379395,4999.40307192,22.9244343491
535,0.0496292114258,4999.40307192,22.9302532174
536,0.0496101379395,4999.40307192,22.9375266753
537,0.0496292114258,4999.40307192,22.9447999918
538,0.0495719909668,4999.40307192,22.949163914
539,0.0496673583984,4999.40307192,22.9520731673
540,0.0496292114258,5009.44203297,22.9535277855
541,0.0495719909668,5004.42255245,22.9578916064
542,0.0495719909668,4999.40307192,22.9651645291
543,0.0496482849121,5009.44203297,22.9680736589
544,0.0496292114258,5009.44203297,22.9753463857
545,0.0494956970215,5009.44203297,22.9753463857
546,0.0495910644531,5009.44203297,22.9797099549
547,0.0494956970215,5014.46151349,22.9840734739
548,0.0496101379395,5014.46151349,22.9869824588
549,0.0496292114258,5014.46151349,22.9869824588
550,0.0495719909668,5019.48099401,22.9913458944
551,0.0495719909668,5024.50047454,22.9957092802
552,0.0495147705078,5009.44203297,23.0029814791
553,0.0495529174805,5019.48099401,23.0029814791
554,0.0495529174805,5029.51995506,23.0102535399
555,0.0495338439941,5019.48099401,23.0117079355
556,0.0495529174805,5029.51995506,23.0189798312
557,0.0495910644531,5019.48099401,23.0247972489
558,0.0496101379395,5034.53943558,23.0277059249
559,0.0495719909668,5039.55891611,23.0320688979
560,0.0495147705078,5034.53943558,23.0364318216
561,0.0495147705078,5029.51995506,23.0393404102
562,0.0494766235352,5044.57839663,23.045157522
563,0.0495147705078,5044.57839663,23.0509745468
564,0.0494766235352,5039.55891611,23.0524287895
565,0.0495147705078,5029.51995506,23.0553372585
566,0.0494384765625,5054.61735767,23.0553372585
567,0.0495338439941,5049.59787715,23.0596999214
568,0.0494766235352,5059.6368382,23.0640625356
569,0.0495529174805,5059.6368382,23.069879279
570,0.0494956970215,5054.61735767,23.07424178
571,0.0494956970215,5069.67579924,23.0800583728
572,0.0495719909668,5074.69527976,23.0800583728
573,0.0495719909668,5069.67579924,23.0858748797
574,0.0495338439941,5069.67579924,23.088783101
575,0.0494575500488,5079.71476029,23.087328993
576,0.0494956970215,5074.69527976,23.0975076366
577,0.0494956970215,5069.67579924,23.0989617072
578,0.0494194030762,5079.71476029,23.1004157725
579,0.0494194030762,5089.75372133,23.1062319804
580,0.0495338439941,5084.73424081,23.107686019
581,0.0494194030762,5084.73424081,23.1135021207
582,0.0494575500488,5099.79268238,23.1149561329
583,0.0493621826172,5079.71476029,23.1222261143
584,0.0493812561035,5089.75372133,23.1236800947
585,0.0494575500488,5089.75372133,23.1324038666
586,0.0493812561035,5084.73424081,23.1396735318
587,0.0494003295898,5094.77320185,23.1396735318
588,0.0494003295898,5094.77320185,23.1425813611
589,0.0494003295898,5094.77320185,23.1454891695
590,0.0494956970215,5109.83164342,23.1469430659
591,0.0494194030762,5099.79268238,23.1498508429
592,0.0493240356445,5109.83164342,23.1542124692
593,0.0494384765625,5104.8121629,23.1614817421
594,0.0493812561035,5094.77320185,23.1614817421
595,0.0493621826172,5109.83164342,23.1643894148
596,0.0493049621582,5119.87060447,23.170204698
597,0.0494194030762,5109.83164342,23.170204698
598,0.0492858886719,5129.90956551,23.1760198982
599,0.0493049621582,5124.89008499,23.1832887821
600,0.0493049621582,5129.90956551,23.1891037963
601,0.0494003295898,5129.90956551,23.1920112726
602,0.0493431091309,5129.90956551,23.1978261635
603,0.0492858886719,5134.92904603,23.2021872777
604,0.0493240356445,5129.90956551,23.2094556992
605,0.0492477416992,5139.94852656,23.2109093682
606,0.0493621826172,5139.94852656,23.2181776365
607,0.0492477416992,5144.96800708,23.2181776365
608,0.0492668151855,5149.9874876,23.2210849083
609,0.0492286682129,5155.00696813,23.2283529987
610,0.0493049621582,5155.00696813,23.2283529987
611,0.0492286682129,5149.9874876,23.2341673798
612,0.0492858886719,5149.9874876,23.2385281126
613,0.0493431091309,5155.00696813,23.2428887999
614,0.0493431091309,5155.00696813,23.2443423523
615,0.0492668151855,5149.9874876,23.2501565115
616,0.0493431091309,5155.00696813,23.2545170781
617,0.0492286682129,5155.00696813,23.2530635609
618,0.0492095947266,5155.00696813,23.2588775996
619,0.0492095947266,5160.02644865,23.2603310968
620,0.0492286682129,5155.00696813,23.2646915582
621,0.0491905212402,5160.02644865,23.2705054369
622,0.0492477416992,5160.02644865,23.2705054369
623,0.0491523742676,5160.02644865,23.2734123464
624,0.0491714477539,5155.00696813,23.2777726733
625,0.0491142272949,5160.02644865,23.2835863729
626,0.0491333007813,5160.02644865,23.286493193
627,0.0491142272949,5160.02644865,23.290853386
628,0.0491714477539,5165.04592917,23.2923067738
629,0.0492286682129,5160.02644865,23.2966669075
630,0.0490188598633,5160.02644865,23.305387042
631,0.0490760803223,5160.02644865,23.3082937142
632,0.0491142272949,5160.02644865,23.3097470429
633,0.0491714477539,5160.02644865,23.3199202069
634,0.0491142272949,5165.04592917,23.3199202069
635,0.0490570068359,5165.04592917,23.3300931316
636,0.0491905212402,5165.04592917,23.3300931316
637,0.0491142272949,5170.06540969,23.3315463871
638,0.0491333007813,5160.02644865,23.3359061244
639,0.0490570068359,5165.04592917,23.3402658181
640,0.0491142272949,5175.08489022,23.3431722563
641,0.0491333007813,5170.06540969,23.3460786752
642,0.0490951538086,5170.06540969,23.3489850748
643,0.0490188598633,5175.08489022,23.353344638
644,0.0489807128906,5180.10437074,23.3547978161
645,0.048942565918,5170.06540969,23.3591573216
646,0.048942565918,5180.10437074,23.3591573216
647,0.0489616394043,5180.10437074,23.3649699283
648,0.0490760803223,5195.16281231,23.3722355788
649,0.048999786377,5200.18229283,23.3736886946
650,0.048942565918,5190.14333178,23.3736886946
651,0.0489807128906,5195.16281231,23.3824072891
652,0.048885345459,5190.14333178,23.3882195902
653,0.0489807128906,5200.18229283,23.3911257123
654,0.0489807128906,5195.16281231,23.3954848599
655,0.0489044189453,5215.2407344,23.4012969905
656,0.0489616394043,5200.18229283,23.4085620476
657,0.0488662719727,5205.20177335,23.4114680375
658,0.0489234924316,5215.2407344,23.41873293
659,0.0488090515137,5220.26021492,23.4216388542
660,0.0488090515137,5220.26021492,23.4274506465
661,0.048770904541,5220.26021492,23.4376211035
662,0.0488471984863,5225.27969544,23.441979801
663,0.048770904541,5225.27969544,23.4521499331
664,0.0487899780273,5225.27969544,23.4550556436
665,0.0487518310547,5230.29917596,23.462319839
666,0.0486946105957,5225.27969544,23.4681311126
667,0.0486755371094,5230.29917596,23.4695839195
668,0.0487518310547,5235.31865649,23.4768478855
669,0.0486183166504,5235.31865649,23.4797534399
670,0.0486183166504,5230.29917596,23.485564494
671,0.048713684082,5235.31865649,23.4913754753
672,0.048656463623,5235.31865649,23.4986390999
673,0.0486946105957,5235.31865649,23.501544518
674,0.0485610961914,5235.31865649,23.501544518
675,0.0486183166504,5235.31865649,23.5088079843
676,0.0486183166504,5235.31865649,23.5117133393
677,0.0486373901367,5240.33813701,23.51316601
678,0.0485992431641,5240.33813701,23.516071338
679,0.0485801696777,5240.33813701,23.5175239953
680,0.0485038757324,5240.33813701,23.5218819402
681,0.0485229492188,5240.33813701,23.5218819402
682,0.0485610961914,5240.33813701,23.5276924708
683,0.0484848022461,5240.33813701,23.5320503218
684,0.0484657287598,5240.33813701,23.5335029299
685,0.0484848022461,5245.35761753,23.5349555335
686,0.0485801696777,5245.35761753,23.5422184849
687,0.0484848022461,5240.33813701,23.5436710619
688,0.0484848022461,5240.33813701,23.5523864307
689,0.0484466552734,5245.35761753,23.5552915183
690,0.0485610961914,5240.33813701,23.5581965883
691,0.0484657287598,5245.35761753,23.5640066753
692,0.0485229492188,5245.35761753,23.5698166921
693,0.0485038757324,5255.39657858,23.5727216742
694,0.0485038757324,5240.33813701,23.5756266388
695,0.0484848022461,5250.37709805,23.5799840529
696,0.0485038757324,5240.33813701,23.5828889738
697,0.0484085083008,5245.35761753,23.5857938773
698,0.0483703613281,5255.39657858,23.5901512
699,0.0485229492188,5255.39657858,23.5916036322
700,0.0484085083008,5260.4160591,23.5945084836
701,0.0483512878418,5260.4160591,23.5945084836
702,0.0483131408691,5265.43553962,23.6017705363
703,0.0483894348145,5270.45502015,23.6032229339
704,0.0483894348145,5270.45502015,23.6032229339
705,0.0483322143555,5270.45502015,23.6090324811
706,0.0483512878418,5270.45502015,23.6119372289
707,0.0483322143555,5280.49398119,23.6133895963
708,0.0483703613281,5275.47450067,23.6148419595
709,0.0483512878418,5280.49398119,23.6206513692
710,0.0482559204102,5280.49398119,23.6235560483
711,0.0483131408691,5270.45502015,23.6250083815
712,0.0482368469238,5285.51346171,23.6279130351
713,0.0481796264648,5295.55242276,23.6322699834
714,0.0483131408691,5285.51346171,23.6380791882
715,0.0481986999512,5290.53294224,23.6380791882
716,0.0482749938965,5285.51346171,23.6438883252
717,0.0482940673828,5300.57190328,23.6453405988
718,0.0482559204102,5290.53294224,23.6511496511
719,0.0481986999512,5310.61086433,23.655506396
720,0.0481414794922,5305.5913838,23.6613153303
721,0.0481796264648,5305.5913838,23.6598631031
722,0.0481605529785,5305.5913838,23.6642197723
723,0.0481033325195,5300.57190328,23.6714808039
724,0.0480651855469,5310.61086433,23.6801939039
725,0.0481224060059,5300.57190328,23.6816460726
726,0.0481605529785,5310.61086433,23.6830982372
727,0.0481414794922,5315.63034485,23.6889068541
728,0.0480842590332,5315.63034485,23.6918111377
729,0.0480651855469,5315.63034485,23.696167532
730,0.0480461120605,5315.63034485,23.696167532
731,0.0481224060059,5315.63034485,23.7005238892
732,0.0480842590332,5315.63034485,23.701976
733,0.0482559204102,5320.64982537,23.7077844021
734,0.0480842590332,5315.63034485,23.7092364924
735,0.0480842590332,5315.63034485,23.7150448124
736,0.0481414794922,5315.63034485,23.7150448124
737,0.0481414794922,5320.64982537,23.7179489479
738,0.0481605529785,5320.64982537,23.720853067
739,0.0480461120605,5320.64982537,23.7223051204
740,0.0481224060059,5320.64982537,23.7266612563
741,0.0480651855469,5310.61086433,23.7295653265
742,0.0481796264648,5320.64982537,23.7339214014
743,0.0481224060059,5320.64982537,23.7411814452
744,0.0480461120605,5315.63034485,23.7426334418
745,0.0481033325195,5320.64982537,23.7469894075
746,0.0480651855469,5320.64982537,23.7513453369
747,0.0481224060059,5320.64982537,23.7542492698
748,0.0480461120605,5320.64982537,23.7600570873
749,0.0481033325195,5320.64982537,23.7600570873
750,0.0480270385742,5320.64982537,23.7673167693
751,0.0481224060059,5320.64982537,23.7687686937
752,0.0481224060059,5320.64982537,23.7716725306
753,0.0479698181152,5320.64982537,23.7760282561
754,0.0480651855469,5320.64982537,23.7760282561
755,0.0480079650879,5320.64982537,23.7789320532
756,0.0479888916016,5320.64982537,23.7832877192
757,0.0479698181152,5320.64982537,23.7861914768
758,0.0479888916016,5320.64982537,23.7876433496
759,0.0480270385742,5320.64982537,23.7876433496
760,0.0479316711426,5320.64982537,23.7905470835
761,0.0480270385742,5320.64982537,23.7949026548
762,0.0479125976563,5320.64982537,23.796354504
763,0.0479125976563,5320.64982537,23.8007100281
764,0.0479125976563,5320.64982537,23.8021618616
765,0.0480079650879,5320.64982537,23.8050655168
766,0.0478553771973,5325.66930589,23.8094209704
767,0.0479698181152,5325.66930589,23.8137763889
768,0.0478553771973,5320.64982537,23.8166799817
769,0.0478744506836,5320.64982537,23.8210353418
770,0.0478363037109,5320.64982537,23.8210353418
771,0.0478744506836,5320.64982537,23.8297459573
772,0.0478935241699,5325.66930589,23.8297459573
773,0.0479698181152,5325.66930589,23.8326494649
774,0.0478363037109,5330.68878642,23.8384564338
775,0.0478935241699,5325.66930589,23.8399081663
776,0.0478363037109,5325.66930589,23.8486184813
777,0.0477600097656,5335.70826694,23.851521889
778,0.0477981567383,5330.68878642,23.8529735872
779,0.0477600097656,5330.68878642,23.8573286586
780,0.047779083252,5325.66930589,23.8602320206
781,0.047721862793,5330.68878642,23.8660386988
782,0.0477409362793,5340.72774746,23.8718453164
783,0.0477600097656,5345.74722798,23.8703936677
784,0.047721862793,5335.70826694,23.8718453164
785,0.047779083252,5335.70826694,23.8732969614
786,0.047664642334,5340.72774746,23.8791035035
787,0.0476837158203,5340.72774746,23.8820067519
788,0.047607421875,5345.74722798,23.8849099853
789,0.0477027893066,5345.74722798,23.8834583705
790,0.0476264953613,5345.74722798,23.8878132037
791,0.0476455688477,5355.78618903,23.8936195955
792,0.0477027893066,5355.78618903,23.8936195955
793,0.047607421875,5350.76670851,23.8979743501
794,0.0475692749023,5365.82515007,23.9023290712
795,0.0476455688477,5360.80566955,23.9037806375
796,0.047607421875,5365.82515007,23.908135314
797,0.0476455688477,5360.80566955,23.915393034
798,0.0475883483887,5365.82515007,23.9182960962
799,0.0475311279297,5355.78618903,23.9211991436
800,0.0475692749023,5370.8446306,23.9284566977
801,0.0475120544434,5375.86411112,23.9299081975
802,0.047435760498,5370.8446306,23.9313596937
803,0.047435760498,5370.8446306,23.9400685938
804,0.047435760498,5375.86411112,23.9400685938
805,0.0474739074707,5365.82515007,23.9458744544
806,0.0475120544434,5370.8446306,23.9516802568
807,0.0474548339844,5385.90307217,23.9502288116
808,0.047435760498,5380.88359164,23.9545831362
809,0.0474739074707,5370.8446306,23.9603888518
810,0.0473976135254,5380.88359164,23.9618402717
811,0.0474548339844,5390.92255269,23.9618402717
812,0.0474739074707,5380.88359164,23.9676459153
813,0.0473976135254,5385.90307217,23.9690973172
814,0.0474166870117,5380.88359164,23.976354273
815,0.0473785400391,5380.88359164,23.976354273
816,0.0473594665527,5385.90307217,23.9778056534
817,0.0473785400391,5390.92255269,23.9807084036
818,0.0473594665527,5395.94203321,23.9865138612
819,0.0473785400391,5390.92255269,23.9879652167
820,0.0472640991211,5390.92255269,23.9908679171
821,0.0472450256348,5395.94203321,23.9908679171
822,0.0472831726074,5395.94203321,23.992319262
823,0.0472640991211,5395.94203321,23.9981246062
824,0.0472450256348,5390.92255269,23.9995759334
825,0.0472831726074,5395.94203321,24.0024785772
826,0.0472831726074,5385.90307217,24.0082838227
827,0.0471496582031,5395.94203321,24.0068325166
828,0.0472259521484,5395.94203321,24.01263772
829,0.0471496582031,5395.94203321,24.01263772
830,0.0471115112305,5395.94203321,24.0184428673
831,0.0470733642578,5395.94203321,24.0213454201
832,0.0470733642578,5395.94203321,24.0242479589
833,0.0470542907715,5395.94203321,24.0300529948
834,0.0471305847168,5395.94203321,24.0315042451
835,0.0470161437988,5405.98099426,24.0358579753
836,0.0470352172852,5395.94203321,24.0402116744
837,0.0470352172852,5400.96151373,24.0431141232
838,0.0471115112305,5395.94203321,24.0445653425
839,0.0470733642578,5400.96151373,24.0503701852
840,0.0469589233398,5400.96151373,24.053272586
841,0.0469589233398,5411.00047478,24.0561749731
842,0.0469207763672,5400.96151373,24.0605285282
843,0.0469207763672,5395.94203321,24.0634308812
844,0.0469779968262,5400.96151373,24.0648820526
845,0.0469970703125,5405.98099426,24.0692355465
846,0.0469207763672,5411.00047478,24.0706867043
847,0.0468826293945,5405.98099426,24.0735890099
848,0.0469970703125,5400.96151373,24.0779424428
849,0.0468826293945,5416.0199553,24.0793935804
850,0.0468826293945,5411.00047478,24.0851980971
851,0.0468635559082,5405.98099426,24.0866492179
852,0.0469207763672,5421.03943582,24.0866492179
853,0.0468444824219,5416.0199553,24.0924536674
854,0.0468254089355,5421.03943582,24.0968069695
855,0.0468063354492,5416.0199553,24.0968069695
856,0.0468635559082,5426.05891635,24.0997091543
857,0.0468635559082,5421.03943582,24.1055134838
858,0.0467872619629,5421.03943582,24.1055134838
859,0.0467491149902,5431.07839687,24.1084156287
860,0.0468826293945,5431.07839687,24.1098666962
861,0.0467681884766,5426.05891635,24.117121984
862,0.0467491149902,5446.13683844,24.1185730316
863,0.0467300415039,5436.09787739,24.1258282207
864,0.0467681884766,5446.13683844,24.1272792487
865,0.0468063354492,5436.09787739,24.131632313
866,0.0467681884766,5436.09787739,24.1330833279
867,0.0467109680176,5446.13683844,24.137436353
868,0.0467109680176,5436.09787739,24.1417893489
869,0.0466537475586,5441.11735791,24.143240341
870,0.0466537475586,5456.17579948,24.143240341
871,0.0467109680176,5446.13683844,24.1461423156
872,0.0466346740723,5456.17579948,24.1461423156
873,0.0467681884766,5466.21476053,24.1490442772
874,0.0466918945313,5466.21476053,24.1533971954
875,0.0467109680176,5461.19528,24.1548481616
876,0.0467109680176,5461.19528,24.1562991247
877,0.0465965270996,5466.21476053,24.1592010412
878,0.0466156005859,5461.19528,24.1592010412
879,0.046558380127,5466.21476053,24.1635538919
880,0.0465393066406,5461.19528,24.170808579
881,0.0465774536133,5461.19528,24.170808579
882,0.0465774536133,5471.23424105,24.1722595069
883,0.046501159668,5461.19528,24.1766122714
884,0.046558380127,5476.25372157,24.1795140985
885,0.0466346740723,5471.23424105,24.1824159129
886,0.0465202331543,5466.21476053,24.1853177147
887,0.046501159668,5481.27320209,24.1867686108
888,0.046558380127,5476.25372157,24.1969247957
889,0.046501159668,5476.25372157,24.1925721639
890,0.0464820861816,5476.25372157,24.1983756667
891,0.046501159668,5476.25372157,24.2012773993
892,0.046501159668,5476.25372157,24.2041791194
893,0.0465393066406,5486.29268262,24.2128842048
894,0.0464057922363,5486.29268262,24.2128842048
895,0.046501159668,5481.27320209,24.2172367056
896,0.0465202331543,5486.29268262,24.218687533
897,0.046501159668,5496.33164366,24.2230399966
898,0.046501159668,5481.27320209,24.2259416237
899,0.0465774536133,5486.29268262,24.2302940411
900,0.04638671875,5491.31216314,24.2317448408
901,0.0464820861816,5476.25372157,24.2360972215
902,0.0464630126953,5506.37060471,24.2360972215
903,0.0464248657227,5501.35112419,24.2375480089
904,0.0463676452637,5506.37060471,24.2389987933
905,0.046443939209,5496.33164366,24.2448019003
906,0.0464057922363,5496.33164366,24.2477034355
907,0.0464630126953,5496.33164366,24.2477034355
908,0.0464248657227,5501.35112419,24.2491541986
909,0.0463485717773,5501.35112419,24.2535064696
910,0.0464057922363,5516.40956575,24.2578587135
911,0.0464057922363,5516.40956575,24.2564079685
912,0.0463485717773,5501.35112419,24.2622109302
913,0.046272277832,5511.39008523,24.2651123929
914,0.0463485717773,5526.4485268,24.2651123929
915,0.0463485717773,5521.42904628,24.2694645646
916,0.0463104248047,5516.40956575,24.2738167093
917,0.0462341308594,5526.4485268,24.2796195272
918,0.046329498291,5531.46800732,24.2810702242
919,0.046215057373,5521.42904628,24.2854222975
920,0.0463104248047,5531.46800732,24.2897743442
921,0.046272277832,5531.46800732,24.2941263643
922,0.0461959838867,5541.50696837,24.2984783579
923,0.0461769104004,5526.4485268,24.3013796723
924,0.0461196899414,5536.48748784,24.3057316219
925,0.0461578369141,5531.46800732,24.3057316219
926,0.0461387634277,5536.48748784,24.3115341805
927,0.0460815429688,5536.48748784,24.3144354424
928,0.0461006164551,5536.48748784,24.3129848129
929,0.0461196899414,5541.50696837,24.3216885463
930,0.0461196899414,5531.46800732,24.3216885463
931,0.0460624694824,5541.50696837,24.3245897676
932,0.0460815429688,5541.50696837,24.3260403739
933,0.0460624694824,5546.52644889,24.3289415779
934,0.0459671020508,5546.52644889,24.3303921756
935,0.0459861755371,5551.54592941,24.3332933624
936,0.0460052490234,5541.50696837,24.3347439515
937,0.0460243225098,5546.52644889,24.3332933624
938,0.0460243225098,5546.52644889,24.3390957016
939,0.0460052490234,5551.54592941,24.3390957016
940,0.0460052490234,5556.56540993,24.343447426
941,0.0459480285645,5551.54592941,24.3448979951
942,0.0459480285645,5556.56540993,24.3463485614
943,0.0459289550781,5551.54592941,24.3536013502
944,0.0459098815918,5551.54592941,24.3550518995
945,0.0459671020508,5551.54592941,24.3579529896
946,0.0458908081055,5551.54592941,24.3565024459
947,0.0458335876465,5551.54592941,24.3637551359
948,0.0458526611328,5556.56540993,24.3637551359
949,0.0458145141602,5556.56540993,24.3681067162
950,0.0458526611328,5551.54592941,24.3695572374
951,0.0458526611328,5551.54592941,24.3753592941
952,0.0458908081055,5551.54592941,24.3739087841
953,0.0457382202148,5556.56540993,24.3811613064
954,0.0457763671875,5556.56540993,24.3797108075
955,0.0457382202148,5551.54592941,24.3840622958
956,0.0456809997559,5556.56540993,24.3869632742
957,0.0458145141602,5556.56540993,24.3913147212
958,0.0456428527832,5556.56540993,24.394215672
959,0.0458526611328,5556.56540993,24.394215672
960,0.0456619262695,5561.58489046,24.3985670777
961,0.0457572937012,5561.58489046,24.408720262
962,0.0456047058105,5556.56540993,24.408720262
963,0.0456619262695,5556.56540993,24.4130715858
964,0.0457000732422,5556.56540993,24.4145220217
965,0.0457382202148,5561.58489046,24.4174228853
966,0.0457000732422,5556.56540993,24.4232245802
967,0.0456237792969,5561.58489046,24.4246749971
968,0.0455284118652,5561.58489046,24.4261254114
969,0.0456428527832,5561.58489046,24.4275758231
970,0.0456047058105,5561.58489046,24.434827841
971,0.0455474853516,5566.60437098,24.4362782366
972,0.0456237792969,5561.58489046,24.4362782366
973,0.0455856323242,5556.56540993,24.4420797923
974,0.0455665588379,5561.58489046,24.4391790197
975,0.0456047058105,5566.60437098,24.4420797923
976,0.0455665588379,5566.60437098,24.4493316773
977,0.0455284118652,5571.6238515,24.4464309312
978,0.0455284118652,5566.60437098,24.4507820464
979,0.0454139709473,5571.6238515,24.4536827766
980,0.0455093383789,5576.64333202,24.4522324128
981,0.0453758239746,5581.66281255,24.4565834963
982,0.0454139709473,5581.66281255,24.4594842056
983,0.0453948974609,5571.6238515,24.4623849043
984,0.0454139709473,5566.60437098,24.4667359329
985,0.0453567504883,5571.6238515,24.4681862706
986,0.0453567504883,5581.66281255,24.4739875952
987,0.0453758239746,5591.70177359,24.4725372679
988,0.0453186035156,5571.6238515,24.4783385614
989,0.0453758239746,5591.70177359,24.4812391927
990,0.045337677002,5596.72125411,24.4841398137
991,0.0452995300293,5596.72125411,24.4899410248
992,0.045337677002,5581.66281255,24.4913913212
993,0.0453567504883,5586.68229307,24.492841615
994,0.0453186035156,5591.70177359,24.4971924812
995,0.045337677002,5596.72125411,24.500093046
996,0.0451850891113,5586.68229307,24.5029936005
997,0.0453186035156,5591.70177359,24.5015433245
998,0.045223236084,5606.76021516,24.5087946793
999,0.0452995300293,5606.76021516,24.5116952036
1000,0.0451850891113,5596.72125411,24.5116952036
1001,0.045166015625,5616.7991762,24.513145462
1002,0.045223236084,5606.76021516,24.5189464703
1003,0.045223236084,5591.70177359,24.5189464703
1004,0.0452423095703,5606.76021516,24.5232972003
1005,0.0451469421387,5606.76021516,24.5247474387
1006,0.0451278686523,5606.76021516,24.5247474387
1007,0.045108795166,5606.76021516,24.5247474387
1008,0.0450897216797,5616.7991762,24.5319985931
1009,0.045166015625,5611.77969568,24.5319985931
1010,0.0450897216797,5616.7991762,24.5377994721
1011,0.045108795166,5606.76021516,24.536349256
1012,0.045108795166,5616.7991762,24.5392496857
1013,0.0451469421387,5611.77969568,24.5421501054
1014,0.045108795166,5611.77969568,24.5436003116
1015,0.0451850891113,5621.81865673,24.5450505154
1016,0.045166015625,5631.85761777,24.549401112
1017,0.0451469421387,5626.83813725,24.549401112
1018,0.0451469421387,5621.81865673,24.5523014975
1019,0.0450325012207,5626.83813725,24.5566520575
1020,0.044994354248,5626.83813725,24.5595524187
1021,0.044994354248,5621.81865673,24.5595524187
1022,0.045051574707,5621.81865673,24.5624527702
1023,0.0450325012207,5626.83813725,24.5682534443
1024,0.0449371337891,5626.83813725,24.5697036068
1025,0.045051574707,5626.83813725,24.5726039246
1026,0.0449562072754,5626.83813725,24.5755042328
1027,0.044994354248,5626.83813725,24.5798546772
1028,0.044994354248,5626.83813725,24.5813048206
1029,0.0448989868164,5631.85761777,24.5885555018
1030,0.0449562072754,5631.85761777,24.5885555018
1031,0.044994354248,5636.8770983,24.5929058822
1032,0.044994354248,5636.8770983,24.5929058822
1033,0.0449752807617,5631.85761777,24.5987063564
1034,0.0448608398438,5631.85761777,24.5987063564
1035,0.0448226928711,5631.85761777,24.5987063564
1036,0.0449180603027,5631.85761777,24.6059568964
1037,0.0448417663574,5631.85761777,24.6074069974
1038,0.0448036193848,5636.8770983,24.6103071924
1039,0.0448417663574,5636.8770983,24.6117572864
1040,0.0448417663574,5636.8770983,24.6132073781
1041,0.0447463989258,5636.8770983,24.6146574675
1042,0.0447654724121,5636.8770983,24.6161075546
1043,0.0448036193848,5631.85761777,24.620457802
1044,0.0448417663574,5636.8770983,24.6190077218
1045,0.0447463989258,5636.8770983,24.6233579554
1046,0.0448036193848,5636.8770983,24.6219078799
1047,0.0447654724121,5636.8770983,24.6277081683
1048,0.0448417663574,5631.85761777,24.6320583607
1049,0.0447273254395,5636.8770983,24.6364085325
1050,0.0446891784668,5636.8770983,24.6364085325
1051,0.0446891784668,5636.8770983,24.6422087298
1052,0.0447463989258,5636.8770983,24.6436587735
1053,0.0447463989258,5636.8770983,24.6451088149
1054,0.0447273254395,5631.85761777,24.648008891
1055,0.0446510314941,5636.8770983,24.648008891
1056,0.0446891784668,5631.85761777,24.6523589883
1057,0.0447082519531,5636.8770983,24.6581590866
1058,0.0447273254395,5636.8770983,24.662509137
1059,0.0446319580078,5636.8770983,24.6654091595
1060,0.0446891784668,5636.8770983,24.671209178
1061,0.0445747375488,5636.8770983,24.674109174
1062,0.0446510314941,5631.85761777,24.6784591515
1063,0.0445938110352,5636.8770983,24.6784591515
1064,0.0445747375488,5636.8770983,24.6799091396
1065,0.0445556640625,5636.8770983,24.6813591256
1066,0.0445938110352,5636.8770983,24.6871590476
1067,0.0445938110352,5636.8770983,24.6915089663
1068,0.0446128845215,5636.8770983,24.6900589955
1069,0.0445365905762,5636.8770983,24.6929589348
1070,0.0445747375488,5636.8770983,24.6958588655
1071,0.0445365905762,5636.8770983,24.7002087453
1072,0.0444412231445,5636.8770983,24.6987587875
1073,0.0444602966309,5636.8770983,24.7002087453
1074,0.0445365905762,5636.8770983,24.7045586059
1075,0.0445175170898,5636.8770983,24.7074585022
1076,0.0444602966309,5636.8770983,24.71035839
1077,0.0444221496582,5636.8770983,24.71035839
1078,0.0444412231445,5636.8770983,24.7118083308
1079,0.0444030761719,5636.8770983,24.7147082058
1080,0.0444221496582,5636.8770983,24.7161581402
1081,0.0443458557129,5636.8770983,24.7205079306
1082,0.0444221496582,5636.8770983,24.7205079306
1083,0.0443840026855,5636.8770983,24.7248577021
1084,0.0443458557129,5636.8770983,24.7263076217
1085,0.0444221496582,5636.8770983,24.7248577021
1086,0.0443077087402,5636.8770983,24.7277575392
1087,0.0443840026855,5636.8770983,24.730657368
1088,0.0442886352539,5636.8770983,24.7350070955
1089,0.0444030761719,5636.8770983,24.7321072793
1090,0.0443649291992,5636.8770983,24.7364570006
1091,0.0443267822266,5636.8770983,24.7437064946
1092,0.0442504882813,5636.8770983,24.7437064946
1093,0.0442886352539,5636.8770983,24.7451563873
1094,0.0443649291992,5636.8770983,24.7495060528
1095,0.0443458557129,5636.8770983,24.7509559372
1096,0.0442314147949,5641.89657882,24.7553055782
1097,0.0442314147949,5636.8770983,24.7567554544
1098,0.0441932678223,5641.89657882,24.7625549391
1099,0.0442314147949,5641.89657882,24.7640048052
1100,0.0441932678223,5636.8770983,24.7669045313
1101,0.0442314147949,5636.8770983,24.7712541054
1102,0.0442504882813,5646.91605934,24.7712541054
1103,0.0442314147949,5641.89657882,24.7756036615
1104,0.0441741943359,5641.89657882,24.7785033555
1105,0.044116973877,5646.91605934,24.7828528817
1106,0.0441741943359,5646.91605934,24.7843027197
1107,0.044116973877,5641.89657882,24.7843027197
1108,0.0441360473633,5636.8770983,24.7886522221
1109,0.0441360473633,5641.89657882,24.794451531
1110,0.0440788269043,5641.89657882,24.7930017067
1111,0.0440216064453,5651.93553986,24.7959013533
1112,0.0440406799316,5646.91605934,24.798800992
1113,0.0440406799316,5641.89657882,24.8002508085
1114,0.044002532959,5651.93553986,24.801700623
1115,0.0439643859863,5636.8770983,24.8031504355
1116,0.0439834594727,5646.91605934,24.8074998615
1117,0.0440788269043,5646.91605934,24.8103994692
1118,0.0439071655273,5651.93553986,24.8118492701
1119,0.0439453125,5641.89657882,24.8132990691
1120,0.0439453125,5651.93553986,24.8118492701
1121,0.0439071655273,5656.95502039,24.8161986613
1122,0.0438499450684,5646.91605934,24.8176484546
1123,0.0439453125,5651.93553986,24.8219978228
1124,0.0439262390137,5651.93553986,24.8234476084
1125,0.0438690185547,5651.93553986,24.8306965079
1126,0.0438499450684,5651.93553986,24.8292467318
1127,0.0439071655273,5651.93553986,24.8335960544
1128,0.0438499450684,5656.95502039,24.8350458248
1129,0.0437545776367,5656.95502039,24.8393951249
1130,0.0437545776367,5672.01346195,24.8422946489
1131,0.043830871582,5666.99398143,24.8451941654
1132,0.0436973571777,5672.01346195,24.8451941654
1133,0.0437355041504,5656.95502039,24.8466439209
1134,0.043773651123,5656.95502039,24.8524429242
1135,0.0437164306641,5666.99398143,24.8553424148
1136,0.0436973571777,5661.97450091,24.858241898
1137,0.0436210632324,5666.99398143,24.8596916368
1138,0.0436592102051,5687.07190352,24.8640408424
1139,0.0437355041504,5682.052423,24.8640408424
1140,0.0436592102051,5666.99398143,24.8683900315
1141,0.0436782836914,5661.97450091,24.8683900315
1142,0.0436592102051,5672.01346195,24.8727392043
1143,0.0436973571777,5677.03294248,24.8727392043
1144,0.0435829162598,5682.052423,24.8770883608
1145,0.0436782836914,5687.07190352,24.8799877894
1146,0.0436782836914,5687.07190352,24.878538076
1147,0.0436019897461,5682.052423,24.8814375011
1148,0.0436210632324,5677.03294248,24.884336919
1149,0.0435447692871,5677.03294248,24.8872363298
1150,0.0436592102051,5687.07190352,24.8901357334
1151,0.0435256958008,5687.07190352,24.8901357334
1152,0.0435638427734,5677.03294248,24.8944848256
1153,0.0435829162598,5692.09138404,24.8944848256
1154,0.0435256958008,5687.07190352,24.8959345195
1155,0.0436401367188,5697.11086457,24.8988339019
1156,0.0435829162598,5687.07190352,24.9017332773
1157,0.0435447692871,5692.09138404,24.9046326458
1158,0.0434494018555,5702.13034509,24.9060823273
1159,0.0435256958008,5702.13034509,24.9075320072
1160,0.0434303283691,5697.11086457,24.9104313617
1161,0.0434112548828,5692.09138404,24.9147803804
1162,0.0433349609375,5692.09138404,24.9147803804
1163,0.0434303283691,5712.16930613,24.9147803804
1164,0.0434112548828,5702.13034509,24.9162300498
1165,0.0434303283691,5707.14982561,24.9191293835
1166,0.0433540344238,5697.11086457,24.9191293835
1167,0.0434684753418,5692.09138404,24.9234783713
1168,0.0434112548828,5697.11086457,24.9249280304
1169,0.0434112548828,5702.13034509,24.9292769977
1170,0.0433158874512,5712.16930613,24.93072665
1171,0.0433540344238,5712.16930613,24.9350755969
1172,0.0433158874512,5707.14982561,24.9379748864
1173,0.0433921813965,5712.16930613,24.9365252425
1174,0.0432395935059,5712.16930613,24.942323808
1175,0.0432014465332,5702.13034509,24.9437734452
1176,0.0431823730469,5712.16930613,24.9452230807
1177,0.0432014465332,5712.16930613,24.9495719773
1178,0.0432777404785,5712.16930613,24.955370483
1179,0.0432205200195,5702.13034509,24.9582697259
1180,0.0431442260742,5717.18878666,24.9568201052
1181,0.0431442260742,5717.18878666,24.9597193449
1182,0.0431442260742,5717.18878666,24.964068192
1183,0.0431060791016,5707.14982561,24.964068192
1184,0.0432205200195,5717.18878666,24.9669674153
1185,0.0431442260742,5717.18878666,24.9684170245
1186,0.0431632995605,5717.18878666,24.9713162381
1187,0.0430870056152,5717.18878666,24.9727658424
1188,0.0430870056152,5717.18878666,24.9727658424
1189,0.0432205200195,5717.18878666,24.9785642438
1190,0.0431251525879,5717.18878666,24.9756650463
1191,0.0431442260742,5717.18878666,24.9800138401
1192,0.0430870056152,5722.20826718,24.9829130279
1193,0.0430870056152,5717.18878666,24.9814634348
1194,0.0431251525879,5717.18878666,24.9829130279
1195,0.0430297851563,5717.18878666,24.9887113845
1196,0.0430488586426,5722.20826718,24.9901609697
1197,0.0431060791016,5722.20826718,24.9916105533
1198,0.0431442260742,5722.20826718,24.9945097159
1199,0.0431060791016,5712.16930613,24.9974088721
1200,0.0430107116699,5722.20826718,25.0017575947
1201,0.0429534912109,5717.18878666,25.000308022
1202,0.0429344177246,5727.2277477,25.0061063033
1203,0.0430679321289,5722.20826718,25.0061063033
1204,0.0429916381836,5727.2277477,25.0075558697
1205,0.042896270752,5722.20826718,25.01335412
1206,0.042896270752,5727.2277477,25.0177027917
1207,0.042896270752,5727.2277477,25.0177027917
1208,0.0430488586426,5722.20826718,25.0206018985
1209,0.042896270752,5732.24722822,25.0249505473
1210,0.0429344177246,5732.24722822,25.0264000938
1211,0.0430107116699,5727.2277477,25.0307487245
1212,0.0429534912109,5737.26670875,25.0321982651
1213,0.0429153442383,5732.24722822,25.0350973417
1214,0.0428581237793,5732.24722822,25.0336478042
1215,0.0428581237793,5737.26670875,25.0379964124
1216,0.0428581237793,5737.26670875,25.0394459455
1217,0.0429916381836,5732.24722822,25.0452440631
1218,0.042839050293,5727.2277477,25.0481431131
1219,0.0428199768066,5742.28618927,25.0466935889
1220,0.042896270752,5737.26670875,25.0481431131
1221,0.0429725646973,5747.30566979,25.0510421572
1222,0.0429153442383,5747.30566979,25.0524916771
1223,0.042781829834,5742.28618927,25.0539411955
1224,0.042839050293,5742.28618927,25.056840228
1225,0.042839050293,5747.30566979,25.058289742
1226,0.0426864624023,5737.26670875,25.0611887658
1227,0.042781829834,5757.34463084,25.0640877838
1228,0.0428581237793,5747.30566979,25.0655372906
1229,0.042839050293,5747.30566979,25.0655372906
1230,0.0428199768066,5737.26670875,25.0669867961
1231,0.0428009033203,5752.32515032,25.0669867961
1232,0.0428199768066,5737.26670875,25.0698858026
1233,0.0427055358887,5742.28618927,25.0713353038
1234,0.042667388916,5747.30566979,25.0756837987
1235,0.042781829834,5752.32515032,25.0785827882
1236,0.0427627563477,5747.30566979,25.0785827882
1237,0.0427055358887,5752.32515032,25.0785827882
1238,0.0427627563477,5757.34463084,25.082931262
1239,0.042667388916,5762.36411136,25.0858302375
1240,0.0425720214844,5752.32515032,25.0887292075
1241,0.0425910949707,5757.34463084,25.0916281719
1242,0.0425720214844,5757.34463084,25.0901786904
1243,0.0425338745117,5747.30566979,25.0930776521
1244,0.0426483154297,5752.32515032,25.0930776521
1245,0.0425910949707,5772.40307241,25.0974260842
1246,0.0425338745117,5762.36411136,25.1003250321
1247,0.0425720214844,5757.34463084,25.1046734438
1248,0.042552947998,5757.34463084,25.1061229116
1249,0.0426292419434,5752.32515032,25.1075723781
1250,0.0424766540527,5757.34463084,25.1090218432
1251,0.0424766540527,5762.36411136,25.110471307
1252,0.0424766540527,5752.32515032,25.1148196903
1253,0.0426292419434,5757.34463084,25.1148196903
1254,0.0425910949707,5762.36411136,25.120617516
1255,0.042610168457,5767.38359188,25.1220669691
1256,0.0424766540527,5767.38359188,25.1249658714
1257,0.0424957275391,5767.38359188,25.1264153205
1258,0.0424766540527,5757.34463084,25.1278647683
1259,0.0424385070801,5777.42255293,25.132213104
1260,0.0425910949707,5772.40307241,25.1351119879
1261,0.0425148010254,5772.40307241,25.136561428
1262,0.0424385070801,5767.38359188,25.1438086087
1263,0.0424575805664,5772.40307241,25.1438086087
1264,0.0424385070801,5777.42255293,25.1409097403
1265,0.0424957275391,5777.42255293,25.145258041
1266,0.0424003601074,5782.44203345,25.1496063303
1267,0.0424575805664,5777.42255293,25.1481569018
1268,0.0424575805664,5777.42255293,25.1510557575
1269,0.0423431396484,5782.44203345,25.1554040316
1270,0.0424194335938,5762.36411136,25.1583028746
1271,0.0423812866211,5782.44203345,25.1597522943
1272,0.0423240661621,5782.44203345,25.1641005458
1273,0.0424194335938,5767.38359188,25.1641005458
1274,0.0423240661621,5772.40307241,25.1655499605
1275,0.0423622131348,5777.42255293,25.1684487862
1276,0.0423812866211,5777.42255293,25.1713476069
1277,0.0423431396484,5787.46151397,25.1713476069
1278,0.0423431396484,5787.46151397,25.1742464228
1279,0.0424003601074,5782.44203345,25.1727970154
1280,0.0422477722168,5787.46151397,25.1771452337
1281,0.0422859191895,5782.44203345,25.1771452337
1282,0.0421905517578,5777.42255293,25.1800440398
1283,0.0423049926758,5782.44203345,25.1829428411
1284,0.0422668457031,5782.44203345,25.1829428411
1285,0.0422096252441,5777.42255293,25.187291034
1286,0.0421905517578,5787.46151397,25.1901898232
1287,0.0421714782715,5777.42255293,25.1901898232
1288,0.0422477722168,5782.44203345,25.1959873875
1289,0.0421905517578,5782.44203345,25.1945379982
1290,0.0421142578125,5792.4809945,25.1988861626
1291,0.0421333312988,5787.46151397,25.1959873875
1292,0.0420951843262,5792.4809945,25.201784933
1293,0.0422286987305,5792.4809945,25.2061330798
1294,0.0421905517578,5787.46151397,25.2075824598
1295,0.0420570373535,5787.46151397,25.2148293423
1296,0.0420761108398,5792.4809945,25.2133799681
1297,0.0421142578125,5792.4809945,25.2162787154
1298,0.0420951843262,5792.4809945,25.2191774581
1299,0.0421714782715,5792.4809945,25.2191774581
1300,0.0420570373535,5792.4809945,25.2220761963
1301,0.0420188903809,5797.50047502,25.2235255637
1302,0.0420379638672,5787.46151397,25.2264242952
1303,0.0421333312988,5792.4809945,25.2264242952
1304,0.0421524047852,5787.46151397,25.2307723839
1305,0.0419807434082,5787.46151397,25.2336711042
1306,0.0419235229492,5792.4809945,25.2351204627
1307,0.0419998168945,5792.4809945,25.2380191764
1308,0.0420761108398,5792.4809945,25.2380191764
1309,0.0419425964355,5787.46151397,25.2394685316
1310,0.0420188903809,5792.4809945,25.2423672387
1311,0.0420379638672,5792.4809945,25.2438165906
1312,0.0419425964355,5792.4809945,25.2438165906
1313,0.0419807434082,5792.4809945,25.2452659415
1314,0.0419616699219,5787.46151397,25.2467152912
1315,0.0419616699219,5792.4809945,25.2481646399
1316,0.0419235229492,5797.50047502,25.2496139875
1317,0.0418663024902,5792.4809945,25.251063334
1318,0.0419998168945,5792.4809945,25.2525126795
1319,0.0419044494629,5792.4809945,25.2539620239
1320,0.0419807434082,5792.4809945,25.2568607095
1321,0.0419235229492,5792.4809945,25.2568607095
1322,0.0418663024902,5792.4809945,25.2626580679
1323,0.0418472290039,5792.4809945,25.2612087299
1324,0.0418090820313,5792.4809945,25.2641074049
1325,0.0419235229492,5797.50047502,25.2641074049
1326,0.0418663024902,5787.46151397,25.2655567409
1327,0.0418853759766,5797.50047502,25.2699047425
1328,0.0417900085449,5797.50047502,25.272803405
1329,0.0417518615723,5792.4809945,25.272803405
1330,0.0418853759766,5797.50047502,25.2757020634
1331,0.0418472290039,5792.4809945,25.2800500434
1332,0.0417327880859,5792.4809945,25.2786007178
1333,0.0418853759766,5792.4809945,25.2829486917
1334,0.0417137145996,5792.4809945,25.2858473359
1335,0.0417327880859,5792.4809945,25.2843980143
1336,0.0416946411133,5792.4809945,25.2887459761
1337,0.0417137145996,5797.50047502,25.2887459761
1338,0.0417518615723,5797.50047502,25.2901952947
1339,0.041675567627,5797.50047502,25.2959925592
1340,0.041675567627,5792.4809945,25.2988911855
1341,0.0417137145996,5797.50047502,25.3032391177
1342,0.0416374206543,5797.50047502,25.3017898079
1343,0.0416374206543,5797.50047502,25.3017898079
1344,0.0416374206543,5797.50047502,25.3075870411
1345,0.0416564941406,5797.50047502,25.3119349559
1346,0.0417327880859,5797.50047502,25.3075870411
1347,0.0416946411133,5797.50047502,25.313384259
1348,0.0417137145996,5797.50047502,25.3177321624
1349,0.041675567627,5792.4809945,25.3191814616
1350,0.0416946411133,5797.50047502,25.3206307599
1351,0.0416374206543,5797.50047502,25.3206307599
1352,0.0417137145996,5797.50047502,25.3293265302
1353,0.0416374206543,5792.4809945,25.3278772374
1354,0.0416374206543,5792.4809945,25.3278772374
1355,0.041675567627,5802.51995554,25.3322251129
1356,0.0415992736816,5797.50047502,25.3322251129
1357,0.041561126709,5797.50047502,25.3336744029
1358,0.041618347168,5797.50047502,25.3365729801
1359,0.041561126709,5797.50047502,25.3380222674
1360,0.0415420532227,5797.50047502,25.3409208392
1361,0.0415420532227,5797.50047502,25.3438194074
1362,0.0414657592773,5802.51995554,25.3423701237
1363,0.0415802001953,5797.50047502,25.3481672531
1364,0.041561126709,5792.4809945,25.3452686902
1365,0.0414276123047,5792.4809945,25.3496165332
1366,0.0414657592773,5792.4809945,25.3481672531
1367,0.04150390625,5797.50047502,25.3525150908
1368,0.0413703918457,5797.50047502,25.3554136449
1369,0.0414085388184,5797.50047502,25.3554136449
1370,0.04150390625,5797.50047502,25.3539643683
1371,0.0414657592773,5797.50047502,25.3568629207
1372,0.0414276123047,5797.50047502,25.3597614696
1373,0.041446685791,5797.50047502,25.3626600151
1374,0.0413703918457,5797.50047502,25.3655585572
1375,0.0413513183594,5797.50047502,25.3684570958
1376,0.0414085388184,5802.51995554,25.3713556311
1377,0.0413703918457,5792.4809945,25.3742541631
1378,0.0412940979004,5797.50047502,25.3742541631
1379,0.0413513183594,5797.50047502,25.3742541631
1380,0.041389465332,5797.50047502,25.3771526917
1381,0.041389465332,5802.51995554,25.3786019547
1382,0.0414085388184,5797.50047502,25.3843989988
1383,0.0413513183594,5802.51995554,25.3815004784
1384,0.0412178039551,5797.50047502,25.3887467733
1385,0.0413131713867,5797.50047502,25.3916452857
1386,0.0411605834961,5802.51995554,25.3916452857
1387,0.0412368774414,5802.51995554,25.3945437948
1388,0.0412750244141,5802.51995554,25.3988915526
1389,0.0412940979004,5797.50047502,25.3988915526
1390,0.0412368774414,5802.51995554,25.4003408036
1391,0.0412559509277,5802.51995554,25.4046885519
1392,0.0411605834961,5797.50047502,25.4032393033
1393,0.0412178039551,5802.51995554,25.407587047
1394,0.0412368774414,5802.51995554,25.4090362934
1395,0.0411033630371,5797.50047502,25.4119347838
1396,0.0412368774414,5802.51995554,25.4133840279
1397,0.0411033630371,5797.50047502,25.4148332712
1398,0.0410652160645,5797.50047502,25.4177317557
1399,0.0412368774414,5797.50047502,25.4177317557
1400,0.0411796569824,5802.51995554,25.4220794767
1401,0.0411987304688,5802.51995554,25.4235287155
1402,0.0411796569824,5802.51995554,25.4220794767
1403,0.0411224365234,5802.51995554,25.4235287155
1404,0.0411224365234,5802.51995554,25.426427191
1405,0.0410652160645,5802.51995554,25.4307748988
1406,0.0410079956055,5802.51995554,25.4293256636
1407,0.0410652160645,5797.50047502,25.4322241333
1408,0.0410079956055,5802.51995554,25.4365718324
1409,0.0409507751465,5802.51995554,25.4380210641
1410,0.0409889221191,5802.51995554,25.439470295
1411,0.0410270690918,5802.51995554,25.4365718324
1412,0.0409889221191,5807.53943606,25.4409195252
1413,0.0410842895508,5807.53943606,25.4438179835
1414,0.0409317016602,5807.53943606,25.4438179835
1415,0.0410270690918,5802.51995554,25.4452672116
1416,0.0409507751465,5802.51995554,25.4452672116
1417,0.0409317016602,5802.51995554,25.4510641171
1418,0.0409507751465,5797.50047502,25.4496148918
1419,0.0410652160645,5797.50047502,25.4510641171
1420,0.0410270690918,5802.51995554,25.4525133418
1421,0.0408744812012,5802.51995554,25.4539625658
1422,0.0408554077148,5802.51995554,25.4568610117
1423,0.0408744812012,5807.53943606,25.4539625658
1424,0.0409317016602,5802.51995554,25.459759455
1425,0.0408935546875,5807.53943606,25.4612086756
1426,0.0408363342285,5802.51995554,25.4626578956
1427,0.0408172607422,5807.53943606,25.4626578956
1428,0.0408363342285,5802.51995554,25.4626578956
1429,0.0407409667969,5812.55891659,25.4670055516
1430,0.0407409667969,5802.51995554,25.4699039856
1431,0.0407409667969,5812.55891659,25.4713532016
1432,0.0406265258789,5807.53943606,25.4757008459
1433,0.0407409667969,5807.53943606,25.4771500594
1434,0.0407791137695,5807.53943606,25.4771500594
1435,0.0406455993652,5812.55891659,25.4814976961
1436,0.0405693054199,5812.55891659,25.4800484845
1437,0.0407028198242,5812.55891659,25.4843961175
1438,0.0406646728516,5812.55891659,25.4858453272
1439,0.0407409667969,5812.55891659,25.4887437448
1440,0.0406455993652,5807.53943606,25.49164216
1441,0.0406837463379,5807.53943606,25.4945405728
1442,0.0405120849609,5802.51995554,25.4988881875
1443,0.0406455993652,5802.51995554,25.4988881875
1444,0.0406265258789,5807.53943606,25.5017865943
1445,0.0405311584473,5812.55891659,25.5032357969
1446,0.0406455993652,5812.55891659,25.5061342002
1447,0.0404930114746,5812.55891659,25.5104818009
1448,0.0406265258789,5807.53943606,25.5104818009
1449,0.0406265258789,5802.51995554,25.5133801985
1450,0.0406074523926,5807.53943606,25.5162785939
1451,0.0404357910156,5807.53943606,25.5177277908
1452,0.040454864502,5812.55891659,25.5162785939
1453,0.0404930114746,5817.57839711,25.5191769871
1454,0.0405120849609,5812.55891659,25.522075378
1455,0.0404739379883,5807.53943606,25.5249737668
1456,0.0403785705566,5802.51995554,25.5264229603
1457,0.0405120849609,5812.55891659,25.5293213459
1458,0.0403785705566,5817.57839711,25.5293213459
1459,0.0403594970703,5807.53943606,25.5322197293
1460,0.040340423584,5812.55891659,25.5322197293
1461,0.0405120849609,5817.57839711,25.5336689202
1462,0.0405311584473,5812.55891659,25.5365673005
1463,0.040283203125,5812.55891659,25.5365673005
1464,0.0403213500977,5812.55891659,25.5380164898
1465,0.0402641296387,5817.57839711,25.5380164898
1466,0.040340423584,5812.55891659,25.540914867
1467,0.0404167175293,5812.55891659,25.5423640548
1468,0.0402641296387,5807.53943606,25.5438132421
1469,0.0402450561523,5812.55891659,25.5452624289
1470,0.040283203125,5817.57839711,25.5481608011
1471,0.0404357910156,5807.53943606,25.5481608011
1472,0.0404357910156,5822.59787763,25.5510591712
1473,0.040397644043,5807.53943606,25.5525083555
1474,0.040225982666,5807.53943606,25.5554067228
1475,0.0403785705566,5817.57839711,25.5554067228
1476,0.0402641296387,5817.57839711,25.55975427
1477,0.0403022766113,5812.55891659,25.5612034515
1478,0.0403213500977,5812.55891659,25.5612034515
1479,0.040283203125,5812.55891659,25.564101813
1480,0.040111541748,5817.57839711,25.5698985305
1481,0.0400733947754,5817.57839711,25.5727968865
1482,0.0400924682617,5822.59787763,25.5742460638
1483,0.0400924682617,5817.57839711,25.5756952407
1484,0.040225982666,5807.53943606,25.5756952407
1485,0.0401306152344,5812.55891659,25.5785935932
1486,0.040168762207,5812.55891659,25.5800427688
1487,0.0400352478027,5817.57839711,25.5814919439
1488,0.0400924682617,5817.57839711,25.5829411186
1489,0.0400733947754,5822.59787763,25.5887378132
1490,0.0401496887207,5817.57839711,25.5901869858
1491,0.0400161743164,5812.55891659,25.5930853298
1492,0.040111541748,5807.53943606,25.5945345012
1493,0.040111541748,5817.57839711,25.5930853298
1494,0.0400924682617,5807.53943606,25.5974328427
1495,0.0400733947754,5812.55891659,25.603229521
1496,0.0400733947754,5817.57839711,25.6003311827
1497,0.0400161743164,5812.55891659,25.6017803521
1498,0.0400543212891,5822.59787763,25.603229521
1499,0.040111541748,5817.57839711,25.6075770257
1500,0.0399780273438,5812.55891659,25.6046786896
1501,0.0400352478027,5822.59787763,25.6061278578
1502,0.0400543212891,5812.55891659,25.6119245269
1503,0.0398826599121,5822.59787763,25.6133736932
1504,0.0399017333984,5817.57839711,25.6104753602
1505,0.0398635864258,5827.61735815,25.6133736932
1506,0.0399589538574,5802.51995554,25.6162720248
1507,0.0398635864258,5812.55891659,25.6162720248
1508,0.0398826599121,5817.57839711,25.6162720248
1509,0.0398254394531,5827.61735815,25.6206195194
1510,0.0399398803711,5822.59787763,25.6220686836
1511,0.0397491455078,5817.57839711,25.6264161739
1512,0.0397682189941,5812.55891659,25.6249670108
1513,0.0398063659668,5817.57839711,25.6264161739
1514,0.0398445129395,5822.59787763,25.6293144991
1515,0.0398445129395,5827.61735815,25.632212823
1516,0.0396919250488,5827.61735815,25.6293144991
1517,0.0398063659668,5832.63683868,25.632212823
1518,0.0397109985352,5822.59787763,25.6351111455
1519,0.0396728515625,5827.61735815,25.6336619844
1520,0.0396347045898,5822.59787763,25.6365603063
1521,0.0398254394531,5817.57839711,25.6380094667
1522,0.0397682189941,5827.61735815,25.6394586268
1523,0.0397109985352,5822.59787763,25.6409077866
1524,0.0395965576172,5822.59787763,25.6423569461
1525,0.0396537780762,5817.57839711,25.6438061053
1526,0.0396728515625,5822.59787763,25.6452552642
1527,0.0395965576172,5822.59787763,25.6467044227
1528,0.0396156311035,5827.61735815,25.648153581
1529,0.0395774841309,5827.61735815,25.6510518966
1530,0.0395965576172,5817.57839711,25.6553993678
1531,0.0395965576172,5812.55891659,25.653950211
1532,0.0395202636719,5817.57839711,25.6553993678
1533,0.0395393371582,5822.59787763,25.6582976805
1534,0.0396919250488,5827.61735815,25.6568485243
1535,0.0396537780762,5812.55891659,25.6626451475
1536,0.0395011901855,5817.57839711,25.6640943026
1537,0.0395202636719,5827.61735815,25.6640943026
1538,0.0396347045898,5817.57839711,25.6669926119
1539,0.0395011901855,5827.61735815,25.6669926119
1540,0.0396537780762,5822.59787763,25.6698909203
1541,0.0394630432129,5822.59787763,25.6698909203
1542,0.0396156311035,5812.55891659,25.6785858391
1543,0.0395011901855,5822.59787763,25.6771366866
1544,0.0395774841309,5827.61735815,25.6785858391
1545,0.0394248962402,5832.63683868,25.6814841434
1546,0.0394439697266,5837.6563192,25.6843824468
1547,0.0394439697266,5827.61735815,25.6887299001
1548,0.0394248962402,5827.61735815,25.6872807492
1549,0.0395011901855,5827.61735815,25.6887299001
1550,0.0394248962402,5822.59787763,25.6901790508
1551,0.0395393371582,5822.59787763,25.6901790508
1552,0.0395393371582,5817.57839711,25.6930773514
1553,0.0393676757813,5822.59787763,25.6959756512
1554,0.0393867492676,5827.61735815,25.6959756512
1555,0.0394821166992,5817.57839711,25.6988739502
1556,0.0393867492676,5817.57839711,25.6988739502
1557,0.0392913818359,5822.59787763,25.7003230994
1558,0.0394821166992,5827.61735815,25.7017722483
1559,0.0393104553223,5827.61735815,25.7017722483
1560,0.0392532348633,5817.57839711,25.7032213971
1561,0.0393867492676,5822.59787763,25.7046705457
1562,0.039234161377,5817.57839711,25.7061196941
1563,0.0394439697266,5827.61735815,25.7061196941
1564,0.0392532348633,5822.59787763,25.7061196941
1565,0.0393104553223,5827.61735815,25.7075688423
1566,0.0392532348633,5817.57839711,25.7104671381
1567,0.0393104553223,5827.61735815,25.7133654333
1568,0.0393486022949,5827.61735815,25.7148145806
1569,0.0393867492676,5822.59787763,25.7148145806
1570,0.0391960144043,5837.6563192,25.720611168
1571,0.0393676757813,5827.61735815,25.7191620214
1572,0.0392532348633,5827.61735815,25.7191620214
1573,0.0392150878906,5822.59787763,25.7235094608
1574,0.0393295288086,5827.61735815,25.7235094608
1575,0.0391387939453,5832.63683868,25.7235094608
1576,0.0392723083496,5837.6563192,25.7278568988
1577,0.039119720459,5827.61735815,25.7278568988
1578,0.039176940918,5827.61735815,25.7322043355
1579,0.0392723083496,5827.61735815,25.7322043355
1580,0.0393104553223,5827.61735815,25.7365517709
1581,0.039234161377,5827.61735815,25.7394500605
1582,0.0392150878906,5827.61735815,25.7408992051
1583,0.0392150878906,5827.61735815,25.7408992051
1584,0.0391960144043,5827.61735815,25.7394500605
1585,0.039234161377,5827.61735815,25.7466957824
1586,0.039234161377,5827.61735815,25.7481449264
1587,0.039119720459,5832.63683868,25.7495940704
1588,0.0390434265137,5822.59787763,25.7510432142
1589,0.0390243530273,5832.63683868,25.7568397885
1590,0.039119720459,5822.59787763,25.7553906451
1591,0.0390243530273,5812.55891659,25.7553906451
1592,0.0390625,5832.63683868,25.7582889318
1593,0.0391006469727,5822.59787763,25.7626363614
1594,0.039005279541,5832.63683868,25.7669837901
1595,0.0389671325684,5837.6563192,25.7640855044
1596,0.0389862060547,5827.61735815,25.7669837901
1597,0.0390815734863,5817.57839711,25.7713312183
1598,0.039119720459,5847.69528024,25.7698820756
1599,0.0389289855957,5832.63683868,25.7698820756
1600,0.039005279541,5827.61735815,25.7727803608
1601,0.038890838623,5822.59787763,25.7756786458
1602,0.0390243530273,5822.59787763,25.7771277882
1603,0.0389099121094,5832.63683868,25.7771277882
1604,0.0389862060547,5827.61735815,25.7800260729
1605,0.0389671325684,5832.63683868,25.7800260729
1606,0.0389289855957,5827.61735815,25.7814752152
1607,0.0389099121094,5827.61735815,25.7829243574
1608,0.0389289855957,5817.57839711,25.7843734996
1609,0.0389289855957,5827.61735815,25.7887209259
1610,0.0390243530273,5827.61735815,25.7887209259
1611,0.0388526916504,5827.61735815,25.7887209259
1612,0.0388145446777,5827.61735815,25.7901700679
1613,0.0387954711914,5827.61735815,25.7901700679
1614,0.0387954711914,5817.57839711,25.7916192099
1615,0.038890838623,5822.59787763,25.7930683519
1616,0.0389099121094,5827.61735815,25.7945174939
1617,0.0388145446777,5827.61735815,25.7945174939
1618,0.0387191772461,5822.59787763,25.7945174939
1619,0.0387954711914,5832.63683868,25.7988649197
1620,0.0388145446777,5827.61735815,25.7974157778
1621,0.0388145446777,5817.57839711,25.8017632035
1622,0.0387001037598,5827.61735815,25.8003140616
1623,0.0386619567871,5822.59787763,25.8017632035
1624,0.0386238098145,5827.61735815,25.8046614873
1625,0.0386619567871,5827.61735815,25.8061106292
1626,0.0387001037598,5832.63683868,25.8046614873
1627,0.0387382507324,5827.61735815,25.809008913
1628,0.0386619567871,5822.59787763,25.809008913
1629,0.0386238098145,5827.61735815,25.8133563388
1630,0.0385856628418,5827.61735815,25.8119071968
1631,0.0387191772461,5827.61735815,25.8148054807
1632,0.0387001037598,5822.59787763,25.8148054807
1633,0.0386047363281,5832.63683868,25.8162546227
1634,0.0386428833008,5827.61735815,25.8191529068
1635,0.0385475158691,5827.61735815,25.8206020488
1636,0.0385284423828,5822.59787763,25.8278477597
1637,0.0386619567871,5817.57839711,25.823500333
1638,0.0385284423828,5827.61735815,25.8249494752
1639,0.0386428833008,5827.61735815,25.8263986174
1640,0.0384712219238,5827.61735815,25.8307460443
1641,0.0385856628418,5827.61735815,25.8307460443
1642,0.0385475158691,5827.61735815,25.8321951867
1643,0.0385475158691,5822.59787763,25.8307460443
1644,0.0384140014648,5827.61735815,25.8365426142
1645,0.0384521484375,5832.63683868,25.8365426142
1646,0.0385665893555,5827.61735815,25.8394408995
1647,0.0384330749512,5842.67579972,25.8408900423
1648,0.0385093688965,5827.61735815,25.8365426142
1649,0.0385093688965,5822.59787763,25.8423391851
1650,0.0383949279785,5817.57839711,25.843788328
1651,0.0384902954102,5822.59787763,25.8510340437
1652,0.0385093688965,5827.61735815,25.8510340437
1653,0.0383949279785,5817.57839711,25.8510340437
1654,0.0384521484375,5817.57839711,25.8510340437
1655,0.0385284423828,5827.61735815,25.8553814742
1656,0.0383567810059,5812.55891659,25.8539323307
1657,0.0385093688965,5827.61735815,25.8597289056
1658,0.0384712219238,5837.6563192,25.8582797617
1659,0.0384140014648,5832.63683868,25.8597289056
1660,0.0383186340332,5837.6563192,25.8626271938
1661,0.0383949279785,5812.55891659,25.8669746268
1662,0.0384521484375,5832.63683868,25.8655254823
1663,0.0383186340332,5822.59787763,25.8669746268
1664,0.0383567810059,5827.61735815,25.8698729161
1665,0.0382995605469,5837.6563192,25.8727712059
1666,0.0382614135742,5822.59787763,25.874220351
1667,0.0382995605469,5827.61735815,25.8756694962
1668,0.0382995605469,5832.63683868,25.8771186416
1669,0.0382232666016,5827.61735815,25.8800169328
1670,0.0382614135742,5827.61735815,25.8814660786
1671,0.0382232666016,5827.61735815,25.8829152245
1672,0.0382804870605,5827.61735815,25.8843643706
1673,0.0382804870605,5827.61735815,25.8843643706
1674,0.0381851196289,5812.55891659,25.8872626633
1675,0.0382423400879,5827.61735815,25.8872626633
1676,0.0382804870605,5827.61735815,25.8887118099
1677,0.0382041931152,5827.61735815,25.8901609566
1678,0.0382804870605,5817.57839711,25.8901609566
1679,0.0381469726563,5822.59787763,25.8945083978
1680,0.0382614135742,5827.61735815,25.8916101035
1681,0.0382614135742,5822.59787763,25.8959575453
1682,0.0382423400879,5812.55891659,25.8988558406
1683,0.0382423400879,5822.59787763,25.8988558406
1684,0.0381088256836,5827.61735815,25.9003049886
1685,0.0381278991699,5817.57839711,25.9017541367
1686,0.0382041931152,5812.55891659,25.9032032851
1687,0.0382041931152,5812.55891659,25.9017541367
1688,0.0381469726563,5827.61735815,25.9046524336
1689,0.0380897521973,5822.59787763,25.9061015823
1690,0.0380325317383,5817.57839711,25.9075507312
1691,0.0381469726563,5812.55891659,25.9075507312
1692,0.038013458252,5827.61735815,25.9075507312
1693,0.0380325317383,5817.57839711,25.9075507312
1694,0.0380325317383,5827.61735815,25.9118981792
1695,0.0381088256836,5822.59787763,25.9118981792
1696,0.0380706787109,5817.57839711,25.9133473289
1697,0.038013458252,5817.57839711,25.9176947794
1698,0.0380325317383,5822.59787763,25.9147964789
1699,0.038013458252,5827.61735815,25.916245629
1700,0.037956237793,5817.57839711,25.9176947794
1701,0.0379753112793,5822.59787763,25.91914393
1702,0.0380516052246,5812.55891659,25.9205930808
1703,0.037956237793,5822.59787763,25.9249405346
1704,0.0380516052246,5827.61735815,25.9234913831
1705,0.0379180908203,5822.59787763,25.9234913831
1706,0.0379371643066,5817.57839711,25.9307371429
1707,0.037956237793,5812.55891659,25.9307371429
1708,0.0379753112793,5822.59787763,25.9350846017
1709,0.0378799438477,5812.55891659,25.9379829088
1710,0.0379371643066,5817.57839711,25.9365337551
1711,0.037784576416,5827.61735815,25.940881217
1712,0.037956237793,5822.59787763,25.940881217
1713,0.0378799438477,5822.59787763,25.9423303715
1714,0.0378036499023,5817.57839711,25.9423303715
1715,0.037899017334,5822.59787763,25.9466778365
1716,0.0377464294434,5822.59787763,25.9452286812
1717,0.0378036499023,5807.53943606,25.948126992
1718,0.0378799438477,5822.59787763,25.9495761479
1719,0.0378036499023,5822.59787763,25.951025304
1720,0.0378799438477,5812.55891659,25.951025304
1721,0.0378227233887,5822.59787763,25.9539236171
1722,0.0378036499023,5827.61735815,25.9524744604
1723,0.0378036499023,5822.59787763,25.9597202467
1724,0.0377464294434,5822.59787763,25.9582710889
1725,0.0376892089844,5817.57839711,25.9611694049
1726,0.0377082824707,5822.59787763,25.9597202467
1727,0.0375938415527,5812.55891659,25.9582710889
1728,0.0375556945801,5822.59787763,25.9597202467
1729,0.0376510620117,5812.55891659,25.9640677221
1730,0.0375747680664,5812.55891659,25.9669660406
1731,0.037670135498,5807.53943606,25.9655168812
1732,0.0375556945801,5817.57839711,25.9669660406
1733,0.0375747680664,5817.57839711,25.9669660406
1734,0.0375938415527,5812.55891659,25.9713135206
1735,0.0374984741211,5822.59787763,25.9713135206
1736,0.0374031066895,5817.57839711,25.9727626813
1737,0.0375175476074,5817.57839711,25.9742118422
1738,0.0374031066895,5812.55891659,25.9756610035
1739,0.0374794006348,5817.57839711,25.9800084895
1740,0.0374031066895,5822.59787763,25.9756610035
1741,0.0374221801758,5812.55891659,25.9800084895
1742,0.0374603271484,5812.55891659,25.9829068151
1743,0.0373840332031,5807.53943606,25.9829068151
1744,0.0374603271484,5817.57839711,25.9814576521
1745,0.0373649597168,5817.57839711,25.9843559784
1746,0.0374412536621,5822.59787763,25.9843559784
1747,0.0372886657715,5812.55891659,25.9887034705
1748,0.0372695922852,5812.55891659,25.9887034705
1749,0.0372886657715,5812.55891659,25.9872543062
1750,0.0372695922852,5817.57839711,25.9916018004
1751,0.0373649597168,5812.55891659,25.9916018004
1752,0.0373649597168,5807.53943606,25.9916018004
1753,0.0373458862305,5812.55891659,25.9945001317
1754,0.0373649597168,5822.59787763,25.9945001317
1755,0.0373077392578,5807.53943606,25.9930509658
1756,0.0372886657715,5807.53943606,25.9973984644
1757,0.0373077392578,5812.55891659,25.9973984644
1758,0.0372505187988,5812.55891659,25.9988476314
1759,0.0371932983398,5807.53943606,25.9988476314
1760,0.0372886657715,5807.53943606,26.0002967987
1761,0.0370979309082,5817.57839711,26.0031951344
1762,0.0372695922852,5807.53943606,26.0017459664
1763,0.0371360778809,5807.53943606,26.0046443029
1764,0.0372505187988,5797.50047502,26.0031951344
1765,0.0371742248535,5802.51995554,26.0046443029
1766,0.0371551513672,5807.53943606,26.0046443029
1767,0.0370407104492,5802.51995554,26.0104409806
1768,0.0371551513672,5807.53943606,26.007542641
1769,0.0372123718262,5812.55891659,26.011890151
1770,0.0370979309082,5807.53943606,26.0133393218
1771,0.0371360778809,5817.57839711,26.011890151
1772,0.0372314453125,5802.51995554,26.0133393218
1773,0.0371551513672,5812.55891659,26.011890151
1774,0.0370788574219,5812.55891659,26.0162376647
1775,0.0370216369629,5807.53943606,26.0191360091
1776,0.0370407104492,5812.55891659,26.014788493
1777,0.0371170043945,5812.55891659,26.0220343553
1778,0.0370788574219,5802.51995554,26.020585182
1779,0.0370025634766,5802.51995554,26.023483529
1780,0.0370216369629,5802.51995554,26.0263818776
1781,0.0370597839355,5807.53943606,26.0263818776
1782,0.0369262695313,5812.55891659,26.0263818776
1783,0.0370216369629,5807.53943606,26.0278310526
1784,0.0369644165039,5807.53943606,26.0307294039
1785,0.0369453430176,5807.53943606,26.0336277568
1786,0.0369453430176,5807.53943606,26.035076934
1787,0.0370597839355,5802.51995554,26.035076934
1788,0.0370216369629,5802.51995554,26.0365261116
1789,0.0370025634766,5807.53943606,26.0365261116
1790,0.0369644165039,5807.53943606,26.0408736471
1791,0.0369071960449,5802.51995554,26.0379752897
1792,0.0368690490723,5802.51995554,26.0423228265
1793,0.0369834899902,5802.51995554,26.0452211867
1794,0.0368690490723,5797.50047502,26.0481195488
1795,0.0368690490723,5807.53943606,26.0481195488
1796,0.0369071960449,5807.53943606,26.0452211867
1797,0.036792755127,5807.53943606,26.0495687305
1798,0.036792755127,5807.53943606,26.0481195488
1799,0.0367736816406,5802.51995554,26.0510179127
1800,0.036792755127,5802.51995554,26.0524670954
1801,0.0368499755859,5802.51995554,26.0553654622
1802,0.036792755127,5792.4809945,26.0568146463
1803,0.036678314209,5802.51995554,26.0568146463
1804,0.0367546081543,5807.53943606,26.0597130161
1805,0.0368690490723,5802.51995554,26.0597130161
1806,0.0367736816406,5802.51995554,26.0611622016
1807,0.0367736816406,5807.53943606,26.0597130161
1808,0.0366401672363,5797.50047502,26.0626113877
1809,0.0367164611816,5807.53943606,26.0640605743
1810,0.0366973876953,5802.51995554,26.0626113877
1811,0.0366973876953,5802.51995554,26.0640605743
1812,0.0366973876953,5802.51995554,26.0640605743
1813,0.0366973876953,5807.53943606,26.066958949
1814,0.0366401672363,5802.51995554,26.066958949
1815,0.0367546081543,5802.51995554,26.066958949
1816,0.0367164611816,5797.50047502,26.0698573257
1817,0.0367164611816,5802.51995554,26.0698573257
1818,0.036735534668,5802.51995554,26.0713065148
1819,0.0367164611816,5802.51995554,26.0698573257
1820,0.0366401672363,5807.53943606,26.0742048946
1821,0.036678314209,5802.51995554,26.0713065148
1822,0.0366592407227,5802.51995554,26.0756540853
1823,0.0366020202637,5802.51995554,26.0771032765
1824,0.0365447998047,5802.51995554,26.0771032765
1825,0.036506652832,5797.50047502,26.0785524682
1826,0.0365447998047,5802.51995554,26.0800016605
1827,0.0364303588867,5802.51995554,26.0785524682
1828,0.0364685058594,5802.51995554,26.0814508533
1829,0.036449432373,5802.51995554,26.0829000466
1830,0.036506652832,5802.51995554,26.0843492405
1831,0.036563873291,5802.51995554,26.0843492405
1832,0.0364685058594,5807.53943606,26.0843492405
1833,0.0364875793457,5807.53943606,26.0886968253
1834,0.0364112854004,5797.50047502,26.0872476298
1835,0.0364112854004,5802.51995554,26.0915952179
1836,0.0363540649414,5802.51995554,26.0901460213
1837,0.036449432373,5797.50047502,26.0915952179
1838,0.0363922119141,5802.51995554,26.0944936127
1839,0.0364112854004,5797.50047502,26.0973920098
1840,0.0364875793457,5802.51995554,26.0944936127
1841,0.0363731384277,5797.50047502,26.0973920098
1842,0.0363922119141,5802.51995554,26.0973920098
1843,0.0363731384277,5797.50047502,26.0988412092
1844,0.0363540649414,5802.51995554,26.1002904091
1845,0.0363922119141,5797.50047502,26.1046380124
1846,0.0363159179688,5797.50047502,26.1046380124
1847,0.0363540649414,5802.51995554,26.1060872147
1848,0.0362777709961,5797.50047502,26.1060872147
1849,0.0362968444824,5797.50047502,26.1089856209
1850,0.0363159179688,5797.50047502,26.1089856209
1851,0.0363731384277,5802.51995554,26.1133332347
1852,0.0362014770508,5797.50047502,26.1104348249
1853,0.0363349914551,5797.50047502,26.1147824405
1854,0.0363159179688,5797.50047502,26.1176808538
1855,0.0362968444824,5797.50047502,26.1162316469
1856,0.0362968444824,5797.50047502,26.1191300614
1857,0.0361824035645,5802.51995554,26.1205792696
1858,0.0361442565918,5792.4809945,26.1220284784
1859,0.0361633300781,5797.50047502,26.1220284784
1860,0.0362586975098,5797.50047502,26.1234776878
1861,0.0362396240234,5797.50047502,26.1234776878
1862,0.0361061096191,5797.50047502,26.1278253198
1863,0.0361251831055,5797.50047502,26.1292745317
1864,0.0361824035645,5797.50047502,26.1292745317
