"Latest: Time (s)","Latest: Oxygen Gas (ppm)","Latest: Current (A)","Latest: Temperature (°C)"
0,4738.95421652,-0.000572204589844,21.8578567377
1,4754.27411016,-0.000572204589844,21.8563970481
2,4754.27411016,-0.000572204589844,21.8607760933
3,4764.48737259,-0.000591278076172,21.8593164194
4,4769.59400381,-0.000572204589844,21.8549373506
5,4779.80726624,-0.000591278076172,21.8578567377
6,4790.02052867,-0.000572204589844,21.8578567377
7,4795.12715989,-0.000591278076172,21.8578567377
8,4800.2337911,-0.000572204589844,21.8593164194
9,4820.66031596,-0.000591278076172,21.8578567377
10,4815.55368475,-0.000591278076172,21.8593164194
11,4820.66031596,-0.000591278076172,21.8578567377
12,4825.76694718,-0.000572204589844,21.8593164194
13,4835.98020961,-0.000572204589844,21.8578567377
14,4841.08684082,-0.000591278076172,21.8607760933
15,4851.30010326,-0.000591278076172,21.8578567377
16,4861.51336569,-0.000591278076172,21.8607760933
17,4866.6199969,-0.000591278076172,21.8607760933
18,4871.72662812,-0.000591278076172,21.8593164194
19,4881.93989055,-0.000572204589844,21.8622357593
20,4887.04652176,-0.000591278076172,21.8607760933
21,4897.25978419,-0.0006103515625,21.8622357593
22,4892.15315298,-0.000591278076172,21.8636954175
23,4897.25978419,-0.000591278076172,21.8593164194
24,4897.25978419,-0.000629425048828,21.8622357593
25,4902.36641541,-0.000591278076172,21.8636954175
26,4902.36641541,-0.000591278076172,21.8651550677
27,4902.36641541,-0.0006103515625,21.8636954175
28,4907.47304662,-0.000591278076172,21.8607760933
29,4907.47304662,-0.000572204589844,21.8622357593
30,4917.68630905,-0.000648498535156,21.8636954175
31,4933.0062027,-0.0006103515625,21.8636954175
32,4933.0062027,-0.000591278076172,21.8651550677
33,4943.21946513,-0.000591278076172,21.8636954175
34,4953.43272756,-0.000629425048828,21.8622357593
35,4953.43272756,-0.000591278076172,21.8636954175
36,4968.75262121,-0.000572204589844,21.8636954175
37,4968.75262121,-0.000572204589844,21.8651550677
38,4978.96588364,-0.0006103515625,21.8651550677
39,4978.96588364,-0.000591278076172,21.8680743447
40,4978.96588364,-0.000591278076172,21.8651550677
41,4994.28577728,-0.000591278076172,21.8666147102
42,4994.28577728,-0.000591278076172,21.8666147102
43,4994.28577728,-0.000591278076172,21.8666147102
44,4999.3924085,-0.000591278076172,21.8666147102
45,5009.60567093,-0.000591278076172,21.8695339714
46,5024.92556458,-0.0006103515625,21.8666147102
47,5035.13882701,-0.000591278076172,21.8651550677
48,5030.03219579,-0.000591278076172,21.8666147102
49,5040.24545822,-0.0006103515625,21.8666147102
50,5055.56535187,-0.000591278076172,21.8666147102
51,5055.56535187,-0.000591278076172,21.8636954175
52,5060.67198308,-0.0006103515625,21.8666147102
53,5065.7786143,-0.0006103515625,21.8680743447
54,5070.88524551,-0.000591278076172,21.8666147102
55,5086.20513916,-0.000629425048828,21.8666147102
56,5091.31177037,-0.000629425048828,21.8651550677
57,5091.31177037,-0.000629425048828,21.8680743447
58,5101.52503281,-0.000591278076172,21.8680743447
59,5111.73829524,-0.0006103515625,21.8695339714
60,5111.73829524,-0.000591278076172,21.8695339714
61,5121.95155767,-0.000591278076172,21.8709935903
62,5116.84492645,-0.000629425048828,21.8709935903
63,5127.05818888,-0.000591278076172,21.8680743447
64,5132.1648201,-0.0006103515625,21.8680743447
65,5127.05818888,-0.000629425048828,21.8695339714
66,5132.1648201,-0.0006103515625,21.8709935903
67,5137.27145131,-0.000591278076172,21.8724532013
68,5137.27145131,-0.000591278076172,21.8695339714
69,5142.37808253,-0.0006103515625,21.8709935903
70,5137.27145131,-0.000591278076172,21.8709935903
71,5142.37808253,-0.0006103515625,21.8724532013
72,5142.37808253,-0.000591278076172,21.8709935903
73,5142.37808253,-0.000591278076172,21.8695339714
74,5142.37808253,-0.000572204589844,21.8709935903
75,5142.37808253,-0.000591278076172,21.8709935903
76,5147.48471374,-0.0006103515625,21.8724532013
77,5152.59134496,-0.0006103515625,21.8724532013
78,5152.59134496,-0.0006103515625,21.8709935903
79,5152.59134496,-0.0006103515625,21.8709935903
80,5152.59134496,-0.000629425048828,21.8739128045
81,5152.59134496,-0.000591278076172,21.8724532013
82,5162.80460739,-0.000591278076172,21.8724532013
83,5162.80460739,-0.0006103515625,21.8739128045
84,5167.9112386,-0.000591278076172,21.8724532013
85,5167.9112386,-0.000591278076172,21.8709935903
86,5183.23113225,-0.0006103515625,21.8695339714
87,5173.01786982,-0.000629425048828,21.8739128045
88,5178.12450104,-0.000572204589844,21.8739128045
89,5183.23113225,-0.000591278076172,21.8724532013
90,5193.44439468,-0.000591278076172,21.8724532013
91,5193.44439468,-0.000591278076172,21.8724532013
92,5198.5510259,-0.0006103515625,21.8739128045
93,5193.44439468,-0.000572204589844,21.8739128045
94,5203.65765711,-0.000591278076172,21.8753723998
95,5208.76428833,-0.0006103515625,21.8739128045
96,5208.76428833,-0.000572204589844,21.8739128045
97,5208.76428833,-0.0006103515625,21.8724532013
98,5213.87091954,-0.0006103515625,21.8739128045
99,5213.87091954,-0.000591278076172,21.8753723998
100,5218.97755076,-0.000591278076172,21.8753723998
101,5218.97755076,-0.000629425048828,21.8739128045
102,5224.08418197,-0.000572204589844,21.8753723998
103,5224.08418197,-0.000591278076172,21.8768319873
104,5224.08418197,-0.0006103515625,21.8768319873
105,5224.08418197,-0.0006103515625,21.8739128045
106,5224.08418197,-0.000591278076172,21.8753723998
107,5229.19081319,-0.0006103515625,21.8739128045
108,5234.2974444,-0.0006103515625,21.8739128045
109,5234.2974444,-0.000629425048828,21.8768319873
110,5234.2974444,-0.0006103515625,21.8739128045
111,5234.2974444,-0.000591278076172,21.8739128045
112,5244.51070683,-0.0006103515625,21.8782915669
113,5239.40407562,-0.000591278076172,21.8724532013
114,5249.61733805,-0.0006103515625,21.8782915669
115,5254.72396926,-0.0006103515625,21.8753723998
116,5259.83060048,-0.000572204589844,21.8753723998
117,5249.61733805,-0.000591278076172,21.8768319873
118,5254.72396926,-0.000591278076172,21.8753723998
119,5264.9372317,-0.000572204589844,21.8768319873
120,5264.9372317,-0.000572204589844,21.8739128045
121,5270.04386291,-0.000629425048828,21.8768319873
122,5270.04386291,-0.0006103515625,21.8753723998
123,5275.15049413,-0.000591278076172,21.8739128045
124,5280.25712534,-0.0006103515625,21.8753723998
125,5290.47038777,-0.0006103515625,21.8782915669
126,5300.6836502,-0.000629425048828,21.8753723998
127,5290.47038777,-0.000591278076172,21.8768319873
128,5295.57701899,-0.0006103515625,21.8768319873
129,5295.57701899,-0.0006103515625,21.8739128045
130,5305.79028142,-0.000629425048828,21.8753723998
131,5300.6836502,-0.000591278076172,21.8739128045
132,5310.89691263,-0.0006103515625,21.8768319873
133,5305.79028142,-0.000591278076172,21.8753723998
134,5310.89691263,-0.000629425048828,21.8768319873
135,5300.6836502,-0.0006103515625,21.8797511387
136,5316.00354385,-0.0006103515625,21.8797511387
137,5326.21680628,-0.0006103515625,21.8753723998
138,5321.11017506,-0.0006103515625,21.8782915669
139,5321.11017506,-0.000591278076172,21.8768319873
140,5326.21680628,-0.000591278076172,21.8753723998
141,5321.11017506,-0.0006103515625,21.8782915669
142,5326.21680628,-0.0006103515625,21.8768319873
143,5331.32343749,-0.000591278076172,21.8753723998
144,5341.53669993,-0.000591278076172,21.8812107027
145,5336.43006871,-0.000591278076172,21.8768319873
146,5341.53669993,-0.000591278076172,21.8782915669
147,5341.53669993,-0.0006103515625,21.8782915669
148,5346.64333114,-0.000591278076172,21.8812107027
149,5346.64333114,-0.000591278076172,21.8826702589
150,5346.64333114,-0.000572204589844,21.8797511387
151,5356.85659357,-0.000591278076172,21.8797511387
152,5356.85659357,-0.000629425048828,21.8812107027
153,5356.85659357,-0.000591278076172,21.8797511387
154,5361.96322479,-0.0006103515625,21.8768319873
155,5356.85659357,-0.000591278076172,21.8797511387
156,5356.85659357,-0.0006103515625,21.8812107027
157,5372.17648722,-0.0006103515625,21.8782915669
158,5361.96322479,-0.000591278076172,21.8753723998
159,5367.069856,-0.000591278076172,21.8782915669
160,5367.069856,-0.0006103515625,21.8768319873
161,5367.069856,-0.000591278076172,21.8768319873
162,5367.069856,-0.000591278076172,21.8768319873
163,5377.28311843,-0.0006103515625,21.8768319873
164,5372.17648722,-0.000572204589844,21.8797511387
165,5382.38974965,-0.000572204589844,21.8797511387
166,5382.38974965,-0.0006103515625,21.8768319873
167,5377.28311843,-0.000572204589844,21.8812107027
168,5377.28311843,-0.000591278076172,21.8812107027
169,5377.28311843,-0.0006103515625,21.8768319873
170,5382.38974965,-0.000591278076172,21.8782915669
171,5387.49638086,-0.000629425048828,21.8782915669
172,5387.49638086,-0.000572204589844,21.8826702589
173,5382.38974965,-0.000591278076172,21.8812107027
174,5382.38974965,-0.000591278076172,21.8812107027
175,5382.38974965,-0.000591278076172,21.8826702589
176,5387.49638086,-0.000591278076172,21.8797511387
177,5392.60301208,-0.0006103515625,21.8826702589
178,5382.38974965,-0.000591278076172,21.8797511387
179,5392.60301208,-0.000591278076172,21.8826702589
180,5382.38974965,-0.000591278076172,21.8812107027
181,5397.70964329,-0.0006103515625,21.8797511387
182,5387.49638086,-0.0006103515625,21.8782915669
183,5392.60301208,-0.0006103515625,21.8812107027
184,5392.60301208,-0.000591278076172,21.8826702589
185,5392.60301208,-0.000572204589844,21.8797511387
186,5407.92290572,-0.000591278076172,21.8782915669
187,5397.70964329,-0.0006103515625,21.8782915669
188,5407.92290572,-0.000591278076172,21.8826702589
189,5407.92290572,-0.000591278076172,21.8797511387
190,5402.81627451,-0.000591278076172,21.8782915669
191,5407.92290572,-0.000591278076172,21.8812107027
192,5407.92290572,-0.0006103515625,21.8841298072
193,5418.13616815,-0.000591278076172,21.8812107027
194,5418.13616815,-0.000591278076172,21.8812107027
195,5418.13616815,-0.000591278076172,21.8826702589
196,5407.92290572,-0.000591278076172,21.8782915669
197,5423.24279937,-0.0006103515625,21.8797511387
198,5413.02953694,-0.000591278076172,21.8782915669
199,5418.13616815,-0.0006103515625,21.8797511387
200,5418.13616815,-0.000591278076172,21.8826702589
201,5423.24279937,-0.000591278076172,21.8812107027
202,5428.34943059,-0.000591278076172,21.8782915669
203,5428.34943059,-0.000591278076172,21.8782915669
204,5423.24279937,-0.0006103515625,21.8797511387
205,5428.34943059,-0.000572204589844,21.8797511387
206,5438.56269302,-0.0006103515625,21.8812107027
207,5423.24279937,-0.000591278076172,21.8826702589
208,5433.4560618,-0.000572204589844,21.8797511387
209,5433.4560618,-0.000591278076172,21.8782915669
210,5443.66932423,-0.000591278076172,21.8826702589
211,5438.56269302,-0.0006103515625,21.8812107027
212,5438.56269302,-0.000591278076172,21.8826702589
213,5443.66932423,-0.0006103515625,21.8826702589
214,5453.88258666,-0.0006103515625,21.8826702589
215,5448.77595545,-0.0006103515625,21.8797511387
216,5453.88258666,-0.000572204589844,21.8826702589
217,5443.66932423,-0.000591278076172,21.8855893477
218,5443.66932423,-0.0006103515625,21.8826702589
219,5443.66932423,-0.000572204589844,21.8841298072
220,5453.88258666,-0.0006103515625,21.8826702589
221,5458.98921788,-0.000572204589844,21.8870488804
222,5443.66932423,-0.000591278076172,21.8855893477
223,5453.88258666,-0.000591278076172,21.8812107027
224,5458.98921788,-0.000572204589844,21.8797511387
225,5458.98921788,-0.000591278076172,21.8812107027
226,5458.98921788,-0.000572204589844,21.8841298072
227,5458.98921788,-0.0006103515625,21.8841298072
228,5458.98921788,-0.0006103515625,21.8855893477
229,5469.20248031,-0.0006103515625,21.8855893477
230,5458.98921788,-0.000591278076172,21.8870488804
231,5458.98921788,-0.000591278076172,21.8855893477
232,5464.09584909,-0.000591278076172,21.8826702589
233,5464.09584909,-0.0006103515625,21.8841298072
234,5469.20248031,-0.000572204589844,21.8812107027
235,5464.09584909,-0.0006103515625,21.8812107027
236,5469.20248031,-0.000591278076172,21.8826702589
237,5474.30911152,-0.000591278076172,21.8855893477
238,5469.20248031,-0.000591278076172,21.8855893477
239,5469.20248031,-0.0006103515625,21.8812107027
240,5469.20248031,-0.000591278076172,21.8899679224
241,5469.20248031,-0.0006103515625,21.8841298072
242,5469.20248031,-0.000591278076172,21.8870488804
243,5479.41574274,-0.0006103515625,21.8841298072
244,5479.41574274,-0.000591278076172,21.8855893477
245,5484.52237395,-0.000591278076172,21.8826702589
246,5479.41574274,-0.000591278076172,21.8826702589
247,5469.20248031,-0.000572204589844,21.8855893477
248,5479.41574274,-0.000572204589844,21.8870488804
249,5489.62900517,-0.000591278076172,21.8870488804
250,5479.41574274,-0.000591278076172,21.8855893477
251,5489.62900517,-0.000591278076172,21.8855893477
252,5484.52237395,-0.0006103515625,21.8885084053
253,5479.41574274,-0.000591278076172,21.8855893477
254,5489.62900517,-0.0006103515625,21.8841298072
255,5484.52237395,-0.000591278076172,21.8870488804
256,5484.52237395,-0.0006103515625,21.8870488804
257,5489.62900517,-0.0006103515625,21.8855893477
258,5489.62900517,-0.0006103515625,21.8870488804
259,5489.62900517,-0.000591278076172,21.8870488804
260,5494.73563638,-0.0006103515625,21.8855893477
261,5489.62900517,-0.000591278076172,21.8870488804
262,5494.73563638,-0.0006103515625,21.8914274317
263,5504.94889882,-0.000591278076172,21.8841298072
264,5504.94889882,0.0537109375,21.8958059126
265,5504.94889882,0.0534820556641,21.9074815191
266,5504.94889882,0.0545120239258,21.9191566283
267,5504.94889882,0.0542259216309,21.9410461227
268,5504.94889882,0.053882598877,21.9673112296
269,5510.05553003,0.053596496582,21.9906559107
270,5510.05553003,0.0531387329102,22.0037864383
271,5504.94889882,0.0527954101563,22.0212928548
272,5515.16216125,0.0524711608887,22.0402569151
273,5520.26879246,0.0518798828125,22.0606783328
274,5510.05553003,0.0513648986816,22.0869322961
275,5504.94889882,0.0508117675781,22.0985999537
276,5520.26879246,0.0503730773926,22.1146422127
277,5504.94889882,0.0497245788574,22.1277670364
278,5515.16216125,0.0492286682129,22.1408912677
279,5520.26879246,0.048656463623,22.162763676
280,5520.26879246,0.0479125976563,22.178802406
281,5520.26879246,0.047664642334,22.184634455
282,5520.26879246,0.0471496582031,22.1919243544
283,5525.37542368,0.0467300415039,22.2006719967
284,5535.58868611,0.0464820861816,22.2123351187
285,5525.37542368,0.0465393066406,22.2298289456
286,5535.58868611,0.0462341308594,22.2356599937
287,5530.48205489,0.0458717346191,22.250237118
288,5530.48205489,0.0457191467285,22.2662711393
289,5525.37542368,0.0456237792969,22.2779317115
290,5530.48205489,0.0455856323242,22.2837618293
291,5535.58868611,0.0455665588379,22.2881343443
292,5530.48205489,0.0455474853516,22.2997940773
293,5530.48205489,0.0454902648926,22.3129107446
294,5535.58868611,0.0454330444336,22.3231122087
295,5535.58868611,0.0454330444336,22.3318560513
296,5535.58868611,0.0454902648926,22.3464285712
297,5540.69531732,0.0455474853516,22.3537145736
298,5540.69531732,0.0455474853516,22.3668289468
299,5535.58868611,0.0455474853516,22.3726573797
300,5540.69531732,0.0456047058105,22.3843139188
301,5535.58868611,0.0456047058105,22.3915990351
302,5540.69531732,0.0456237792969,22.3945130343
303,5535.58868611,0.0456809997559,22.4032548695
304,5545.80194854,0.0456809997559,22.4119964618
305,5545.80194854,0.0456809997559,22.4192809371
306,5535.58868611,0.0457572937012,22.4265652446
307,5540.69531732,0.0457763671875,22.4411333575
308,5540.69531732,0.0458526611328,22.4557008038
309,5540.69531732,0.0458717346191,22.4615275962
310,5545.80194854,0.0458717346191,22.4673542827
311,5540.69531732,0.0459480285645,22.4819205363
312,5545.80194854,0.0458717346191,22.4877468533
313,5545.80194854,0.0459861755371,22.4906599723
314,5545.80194854,0.0460243225098,22.5037686832
315,5545.80194854,0.0460433959961,22.5168768645
316,5545.80194854,0.0461196899414,22.5270717518
317,5545.80194854,0.0461196899414,22.5358099735
318,5545.80194854,0.0460815429688,22.5416353251
319,5545.80194854,0.0460243225098,22.5503731587
320,5545.80194854,0.0461387634277,22.5547419885
321,5545.80194854,0.0461578369141,22.5649356995
322,5550.90857975,0.0461769104004,22.5722167293
323,5545.80194854,0.0461959838867,22.579497599
324,5550.90857975,0.0461959838867,22.5882344321
325,5550.90857975,0.0461578369141,22.5955149513
326,5545.80194854,0.0461196899414,22.6013392522
327,5545.80194854,0.0461578369141,22.6129875501
328,5550.90857975,0.0461578369141,22.6231794791
329,5550.90857975,0.0461959838867,22.6362829348
330,5550.90857975,0.046215057373,22.6435624129
331,5545.80194854,0.046215057373,22.6479300247
332,5550.90857975,0.046215057373,22.6493858828
333,5550.90857975,0.046215057373,22.6581209005
334,5550.90857975,0.0462341308594,22.6668556942
335,5550.90857975,0.0462341308594,22.6741345182
336,5550.90857975,0.0461959838867,22.684324612
337,5556.01521097,0.046272277832,22.6930587374
338,5556.01521097,0.0462341308594,22.7032482705
339,5550.90857975,0.046215057373,22.7134375032
340,5550.90857975,0.0462341308594,22.7192597874
341,5556.01521097,0.0462341308594,22.7265375055
342,5556.01521097,0.0462532043457,22.7352705664
343,5556.01521097,0.046329498291,22.739637015
344,5550.90857975,0.0462913513184,22.744003409
345,5556.01521097,0.0463104248047,22.7498251831
346,5556.01521097,0.046272277832,22.7600130554
347,5556.01521097,0.0463104248047,22.7672899266
348,5566.2284734,0.046329498291,22.7789326085
349,5556.01521097,0.0462913513184,22.7832985156
350,5561.12184218,0.0463676452637,22.7891196414
351,5556.01521097,0.0464057922363,22.8007616074
352,5561.12184218,0.046329498291,22.8138583654
353,5556.01521097,0.0463485717773,22.8269546451
354,5561.12184218,0.0463104248047,22.8269546451
355,5561.12184218,0.0462913513184,22.8356852335
356,5566.2284734,0.046329498291,22.8429605627
357,5571.33510461,0.0464057922363,22.8487807207
358,5566.2284734,0.046329498291,22.8516907647
359,5566.2284734,0.0463676452637,22.8589657728
360,5566.2284734,0.04638671875,22.8662406355
361,5576.44173583,0.046329498291,22.8735153533
362,5576.44173583,0.04638671875,22.8836997152
363,5576.44173583,0.0463676452637,22.8909740865
364,5576.44173583,0.0463676452637,22.8982483141
365,5576.44173583,0.0463104248047,22.908431992
366,5576.44173583,0.046329498291,22.9142511107
367,5581.54836704,0.0464057922363,22.9186153899
368,5571.33510461,0.0464248657227,22.9287985088
369,5561.12184218,0.046329498291,22.936071995
370,5576.44173583,0.04638671875,22.9389813499
371,5576.44173583,0.0464248657227,22.9447999918
372,5586.65499826,0.046443939209,22.949163914
373,5581.54836704,0.04638671875,22.9564370051
374,5576.44173583,0.0463676452637,22.9651645291
375,5586.65499826,0.0463676452637,22.9724373118
376,5581.54836704,0.0464057922363,22.9811644668
377,5581.54836704,0.04638671875,22.9928003619
378,5586.65499826,0.0463676452637,23.0015270503
379,5581.54836704,0.046329498291,23.0058903199
380,5586.65499826,0.0464057922363,23.0131623257
381,5591.76162948,0.04638671875,23.0160710894
382,5586.65499826,0.04638671875,23.021888551
383,5596.86826069,0.0463676452637,23.0247972489
384,5591.76162948,0.0464248657227,23.0364318216
385,5586.65499826,0.0463676452637,23.0407946963
386,5591.76162948,0.0463485717773,23.0495202988
387,5591.76162948,0.0463485717773,23.0596999214
388,5601.97489191,0.04638671875,23.0713334514
389,5586.65499826,0.0462532043457,23.0771500872
390,5601.97489191,0.046329498291,23.0858748797
391,5596.86826069,0.0461578369141,23.0916913009
392,5596.86826069,0.046215057373,23.0975076366
393,5596.86826069,0.0462341308594,23.1004157725
394,5596.86826069,0.0462913513184,23.1047779364
395,5601.97489191,0.0462532043457,23.1105940805
396,5601.97489191,0.046272277832,23.1149561329
397,5607.08152312,0.0462532043457,23.1207721286
398,5607.08152312,0.0462532043457,23.1236800947
399,5607.08152312,0.046215057373,23.1294959637
400,5607.08152312,0.046329498291,23.1294959637
401,5612.18815434,0.0462341308594,23.1367656815
402,5612.18815434,0.046329498291,23.1440352679
403,5612.18815434,0.0463104248047,23.1513047235
404,5617.29478555,0.046215057373,23.157120194
405,5612.18815434,0.0464248657227,23.1600278979
406,5612.18815434,0.0463676452637,23.1731123084
407,5612.18815434,0.0462913513184,23.1847425434
408,5617.29478555,0.0462913513184,23.1920112726
409,5617.29478555,0.046215057373,23.1992798733
410,5601.97489191,0.046329498291,23.2036409723
411,5612.18815434,0.046329498291,23.2109093682
412,5612.18815434,0.0462913513184,23.2196312749
413,5612.18815434,0.0462532043457,23.2239921597
414,5622.40141677,0.0463104248047,23.2254457777
415,5627.50804798,0.046215057373,23.2356209625
416,5612.18815434,0.046215057373,23.2443423523
417,5617.29478555,0.0461769104004,23.2516100387
418,5627.50804798,0.0461387634277,23.2559705903
419,5617.29478555,0.0461196899414,23.2646915582
420,5622.40141677,0.0461196899414,23.2690519747
421,5622.40141677,0.0461196899414,23.2719588942
422,5627.50804798,0.0460815429688,23.2792261056
423,5622.40141677,0.0460815429688,23.2893999933
424,5622.40141677,0.0460243225098,23.2952135346
425,5627.50804798,0.0460433959961,23.3039336986
426,5622.40141677,0.0460815429688,23.3141069997
427,5622.40141677,0.0460243225098,23.3228267812
428,5632.6146792,0.0458908081055,23.3315463871
429,5627.50804798,0.046215057373,23.3373593605
430,5632.6146792,0.0461006164551,23.3446254682
431,5627.50804798,0.0459289550781,23.3577041579
432,5627.50804798,0.0460624694824,23.3635167838
433,5627.50804798,0.0460624694824,23.3736886946
434,5627.50804798,0.0460433959961,23.37950111
435,5637.72131041,0.0460433959961,23.3838603715
436,5632.6146792,0.0460624694824,23.3867665221
437,5632.6146792,0.0460815429688,23.3911257123
438,5637.72131041,0.0460433959961,23.3998439649
439,5632.6146792,0.0459098815918,23.4056560389
440,5632.6146792,0.046272277832,23.4172799609
441,5627.50804798,0.046272277832,23.4303565147
442,5632.6146792,0.0461769104004,23.4434326909
443,5637.72131041,0.0459671020508,23.4521499331
444,5632.6146792,0.0459289550781,23.4536027907
445,5637.72131041,0.0458908081055,23.4594141746
446,5637.72131041,0.0459671020508,23.462319839
447,5632.6146792,0.0458335876465,23.4637726643
448,5637.72131041,0.0460433959961,23.4695839195
449,5637.72131041,0.0459671020508,23.4724895197
450,5637.72131041,0.0458908081055,23.4768478855
451,5637.72131041,0.0457572937012,23.4841117373
452,5642.82794163,0.0457763671875,23.4870172462
453,5637.72131041,0.0459671020508,23.4957336636
454,5637.72131041,0.0460052490234,23.5044499181
455,5637.72131041,0.0459861755371,23.5117133393
456,5642.82794163,0.0459480285645,23.5175239953
457,5642.82794163,0.0460243225098,23.5233345796
458,5653.04120406,0.0459671020508,23.5305977092
459,5653.04120406,0.0458908081055,23.5393133177
460,5642.82794163,0.0459671020508,23.5523864307
461,5647.93457284,0.0459098815918,23.5625541601
462,5647.93457284,0.0458908081055,23.5654591861
463,5647.93457284,0.0458908081055,23.5698166921
464,5647.93457284,0.0459098815918,23.5814365155
465,5642.82794163,0.0458526611328,23.5843414277
466,5642.82794163,0.0458145141602,23.5872463225
467,5658.14783527,0.0458335876465,23.5901512
468,5658.14783527,0.0458526611328,23.5974133176
469,5653.04120406,0.0458335876465,23.6017705363
470,5653.04120406,0.0457382202148,23.6119372289
471,5658.14783527,0.0457382202148,23.6191990232
472,5653.04120406,0.0458526611328,23.6250083815
473,5647.93457284,0.0457000732422,23.6308176715
474,5653.04120406,0.0457000732422,23.6351745943
475,5658.14783527,0.0456428527832,23.6351745943
476,5658.14783527,0.0456619262695,23.6395314788
477,5663.25446649,0.0456237792969,23.6438883252
478,5658.14783527,0.0456047058105,23.6482451334
479,5653.04120406,0.0456047058105,23.6526019036
480,5653.04120406,0.0456237792969,23.6540541519
481,5658.14783527,0.0455665588379,23.655506396
482,5663.25446649,0.0455665588379,23.6584108716
483,5663.25446649,0.0455856323242,23.6598631031
484,5663.25446649,0.0455093383789,23.6627675534
485,5668.36109771,0.0455665588379,23.665671987
486,5663.25446649,0.0455856323242,23.6700286059
487,5668.36109771,0.0455665588379,23.6772895539
488,5663.25446649,0.0456047058105,23.6816460726
489,5668.36109771,0.0455856323242,23.6874547061
490,5673.46772892,0.0456619262695,23.6889068541
491,5663.25446649,0.0455474853516,23.6976196552
492,5673.46772892,0.0456047058105,23.7034281067
493,5678.57436014,0.0458335876465,23.7092364924
494,5663.25446649,0.0457382202148,23.7266612563
495,5668.36109771,0.0457954406738,23.7397294445
496,5683.68099135,0.0457382202148,23.7469894075
497,5668.36109771,0.0457763671875,23.7513453369
498,5688.78762257,0.0457382202148,23.7586051389
499,5678.57436014,0.0457191467285,23.7673167693
500,5668.36109771,0.0456809997559,23.7731244431
501,5668.36109771,0.0455665588379,23.7832877192
502,5673.46772892,0.0454902648926,23.7876433496
503,5683.68099135,0.0457954406738,23.7847396
504,5683.68099135,0.0457191467285,23.7905470835
505,5678.57436014,0.0457763671875,23.8050655168
506,5683.68099135,0.0457763671875,23.8152281873
507,5673.46772892,0.0457191467285,23.8268424343
508,5688.78762257,0.0456619262695,23.8326494649
509,5688.78762257,0.0455284118652,23.8384564338
510,5688.78762257,0.0457000732422,23.84281162
511,5688.78762257,0.0457382202148,23.851521889
512,5688.78762257,0.0457191467285,23.8544252815
513,5688.78762257,0.0456809997559,23.8616836958
514,5688.78762257,0.0456809997559,23.8645870349
515,5683.68099135,0.0457572937012,23.8689420152
516,5693.89425378,0.0457954406738,23.8776518736
517,5673.46772892,0.0457763671875,23.8849099853
518,5688.78762257,0.0457572937012,23.8892648072
519,5678.57436014,0.0457572937012,23.8950711841
520,5688.78762257,0.0457572937012,23.9066837589
521,5688.78762257,0.0457763671875,23.915393034
522,5678.57436014,0.0457572937012,23.9241021763
523,5688.78762257,0.0456809997559,23.9299081975
524,5699.000885,0.0456809997559,23.9357141602
525,5704.10751621,0.0454902648926,23.9400685938
526,5693.89425378,0.0456428527832,23.9429715314
527,5693.89425378,0.0456428527832,23.9516802568
528,5704.10751621,0.0456809997559,23.9531316983
529,5704.10751621,0.0456237792969,23.9574860013
530,5704.10751621,0.0456237792969,23.9647431007
531,5693.89425378,0.0456619262695,23.9676459153
532,5699.000885,0.0456619262695,23.974902889
533,5693.89425378,0.0456428527832,23.9850625021
534,5683.68099135,0.0454330444336,23.9937706033
535,5693.89425378,0.0456428527832,23.992319262
536,5699.000885,0.0456047058105,23.9966732754
537,5688.78762257,0.0456047058105,24.0024785772
538,5704.10751621,0.0456047058105,24.0082838227
539,5709.21414743,0.0456047058105,24.0111864244
540,5709.21414743,0.0455856323242,24.0155403006
541,5709.21414743,0.0455665588379,24.0227966912
542,5714.32077864,0.0452995300293,24.0242479589
543,5709.21414743,0.0455856323242,24.0256992231
544,5709.21414743,0.0456237792969,24.0271504838
545,5709.21414743,0.0456047058105,24.0344067354
546,5704.10751621,0.0456047058105,24.0416629006
547,5714.32077864,0.0456237792969,24.0460165583
548,5714.32077864,0.0455856323242,24.0518213873
549,5714.32077864,0.0456047058105,24.0547237813
550,5714.32077864,0.0456047058105,24.0634308812
551,5709.21414743,0.0455856323242,24.0692355465
552,5719.42740986,0.0455665588379,24.0735890099
553,5709.21414743,0.0455856323242,24.0779424428
554,5719.42740986,0.0454711914063,24.0851980971
555,5709.21414743,0.045223236084,24.0881003353
556,5719.42740986,0.045166015625,24.0866492179
557,5714.32077864,0.0451469421387,24.083746973
558,5719.42740986,0.0452995300293,24.0822958455
559,5719.42740986,0.0454139709473,24.0939047715
560,5719.42740986,0.0455284118652,24.1055134838
561,5714.32077864,0.0455093383789,24.1142198787
562,5719.42740986,0.0454711914063,24.115670933
563,5719.42740986,0.0455474853516,24.117121984
564,5719.42740986,0.0455284118652,24.1229261549
565,5724.53404107,0.0455284118652,24.131632313
566,5729.64067229,0.0454902648926,24.1403383535
567,5724.53404107,0.0454330444336,24.1446913299
568,5719.42740986,0.0454139709473,24.1519462258
569,5719.42740986,0.0454521179199,24.1606519946
570,5734.7473035,0.0454711914063,24.1664557763
571,5729.64067229,0.0454711914063,24.1737104315
572,5724.53404107,0.0454711914063,24.1824159129
573,5729.64067229,0.0454330444336,24.1882195038
574,5729.64067229,0.0454521179199,24.1911212804
575,5734.7473035,0.0454330444336,24.1969247957
576,5724.53404107,0.0454711914063,24.1998265345
577,5734.7473035,0.0454521179199,24.2056299747
578,5739.85393472,0.0454139709473,24.2085316761
579,5734.7473035,0.0454330444336,24.2099825221
580,5724.53404107,0.0452995300293,24.2157858751
581,5729.64067229,0.0452995300293,24.2157858751
582,5729.64067229,0.0453758239746,24.2172367056
583,5724.53404107,0.0453186035156,24.218687533
584,5734.7473035,0.0453758239746,24.2244908117
585,5739.85393472,0.0453758239746,24.2317448408
586,5744.96056593,0.0453567504883,24.2317448408
587,5734.7473035,0.045337677002,24.2375480089
588,5734.7473035,0.0453186035156,24.2419003529
589,5744.96056593,0.045280456543,24.2506049586
590,5734.7473035,0.0452995300293,24.2535064696
591,5734.7473035,0.0453186035156,24.2564079685
592,5739.85393472,0.0452995300293,24.2607601943
593,5744.96056593,0.0453567504883,24.2694645646
594,5734.7473035,0.0452995300293,24.2694645646
595,5750.06719715,0.0452613830566,24.2781688272
596,5739.85393472,0.0453186035156,24.2883236649
597,5739.85393472,0.0452995300293,24.2955770317
598,5739.85393472,0.0452613830566,24.2955770317
599,5744.96056593,0.0452613830566,24.3028303251
600,5739.85393472,0.0448799133301,24.3057316219
601,5750.06719715,0.0449562072754,24.3042809749
602,5734.7473035,0.0449180603027,24.3057316219
603,5744.96056593,0.0450706481934,24.3057316219
604,5739.85393472,0.0450897216797,24.3100835452
605,5744.96056593,0.0451278686523,24.315886069
606,5750.06719715,0.045223236084,24.3173366926
607,5739.85393472,0.0451278686523,24.3231391584
608,5755.17382837,0.045166015625,24.3231391584
609,5744.96056593,0.0448989868164,24.3274909774
610,5750.06719715,0.0450706481934,24.3289415779
611,5739.85393472,0.045108795166,24.3347439515
612,5750.06719715,0.0448036193848,24.3332933624
613,5750.06719715,0.0448608398438,24.3405462793
614,5750.06719715,0.0448226928711,24.3448979951
615,5750.06719715,0.0448417663574,24.3477991248
616,5755.17382837,0.0448417663574,24.3536013502
617,5750.06719715,0.0448036193848,24.3608540684
618,5750.06719715,0.0448799133301,24.3594035304
619,5744.96056593,0.0447654724121,24.3681067162
620,5755.17382837,0.045166015625,24.3681067162
621,5750.06719715,0.0451850891113,24.3782603058
622,5755.17382837,0.0451850891113,24.3855127864
623,5755.17382837,0.045223236084,24.394215672
624,5750.06719715,0.0452041625977,24.3971166119
625,5755.17382837,0.045166015625,24.4058193658
626,5755.17382837,0.0452041625977,24.410170706
627,5744.96056593,0.045166015625,24.4159724548
628,5755.17382837,0.0451469421387,24.4174228853
629,5755.17382837,0.0451850891113,24.4246749971
630,5760.28045958,0.0451278686523,24.429026232
631,5755.17382837,0.045108795166,24.4362782366
632,5760.28045958,0.045166015625,24.4406294073
633,5755.17382837,0.045166015625,24.4435301746
634,5765.3870908,0.0449752807617,24.4478813056
635,5765.3870908,0.0450897216797,24.4565834963
636,5765.3870908,0.0450706481934,24.4623849043
637,5755.17382837,0.045108795166,24.4681862706
638,5755.17382837,0.0450325012207,24.4754379199
639,5755.17382837,0.0450325012207,24.4783385614
640,5765.3870908,0.0449562072754,24.4841398137
641,5765.3870908,0.0449371337891,24.4855901203
642,5755.17382837,0.0449371337891,24.4899410248
643,5765.3870908,0.0448989868164,24.4884907259
644,5760.28045958,0.0449180603027,24.4913913212
645,5765.3870908,0.0448608398438,24.4971924812
646,5760.28045958,0.0449180603027,24.5029936005
647,5765.3870908,0.0448989868164,24.5087946793
648,5755.17382837,0.0448608398438,24.5116952036
649,5765.3870908,0.0448417663574,24.517496222
650,5765.3870908,0.0448226928711,24.5218469595
651,5760.28045958,0.0448036193848,24.5290981388
652,5760.28045958,0.0447273254395,24.5377994721
653,5770.49372201,0.0447273254395,24.5392496857
654,5765.3870908,0.0447845458984,24.5406998968
655,5770.49372201,0.0448608398438,24.5479509156
656,5765.3870908,0.0447082519531,24.5508513059
657,5770.49372201,0.0446891784668,24.5523014975
658,5765.3870908,0.0447082519531,24.5537516866
659,5770.49372201,0.0446701049805,24.5595524187
660,5760.28045958,0.0446128845215,24.5624527702
661,5765.3870908,0.0447273254395,24.5639029423
662,5770.49372201,0.0448036193848,24.5711537669
663,5770.49372201,0.0448417663574,24.5755042328
664,5770.49372201,0.0448417663574,24.5784045315
665,5770.49372201,0.0447273254395,24.5856552364
666,5775.60035323,0.0447845458984,24.5914557578
667,5770.49372201,0.0448036193848,24.595806124
668,5770.49372201,0.0447273254395,24.5972562413
669,5775.60035323,0.0447654724121,24.5972562413
670,5770.49372201,0.0448226928711,24.6030566874
671,5770.49372201,0.0447463989258,24.608857096
672,5770.49372201,0.0447463989258,24.6117572864
673,5770.49372201,0.0447654724121,24.6175576394
674,5775.60035323,0.0447082519531,24.6219078799
675,5770.49372201,0.0447082519531,24.6248080287
676,5770.49372201,0.0447082519531,24.6277081683
677,5770.49372201,0.0443267822266,24.6349584775
678,5775.60035323,0.0446128845215,24.6349584775
679,5775.60035323,0.0446319580078,24.6436587735
680,5770.49372201,0.0446319580078,24.648008891
681,5775.60035323,0.0445747375488,24.6494589257
682,5770.49372201,0.0444030761719,24.6567090654
683,5775.60035323,0.0442695617676,24.662509137
684,5780.70698444,0.0445175170898,24.6639591494
685,5780.70698444,0.0444984436035,24.6654091595
686,5775.60035323,0.0444793701172,24.6668591674
687,5775.60035323,0.0445556640625,24.6697591767
688,5775.60035323,0.0444793701172,24.6784591515
689,5770.49372201,0.0444221496582,24.6828091093
690,5775.60035323,0.0445365905762,24.6857090703
691,5780.70698444,0.0445175170898,24.6871590476
692,5775.60035323,0.0444793701172,24.6900589955
693,5780.70698444,0.0445365905762,24.6929589348
694,5785.81361566,0.0444602966309,24.6958588655
695,5780.70698444,0.0444793701172,24.6944089012
696,5780.70698444,0.0445747375488,24.7031086545
697,5780.70698444,0.0444793701172,24.71035839
698,5780.70698444,0.0445175170898,24.7132582694
699,5780.70698444,0.0445365905762,24.7219578565
700,5780.70698444,0.0444984436035,24.7263076217
701,5780.70698444,0.0444412231445,24.730657368
702,5785.81361566,0.0444221496582,24.7350070955
703,5785.81361566,0.0444412231445,24.7393568044
704,5790.92024687,0.0443649291992,24.7422566
705,5775.60035323,0.0443267822266,24.7466062778
706,5785.81361566,0.0443840026855,24.7509559372
707,5785.81361566,0.0443649291992,24.7524058196
708,5790.92024687,0.0443649291992,24.7553055782
709,5785.81361566,0.0443649291992,24.7596552008
710,5780.70698444,0.0443077087402,24.761105071
711,5780.70698444,0.0442886352539,24.7669045313
712,5785.81361566,0.0441741943359,24.7698042494
713,5780.70698444,0.0442314147949,24.7727039595
714,5790.92024687,0.0441932678223,24.7770535095
715,5780.70698444,0.0441360473633,24.7785033555
716,5770.49372201,0.0441741943359,24.7814030416
717,5780.70698444,0.0442504882813,24.7828528817
718,5785.81361566,0.0442695617676,24.7886522221
719,5775.60035323,0.0442504882813,24.794451531
720,5785.81361566,0.0443077087402,24.7973511736
721,5785.81361566,0.0442314147949,24.798800992
722,5780.70698444,0.0443458557129,24.8046002461
723,5785.81361566,0.0443458557129,24.8089496663
724,5785.81361566,0.0443077087402,24.8161986613
725,5790.92024687,0.0442886352539,24.8219978228
726,5785.81361566,0.0443077087402,24.8292467318
727,5790.92024687,0.0442504882813,24.8335960544
728,5785.81361566,0.0442695617676,24.8393951249
729,5796.02687809,0.0442504882813,24.8437444081
730,5790.92024687,0.0442314147949,24.8480936745
731,5780.70698444,0.0442504882813,24.8480936745
732,5785.81361566,0.0442123413086,24.8509931762
733,5785.81361566,0.0441932678223,24.8538926704
734,5790.92024687,0.0442123413086,24.8553424148
735,5780.70698444,0.0441551208496,24.858241898
736,5790.92024687,0.0441551208496,24.862591109
737,5790.92024687,0.0441551208496,24.8698397576
738,5790.92024687,0.044116973877,24.8698397576
739,5790.92024687,0.044116973877,24.8727392043
740,5785.81361566,0.0440979003906,24.8756386437
741,5790.92024687,0.044116973877,24.8814375011
742,5790.92024687,0.0440979003906,24.8857866253
743,5790.92024687,0.044116973877,24.89303513
744,5790.92024687,0.044116973877,24.8973842116
745,5790.92024687,0.0440788269043,24.9017332773
746,5796.02687809,0.0439643859863,24.9089816853
747,5790.92024687,0.0439834594727,24.9060823273
748,5790.92024687,0.0439643859863,24.9075320072
749,5796.02687809,0.0439834594727,24.9075320072
750,5790.92024687,0.044059753418,24.9118810363
751,5785.81361566,0.0440406799316,24.9176797175
752,5790.92024687,0.0439834594727,24.9220287104
753,5790.92024687,0.0440406799316,24.9278273436
754,5796.02687809,0.0440406799316,24.9292769977
755,5796.02687809,0.0440406799316,24.9336259496
756,5796.02687809,0.044002532959,24.9365252425
757,5790.92024687,0.0440216064453,24.9408741691
758,5790.92024687,0.0439834594727,24.9408741691
759,5796.02687809,0.0439834594727,24.942323808
760,5790.92024687,0.0439453125,24.9466727146
761,5796.02687809,0.0439643859863,24.9466727146
762,5790.92024687,0.0439453125,24.9495719773
763,5796.02687809,0.043830871582,24.953920859
764,5796.02687809,0.0438690185547,24.9568201052
765,5790.92024687,0.0438499450684,24.9582697259
766,5790.92024687,0.0438690185547,24.9626185779
767,5796.02687809,0.043830871582,24.9669674153
768,5801.1335093,0.0438499450684,24.9684170245
769,5801.1335093,0.043830871582,24.9742154452
770,5785.81361566,0.0436973571777,24.9771146458
771,5785.81361566,0.0437545776367,24.9785642438
772,5796.02687809,0.0437545776367,24.9858122094
773,5796.02687809,0.043773651123,24.9858122094
774,5801.1335093,0.0436782836914,24.9872617978
775,5790.92024687,0.0436782836914,24.9930601354
776,5801.1335093,0.0436782836914,24.9930601354
777,5790.92024687,0.0436973571777,24.9988584478
778,5801.1335093,0.0436973571777,25.0046567353
779,5801.1335093,0.0436782836914,25.0075558697
780,5796.02687809,0.0436782836914,25.01335412
781,5806.24014052,0.0436401367188,25.0191523458
782,5796.02687809,0.0436210632324,25.0235009992
783,5796.02687809,0.0435638427734,25.0292991825
784,5806.24014052,0.0435829162598,25.0336478042
785,5801.1335093,0.0435638427734,25.0336478042
786,5801.1335093,0.0435638427734,25.0379964124
787,5801.1335093,0.0434494018555,25.0394459455
788,5811.34677173,0.0434875488281,25.0452440631
789,5796.02687809,0.0435066223145,25.0481431131
790,5801.1335093,0.0434494018555,25.0510421572
791,5806.24014052,0.0433921813965,25.0553907124
792,5801.1335093,0.0433731079102,25.056840228
793,5806.24014052,0.0432777404785,25.0611887658
794,5796.02687809,0.0433349609375,25.0611887658
795,5801.1335093,0.0433731079102,25.0611887658
796,5801.1335093,0.0433921813965,25.0655372906
797,5801.1335093,0.0433540344238,25.0684363001
798,5806.24014052,0.0432968139648,25.0698858026
799,5801.1335093,0.0433158874512,25.0756837987
800,5801.1335093,0.0433158874512,25.0771332942
801,5801.1335093,0.0432586669922,25.0858302375
802,5801.1335093,0.0432777404785,25.0872797232
803,5806.24014052,0.0432395935059,25.0930776521
804,5801.1335093,0.0432395935059,25.0945271308
805,5801.1335093,0.0432395935059,25.0988755588
806,5801.1335093,0.0431442260742,25.1032239746
807,5811.34677173,0.0430870056152,25.1032239746
808,5806.24014052,0.0431251525879,25.1061229116
809,5796.02687809,0.0430488586426,25.1032239746
810,5806.24014052,0.0431060791016,25.110471307
811,5806.24014052,0.0430679321289,25.1148196903
812,5806.24014052,0.0431060791016,25.1148196903
813,5806.24014052,0.0430870056152,25.1191680616
814,5811.34677173,0.0430679321289,25.1249658714
815,5811.34677173,0.0429916381836,25.1220669691
816,5806.24014052,0.0429534912109,25.1249658714
817,5811.34677173,0.0429534912109,25.1264153205
818,5811.34677173,0.0429916381836,25.1264153205
819,5801.1335093,0.0429725646973,25.1264153205
820,5796.02687809,0.0429916381836,25.1307636601
821,5806.24014052,0.0429725646973,25.1336625466
822,5801.1335093,0.0430107116699,25.136561428
823,5796.02687809,0.0429916381836,25.136561428
824,5811.34677173,0.0429344177246,25.1423591751
825,5806.24014052,0.0429344177246,25.1467074721
826,5811.34677173,0.0429344177246,25.1510557575
827,5816.45340295,0.0429153442383,25.1554040316
828,5821.56003416,0.0429153442383,25.1597522943
829,5806.24014052,0.0429344177246,25.1612017127
830,5806.24014052,0.0429344177246,25.1684487862
831,5811.34677173,0.0430488586426,25.1698981972
832,5816.45340295,0.0429916381836,25.1756958288
833,5811.34677173,0.042839050293,25.1727970154
834,5811.34677173,0.0428581237793,25.1771452337
835,5821.56003416,0.0428199768066,25.1771452337
836,5816.45340295,0.0428581237793,25.1800440398
837,5811.34677173,0.0427627563477,25.1843922399
838,5816.45340295,0.0428009033203,25.1858416375
839,5811.34677173,0.042724609375,25.1901898232
840,5821.56003416,0.0426864624023,25.1887404292
841,5816.45340295,0.0427436828613,25.1930886078
842,5811.34677173,0.042724609375,25.1974367757
843,5816.45340295,0.042667388916,25.1974367757
844,5826.66666538,0.0426864624023,25.2046836987
845,5816.45340295,0.042610168457,25.2090318386
846,5816.45340295,0.0425910949707,25.2075824598
847,5816.45340295,0.0425720214844,25.2104812163
848,5816.45340295,0.042552947998,25.2133799681
849,5811.34677173,0.0425338745117,25.2148293423
850,5821.56003416,0.042552947998,25.2162787154
851,5821.56003416,0.0425338745117,25.2162787154
852,5816.45340295,0.0424766540527,25.2191774581
853,5816.45340295,0.0424575805664,25.2220761963
854,5816.45340295,0.0423812866211,25.2220761963
855,5816.45340295,0.0423622131348,25.22497493
856,5826.66666538,0.0424385070801,25.2278736592
857,5826.66666538,0.0423812866211,25.2307723839
858,5821.56003416,0.0424385070801,25.2365698201
859,5816.45340295,0.0423622131348,25.2380191764
860,5821.56003416,0.0423240661621,25.2423672387
861,5826.66666538,0.0423240661621,25.2438165906
862,5821.56003416,0.0422286987305,25.251063334
863,5821.56003416,0.0423049926758,25.251063334
864,5821.56003416,0.0422668457031,25.2568607095
865,5821.56003416,0.0422859191895,25.2612087299
866,5816.45340295,0.0422668457031,25.2641074049
867,5826.66666538,0.0421905517578,25.2684554096
868,5821.56003416,0.0422096252441,25.2699047425
869,5821.56003416,0.0421714782715,25.2757020634
870,5831.7732966,0.0420570373535,25.2757020634
871,5826.66666538,0.0419998168945,25.2800500434
872,5821.56003416,0.0420188903809,25.2829486917
873,5826.66666538,0.0421524047852,25.2843980143
874,5821.56003416,0.0421524047852,25.2887459761
875,5821.56003416,0.0421333312988,25.2945432445
876,5826.66666538,0.0420951843262,25.2959925592
877,5826.66666538,0.0420951843262,25.2974418728
878,5836.87992781,0.0420188903809,25.3003404972
879,5831.7732966,0.0419616699219,25.3032391177
880,5831.7732966,0.0420761108398,25.3061377343
881,5826.66666538,0.0420188903809,25.3075870411
882,5821.56003416,0.0419616699219,25.3119349559
883,5831.7732966,0.0418472290039,25.314833561
884,5831.7732966,0.0420951843262,25.3177321624
885,5821.56003416,0.0419235229492,25.3206307599
886,5831.7732966,0.0418472290039,25.3293265302
887,5816.45340295,0.0418663024902,25.3278772374
888,5831.7732966,0.0417518615723,25.3278772374
889,5826.66666538,0.0416946411133,25.330775822
890,5831.7732966,0.0417327880859,25.3322251129
891,5826.66666538,0.0419616699219,25.3380222674
892,5826.66666538,0.0417518615723,25.3409208392
893,5831.7732966,0.0415992736816,25.3423701237
894,5831.7732966,0.0415229797363,25.3438194074
895,5836.87992781,0.0415420532227,25.3481672531
896,5831.7732966,0.0415420532227,25.3496165332
897,5836.87992781,0.041446685791,25.3496165332
898,5841.98655903,0.0415420532227,25.3496165332
899,5836.87992781,0.04150390625,25.3525150908
900,5831.7732966,0.0414276123047,25.3568629207
901,5841.98655903,0.0414276123047,25.3568629207
902,5836.87992781,0.0414085388184,25.3612107428
903,5831.7732966,0.041389465332,25.3626600151
904,5841.98655903,0.041389465332,25.3641092865
905,5831.7732966,0.0414085388184,25.3670078269
906,5841.98655903,0.041389465332,25.3699063639
907,5836.87992781,0.0413513183594,25.3699063639
908,5831.7732966,0.041389465332,25.3786019547
909,5836.87992781,0.0413131713867,25.3843989988
910,5836.87992781,0.0412178039551,25.3771526917
911,5836.87992781,0.0411796569824,25.3843989988
912,5841.98655903,0.0412178039551,25.3887467733
913,5831.7732966,0.0412178039551,25.3901960299
914,5831.7732966,0.0410079956055,25.3930945406
915,5841.98655903,0.0410652160645,25.3974423008
916,5847.09319024,0.0411415100098,25.4003408036
917,5841.98655903,0.0411987304688,25.4046885519
918,5841.98655903,0.0411605834961,25.4061377999
919,5836.87992781,0.0411987304688,25.407587047
920,5836.87992781,0.0411605834961,25.4133840279
921,5841.98655903,0.0411796569824,25.4162825138
922,5831.7732966,0.0411605834961,25.4177317557
923,5836.87992781,0.0411224365234,25.4206302371
924,5841.98655903,0.0411033630371,25.4235287155
925,5847.09319024,0.0410270690918,25.4249779536
926,5841.98655903,0.0409889221191,25.4278764277
927,5826.66666538,0.0409889221191,25.4307748988
928,5841.98655903,0.0409317016602,25.4307748988
929,5836.87992781,0.0408744812012,25.4365718324
930,5836.87992781,0.0408935546875,25.439470295
931,5841.98655903,0.0409126281738,25.4438179835
932,5847.09319024,0.0408744812012,25.4496148918
933,5836.87992781,0.0408935546875,25.4510641171
934,5836.87992781,0.0408744812012,25.4554117891
935,5847.09319024,0.0408554077148,25.459759455
936,5841.98655903,0.0408363342285,25.4626578956
937,5852.19982146,0.0408363342285,25.4684547689
938,5847.09319024,0.0408172607422,25.4684547689
939,5847.09319024,0.0407981872559,25.4713532016
940,5841.98655903,0.0407791137695,25.4742516318
941,5857.30645267,0.0407981872559,25.4742516318
942,5841.98655903,0.0407791137695,25.4785992723
943,5852.19982146,0.0407600402832,25.4814976961
944,5847.09319024,0.0406837463379,25.4872945363
945,5847.09319024,0.0401878356934,25.4829469071
946,5847.09319024,0.0400924682617,25.4887437448
947,5847.09319024,0.0400924682617,25.4858453272
948,5841.98655903,0.0400733947754,25.49164216
949,5841.98655903,0.0400733947754,25.49164216
950,5841.98655903,0.0400543212891,25.49164216
951,5852.19982146,0.0401306152344,25.4959897783
952,5852.19982146,0.0405120849609,25.4945405728
953,5847.09319024,0.0406646728516,25.4959897783
954,5841.98655903,0.0406455993652,25.5017865943
955,5847.09319024,0.0407409667969,25.5046849988
956,5847.09319024,0.0407600402832,25.507583401
957,5852.19982146,0.0407791137695,25.5046849988
958,5862.41308389,0.0408172607422,25.5133801985
959,5847.09319024,0.0407791137695,25.5133801985
960,5852.19982146,0.0407981872559,25.5148293965
961,5852.19982146,0.0408172607422,25.5177277908
962,5847.09319024,0.0408363342285,25.5191769871
963,5857.30645267,0.0407981872559,25.5235245727
964,5852.19982146,0.0407981872559,25.5235245727
965,5841.98655903,0.0407981872559,25.5293213459
966,5852.19982146,0.0407981872559,25.5336689202
967,5852.19982146,0.0407791137695,25.5322197293
968,5852.19982146,0.0407600402832,25.5365673005
969,5852.19982146,0.0407600402832,25.5423640548
970,5857.30645267,0.0407600402832,25.5423640548
971,5857.30645267,0.0407409667969,25.5481608011
972,5857.30645267,0.0407218933105,25.5496099864
973,5857.30645267,0.0407028198242,25.5554067228
974,5857.30645267,0.0406455993652,25.5568559056
975,5857.30645267,0.0406455993652,25.5626526324
976,5852.19982146,0.0407028198242,25.5684493518
977,5852.19982146,0.0407600402832,25.5713477087
978,5852.19982146,0.0407981872559,25.5727968865
979,5847.09319024,0.0407791137695,25.5756952407
980,5852.19982146,0.0407791137695,25.5756952407
981,5852.19982146,0.0407981872559,25.5829411186
982,5857.30645267,0.0407981872559,25.5814919439
983,5852.19982146,0.0407981872559,25.5843902929
984,5862.41308389,0.0407791137695,25.5829411186
985,5862.41308389,0.0407791137695,25.5858394668
986,5857.30645267,0.0407218933105,25.5887378132
987,5862.41308389,0.0407028198242,25.5930853298
988,5857.30645267,0.0406837463379,25.5945345012
989,5852.19982146,0.0407409667969,25.5945345012
990,5852.19982146,0.0407028198242,25.6003311827
991,5852.19982146,0.0406837463379,25.603229521
992,5857.30645267,0.0406074523926,25.6061278578
993,5857.30645267,0.0407409667969,25.6075770257
994,5862.41308389,0.0406265258789,25.6104753602
995,5857.30645267,0.0407028198242,25.6148228592
996,5862.41308389,0.0407028198242,25.61772119
997,5857.30645267,0.0407600402832,25.6220686836
998,5857.30645267,0.0406646728516,25.6249670108
999,5852.19982146,0.0406455993652,25.6293144991
1000,5857.30645267,0.0407409667969,25.6336619844
1001,5862.41308389,0.0406837463379,25.6365603063
1002,5862.41308389,0.0406837463379,25.6423569461
1003,5862.41308389,0.0406074523926,25.6438061053
1004,5857.30645267,0.0406455993652,25.649602739
1005,5857.30645267,0.0406837463379,25.649602739
1006,5862.41308389,0.0406265258789,25.652501054
1007,5862.41308389,0.0405502319336,25.653950211
1008,5862.41308389,0.0405502319336,25.6611959921
1009,5862.41308389,0.0405693054199,25.6582976805
1010,5862.41308389,0.0405693054199,25.6669926119
1011,5857.30645267,0.0405311584473,25.6669926119
1012,5862.41308389,0.0405120849609,25.6684417662
1013,5857.30645267,0.0405120849609,25.671340074
1014,5857.30645267,0.040454864502,25.6727892276
1015,5862.41308389,0.0404739379883,25.6742383808
1016,5852.19982146,0.0404739379883,25.6756875338
1017,5862.41308389,0.0404357910156,25.6756875338
1018,5862.41308389,0.040397644043,25.6771366866
1019,5862.41308389,0.0404167175293,25.6800349914
1020,5862.41308389,0.0403213500977,25.6771366866
1021,5862.41308389,0.0402641296387,25.6829332952
1022,5862.41308389,0.0402450561523,25.6858315981
1023,5862.41308389,0.040340423584,25.6858315981
1024,5862.41308389,0.040340423584,25.6916282012
1025,5862.41308389,0.0411987304688,25.6945265014
1026,5862.41308389,0.0412940979004,25.6988739502
1027,5862.41308389,0.0413513183594,25.7046705457
1028,5867.5197151,0.041332244873,25.7090179903
1029,5862.41308389,0.0412750244141,25.7119162858
1030,5857.30645267,0.0412940979004,25.7162637277
1031,5862.41308389,0.0412750244141,25.720611168
1032,5867.5197151,0.0412368774414,25.7235094608
1033,5862.41308389,0.0412178039551,25.7278568988
1034,5862.41308389,0.0412178039551,25.7322043355
1035,5862.41308389,0.0411796569824,25.7351026259
1036,5867.5197151,0.0411796569824,25.7408992051
1037,5862.41308389,0.0411224365234,25.7481449264
1038,5862.41308389,0.0411224365234,25.7539415016
1039,5862.41308389,0.0411224365234,25.7568397885
1040,5867.5197151,0.0411033630371,25.7539415016
1041,5857.30645267,0.0411033630371,25.7597380751
1042,5867.5197151,0.0410652160645,25.7640855044
1043,5862.41308389,0.0410079956055,25.7655346473
1044,5862.41308389,0.0409317016602,25.7698820756
1045,5862.41308389,0.0409126281738,25.7742295034
1046,5867.5197151,0.0409698486328,25.7756786458
1047,5867.5197151,0.0408744812012,25.7771277882
1048,5862.41308389,0.0408554077148,25.7785769306
1049,5867.5197151,0.0408363342285,25.7843734996
1050,5862.41308389,0.0408363342285,25.7843734996
1051,5862.41308389,0.0408744812012,25.7887209259
1052,5862.41308389,0.0408172607422,25.7872717838
1053,5867.5197151,0.0407981872559,25.7887209259
1054,5862.41308389,0.0408554077148,25.7930683519
1055,5867.5197151,0.0408744812012,25.7959666358
1056,5867.5197151,0.0408363342285,25.8003140616
1057,5867.5197151,0.0408172607422,25.7974157778
1058,5867.5197151,0.0407791137695,25.8075597711
1059,5867.5197151,0.0407981872559,25.8119071968
1060,5867.5197151,0.0408172607422,25.8177037647
1061,5867.5197151,0.0408363342285,25.823500333
1062,5867.5197151,0.0407981872559,25.8278477597
1063,5862.41308389,0.0407791137695,25.8307460443
1064,5862.41308389,0.0407981872559,25.8336443291
1065,5867.5197151,0.0407600402832,25.8365426142
1066,5867.5197151,0.0407218933105,25.8408900423
1067,5862.41308389,0.0407409667969,25.845237471
1068,5867.5197151,0.0407600402832,25.8481357572
1069,5867.5197151,0.0407409667969,25.8510340437
1070,5867.5197151,0.0407218933105,25.8524831872
1071,5867.5197151,0.0407218933105,25.8582797617
1072,5867.5197151,0.0406646728516,25.8597289056
1073,5867.5197151,0.0406646728516,25.8597289056
1074,5867.5197151,0.0405693054199,25.864076338
1075,5867.5197151,0.0405120849609,25.8669746268
1076,5862.41308389,0.0405502319336,25.8655254823
1077,5867.5197151,0.0405120849609,25.8669746268
1078,5867.5197151,0.0405502319336,25.8713220609
1079,5867.5197151,0.0405311584473,25.8727712059
1080,5867.5197151,0.0404930114746,25.8713220609
1081,5867.5197151,0.0405120849609,25.8756694962
1082,5867.5197151,0.0404739379883,25.8800169328
1083,5867.5197151,0.0404739379883,25.8785677871
1084,5867.5197151,0.0404357910156,25.8814660786
1085,5872.62634632,0.0404357910156,25.8814660786
1086,5867.5197151,0.0404167175293,25.8843643706
1087,5867.5197151,0.040397644043,25.8872626633
1088,5862.41308389,0.0403785705566,25.8901609566
1089,5872.62634632,0.040340423584,25.8916101035
1090,5867.5197151,0.0403213500977,25.8916101035
1091,5867.5197151,0.040340423584,25.8959575453
1092,5867.5197151,0.040283203125,25.8959575453
1093,5867.5197151,0.0402450561523,25.9032032851
1094,5867.5197151,0.0402069091797,25.9017541367
1095,5872.62634632,0.0402069091797,25.9032032851
1096,5867.5197151,0.0401878356934,25.9104490297
1097,5867.5197151,0.040168762207,25.9089998803
1098,5867.5197151,0.040168762207,25.9118981792
1099,5867.5197151,0.040168762207,25.9133473289
1100,5867.5197151,0.0400733947754,25.9176947794
1101,5867.5197151,0.040111541748,25.9176947794
1102,5867.5197151,0.0400733947754,25.9220422318
1103,5877.73297753,0.0400924682617,25.9263896863
1104,5872.62634632,0.0400161743164,25.9292879905
1105,5867.5197151,0.0399971008301,25.9307371429
1106,5867.5197151,0.0400352478027,25.9379829088
1107,5867.5197151,0.0400924682617,25.9365337551
1108,5872.62634632,0.0400733947754,25.9394320628
1109,5867.5197151,0.0400352478027,25.9437795262
1110,5867.5197151,0.0400161743164,25.9466778365
1111,5867.5197151,0.0400543212891,25.9495761479
1112,5867.5197151,0.0400161743164,25.951025304
1113,5872.62634632,0.0399017333984,25.9524744604
1114,5867.5197151,0.0399017333984,25.9524744604
1115,5872.62634632,0.0398826599121,25.9539236171
1116,5867.5197151,0.0399208068848,25.9539236171
1117,5867.5197151,0.0399208068848,25.9582710889
1118,5867.5197151,0.0399208068848,25.9582710889
1119,5867.5197151,0.0399780273438,25.9655168812
1120,5867.5197151,0.0399017333984,25.9669660406
1121,5877.73297753,0.0398826599121,25.9713135206
1122,5867.5197151,0.0398635864258,25.9713135206
1123,5877.73297753,0.0398635864258,25.9771101652
1124,5867.5197151,0.0398063659668,25.9771101652
1125,5872.62634632,0.0398445129395,25.9814576521
1126,5872.62634632,0.0398063659668,25.9843559784
1127,5867.5197151,0.0397682189941,25.9858051421
1128,5872.62634632,0.0398254394531,25.9887034705
1129,5872.62634632,0.0398063659668,25.9916018004
1130,5872.62634632,0.0398254394531,25.9945001317
1131,5872.62634632,0.0397491455078,25.9988476314
1132,5867.5197151,0.0397682189941,26.0031951344
1133,5867.5197151,0.0397491455078,26.0060934717
1134,5877.73297753,0.0397682189941,26.0104409806
1135,5872.62634632,0.0397491455078,26.014788493
1136,5877.73297753,0.0396919250488,26.0191360091
1137,5872.62634632,0.0397109985352,26.020585182
1138,5867.5197151,0.0396537780762,26.023483529
1139,5872.62634632,0.0395584106445,26.023483529
1140,5872.62634632,0.0395965576172,26.0263818776
1141,5872.62634632,0.0395965576172,26.029280228
1142,5877.73297753,0.0395965576172,26.0336277568
1143,5872.62634632,0.0395965576172,26.0336277568
1144,5872.62634632,0.0395965576172,26.0365261116
1145,5872.62634632,0.0395774841309,26.0379752897
1146,5872.62634632,0.0395774841309,26.0394244682
1147,5877.73297753,0.0395584106445,26.0423228265
1148,5872.62634632,0.0395584106445,26.0437720064
1149,5877.73297753,0.0395202636719,26.0481195488
1150,5867.5197151,0.0395393371582,26.0481195488
1151,5877.73297753,0.0395393371582,26.0495687305
1152,5872.62634632,0.0395202636719,26.0539162786
1153,5877.73297753,0.0394630432129,26.0539162786
1154,5872.62634632,0.0394058227539,26.0582638309
1155,5877.73297753,0.0393676757813,26.0597130161
1156,5872.62634632,0.0393104553223,26.0611622016
1157,5877.73297753,0.0394058227539,26.0626113877
1158,5877.73297753,0.0394630432129,26.0626113877
1159,5877.73297753,0.0394248962402,26.0655097614
1160,5877.73297753,0.0393867492676,26.0655097614
1161,5882.83960875,0.0393486022949,26.066958949
1162,5872.62634632,0.0393676757813,26.0684081371
1163,5877.73297753,0.0393486022949,26.0684081371
1164,5872.62634632,0.0394439697266,26.0713065148
1165,5877.73297753,0.0394439697266,26.0756540853
1166,5877.73297753,0.0393867492676,26.0742048946
1167,5877.73297753,0.0393486022949,26.0800016605
1168,5877.73297753,0.0392913818359,26.0829000466
1169,5872.62634632,0.0392723083496,26.0829000466
1170,5882.83960875,0.0392532348633,26.0829000466
1171,5882.83960875,0.0392532348633,26.0857984349
1172,5877.73297753,0.0392532348633,26.0915952179
1173,5882.83960875,0.0392723083496,26.093044415
1174,5877.73297753,0.039234161377,26.093044415
1175,5877.73297753,0.0392532348633,26.0973920098
1176,5877.73297753,0.0392913818359,26.0988412092
1177,5877.73297753,0.0392723083496,26.1046380124
1178,5872.62634632,0.039234161377,26.1017396097
1179,5882.83960875,0.0392532348633,26.1104348249
1180,5877.73297753,0.0392723083496,26.1147824405
1181,5882.83960875,0.039234161377,26.1162316469
1182,5882.83960875,0.0391578674316,26.1205792696
1183,5877.73297753,0.039176940918,26.1205792696
1184,5877.73297753,0.0391387939453,26.1278253198
1185,5877.73297753,0.0391578674316,26.1263761085
1186,5872.62634632,0.0391578674316,26.1307237442
1187,5877.73297753,0.0391006469727,26.1350713855
1188,5882.83960875,0.039119720459,26.1321729573
1189,5877.73297753,0.0390625,26.1350713855
1190,5882.83960875,0.0390625,26.1379698163
1191,5877.73297753,0.0390243530273,26.1394190326
1192,5882.83960875,0.0390625,26.1408682496
1193,5893.05287118,0.0390243530273,26.1423174672
1194,5877.73297753,0.0390243530273,26.1466651241
1195,5872.62634632,0.0390243530273,26.1495635652
1196,5877.73297753,0.0389671325684,26.1510127868
1197,5882.83960875,0.0389671325684,26.153911232
1198,5882.83960875,0.0389289855957,26.1510127868
1199,5882.83960875,0.038948059082,26.153911232
1200,5882.83960875,0.0389289855957,26.153911232
1201,5887.94623996,0.0389099121094,26.1553604556
1202,5882.83960875,0.0388526916504,26.153911232
1203,5882.83960875,0.0388336181641,26.1568096798
1204,5882.83960875,0.0388336181641,26.1597081304
1205,5893.05287118,0.0387763977051,26.1626065838
1206,5877.73297753,0.0388336181641,26.1597081304
1207,5887.94623996,0.0388526916504,26.1655050398
1208,5898.15950239,0.0387954711914,26.1640558114
1209,5882.83960875,0.0387382507324,26.1684034987
1210,5882.83960875,0.0387573242188,26.1727511923
1211,5893.05287118,0.0387573242188,26.1742004249
1212,5893.05287118,0.0387573242188,26.1770988922
1213,5893.05287118,0.0386238098145,26.178548127
1214,5887.94623996,0.0386810302734,26.1828958356
1215,5887.94623996,0.0387001037598,26.1828958356
1216,5887.94623996,0.0386238098145,26.1857943116
1217,5893.05287118,0.0386428833008,26.1930405147
1218,5887.94623996,0.0386428833008,26.1901420312
1219,5893.05287118,0.0385665893555,26.1944897575
1220,5887.94623996,0.0385475158691,26.1988374906
1221,5882.83960875,0.0385856628418,26.1959390011
1222,5893.05287118,0.0385475158691,26.2002867364
1223,5882.83960875,0.0386047363281,26.2017359831
1224,5893.05287118,0.0385475158691,26.2031852304
1225,5887.94623996,0.0385665893555,26.2046344786
1226,5898.15950239,0.0385665893555,26.211880731
1227,5898.15950239,0.0384712219238,26.210431479
1228,5898.15950239,0.0384521484375,26.211880731
1229,5893.05287118,0.0385093688965,26.2133299839
1230,5903.26613361,0.0384330749512,26.2162284919
1231,5887.94623996,0.0384712219238,26.2147792375
1232,5903.26613361,0.0384521484375,26.2205762599
1233,5887.94623996,0.0383949279785,26.2234747759
1234,5898.15950239,0.0384330749512,26.2263732952
1235,5893.05287118,0.0384330749512,26.2249240351
1236,5908.37276482,0.0383949279785,26.2365181383
1237,5898.15950239,0.0384330749512,26.2365181383
1238,5903.26613361,0.0383949279785,26.2510108423
1239,5898.15950239,0.0383567810059,26.2539093933
1240,5903.26613361,0.0383567810059,26.2481122947
1241,5903.26613361,0.0383567810059,26.2582572264
1242,5908.37276482,0.0383567810059,26.271300773
1243,5903.26613361,0.0383377075195,26.2785472192
1244,5898.15950239,0.0383567810059,26.2799965112
1245,5903.26613361,0.0383186340332,26.2901415807
1246,5903.26613361,0.0382614135742,26.3017360022
1247,5903.26613361,0.0382804870605,26.3017360022
1248,5903.26613361,0.0382423400879,26.3104318584
1249,5908.37276482,0.0381851196289,26.3162291153
1250,5903.26613361,0.0382041931152,26.3162291153
1251,5898.15950239,0.0382232666016,26.322026388
1252,5898.15950239,0.0382232666016,26.322026388
1253,5903.26613361,0.0381469726563,26.3292730013
1254,5908.37276482,0.0381278991699,26.330722327
1255,5913.47939604,0.0381660461426,26.3336209814
1256,5908.37276482,0.0381278991699,26.3350703101
1257,5898.15950239,0.0381278991699,26.3365196399
1258,5908.37276482,0.0381088256836,26.3423169692
1259,5898.15950239,0.0381278991699,26.3408676353
1260,5903.26613361,0.0381088256836,26.346664977
1261,5913.47939604,0.0381088256836,26.346664977
1262,5903.26613361,0.0380516052246,26.3481143151
1263,5913.47939604,0.0380706787109,26.3510129943
1264,5908.37276482,0.0380325317383,26.3495636542
1265,5898.15950239,0.0380706787109,26.3568103654
1266,5913.47939604,0.0380706787109,26.3539116777
1267,5908.37276482,0.0380706787109,26.355361021
1268,5903.26613361,0.0380516052246,26.3611584048
1269,5908.37276482,0.038013458252,26.3640571031
1270,5918.58602726,0.0379943847656,26.3655064539
1271,5918.58602726,0.038013458252,26.3655064539
1272,5903.26613361,0.0379753112793,26.3698545128
1273,5903.26613361,0.0379753112793,26.3756519398
1274,5908.37276482,0.037956237793,26.3756519398
1275,5918.58602726,0.0379943847656,26.3756519398
1276,5898.15950239,0.0379753112793,26.3800000216
1277,5918.58602726,0.037956237793,26.3814493844
1278,5923.69265847,0.0377655029297,26.3800000216
1279,5923.69265847,0.0378036499023,26.3800000216
1280,5913.47939604,0.037841796875,26.3857974795
1281,5923.69265847,0.037899017334,26.3843481134
1282,5918.58602726,0.037841796875,26.3872468468
1283,5918.58602726,0.0378036499023,26.3930443272
1284,5923.69265847,0.0377082824707,26.3915949554
1285,5918.58602726,0.0377082824707,26.3901455847
1286,5918.58602726,0.0376510620117,26.3930443272
1287,5918.58602726,0.0376129150391,26.3959430741
1288,5913.47939604,0.0376319885254,26.4002912031
1289,5918.58602726,0.0376129150391,26.3988418257
1290,5913.47939604,0.0375938415527,26.3973924493
1291,5933.9059209,0.0375938415527,26.4017405818
1292,5908.37276482,0.0376319885254,26.4002912031
1293,5923.69265847,0.0377082824707,26.4046393425
1294,5908.37276482,0.0375366210938,26.4060887245
1295,5918.58602726,0.0375366210938,26.4075381078
1296,5923.69265847,0.0375175476074,26.4075381078
1297,5928.79928969,0.0375938415527,26.4075381078
1298,5923.69265847,0.0375366210938,26.4089874922
1299,5918.58602726,0.0375366210938,26.4089874922
1300,5933.9059209,0.0375938415527,26.4104368777
1301,5913.47939604,0.0375556945801,26.4147850414
1302,5923.69265847,0.0375175476074,26.4147850414
1303,5928.79928969,0.0375366210938,26.4147850414
1304,5918.58602726,0.0375175476074,26.4176838231
1305,5928.79928969,0.0374794006348,26.4191332157
1306,5928.79928969,0.0374984741211,26.4220320045
1307,5939.01255212,0.0374794006348,26.424930798
1308,5939.01255212,0.0374794006348,26.4234814006
1309,5923.69265847,0.0374603271484,26.4263801966
1310,5939.01255212,0.0374603271484,26.4307283994
1311,5928.79928969,0.0374412536621,26.4292789972
1312,5933.9059209,0.0374794006348,26.4336272073
1313,5939.01255212,0.0374412536621,26.4336272073
1314,5928.79928969,0.0374221801758,26.4365260201
1315,5928.79928969,0.0374412536621,26.4365260201
1316,5923.69265847,0.0373840332031,26.4423236602
1317,5928.79928969,0.0373840332031,26.4408742483
1318,5933.9059209,0.0373077392578,26.4423236602
1319,5928.79928969,0.0374221801758,26.44812132
1320,5933.9059209,0.0374221801758,26.4466719032
1321,5944.11918333,0.0373840332031,26.4466719032
1322,5939.01255212,0.0373077392578,26.4510201573
1323,5939.01255212,0.0373077392578,26.4524695778
1324,5944.11918333,0.0373268127441,26.4539189996
1325,5939.01255212,0.0372886657715,26.4568178469
1326,5933.9059209,0.0372505187988,26.4582672724
1327,5933.9059209,0.0372505187988,26.4582672724
1328,5939.01255212,0.0372314453125,26.4568178469
1329,5928.79928969,0.0372886657715,26.4611661273
1330,5939.01255212,0.0372505187988,26.4640649872
1331,5933.9059209,0.0372123718262,26.4669638521
1332,5928.79928969,0.0372505187988,26.4698627222
1333,5933.9059209,0.0372123718262,26.4713121592
1334,5944.11918333,0.0371742248535,26.4742110369
1335,5949.22581455,0.0372123718262,26.4771099198
1336,5949.22581455,0.0371551513672,26.4771099198
1337,5954.33244576,0.0371742248535,26.4814582539
1338,5944.11918333,0.0371742248535,26.4814582539
1339,5949.22581455,0.0371551513672,26.4858065998
1340,5939.01255212,0.0371742248535,26.4887055035
1341,5944.11918333,0.0371551513672,26.4901549574
1342,5944.11918333,0.0371551513672,26.4916044126
1343,5939.01255212,0.0371551513672,26.493053869
1344,5949.22581455,0.0371551513672,26.4945033269
1345,5949.22581455,0.0371742248535,26.4988517083
1346,5944.11918333,0.0371551513672,26.5003011715
1347,5939.01255212,0.0371551513672,26.5003011715
1348,5949.22581455,0.0371551513672,26.5003011715
1349,5944.11918333,0.0371551513672,26.501750636
1350,5944.11918333,0.0371360778809,26.501750636
1351,5954.33244576,0.0371360778809,26.5075485074
1352,5949.22581455,0.0370979309082,26.5104474512
1353,5949.22581455,0.0370979309082,26.5075485074
1354,5954.33244576,0.0370597839355,26.5104474512
1355,5944.11918333,0.0370788574219,26.5104474512
1356,5954.33244576,0.0370788574219,26.5133464004
1357,5944.11918333,0.0370788574219,26.5133464004
1358,5949.22581455,0.0370788574219,26.5147958771
1359,5954.33244576,0.0370407104492,26.5205937974
1360,5949.22581455,0.0370407104492,26.5191443153
1361,5954.33244576,0.0370407104492,26.5205937974
1362,5949.22581455,0.0370216369629,26.5220432809
1363,5954.33244576,0.0370025634766,26.5220432809
1364,5949.22581455,0.0369834899902,26.5220432809
1365,5949.22581455,0.0370025634766,26.5263917398
1366,5959.43907698,0.0369834899902,26.5249422521
1367,5959.43907698,0.0369834899902,26.5263917398
1368,5954.33244576,0.0369834899902,26.5278412289
1369,5949.22581455,0.0369644165039,26.5278412289
1370,5964.54570819,0.0369644165039,26.5292907193
1371,5964.54570819,0.0369262695313,26.5321897044
1372,5954.33244576,0.0369644165039,26.5321897044
1373,5959.43907698,0.0369071960449,26.5365381926
1374,5954.33244576,0.0368881225586,26.5350886951
1375,5959.43907698,0.0369071960449,26.5408866934
1376,5969.65233941,0.0368881225586,26.5408866934
1377,5964.54570819,0.0368499755859,26.545235207
1378,5964.54570819,0.0368309020996,26.5466847144
1379,5959.43907698,0.0368499755859,26.545235207
1380,5959.43907698,0.0368118286133,26.5524827582
1381,5954.33244576,0.0368690490723,26.5495837334
1382,5969.65233941,0.036792755127,26.5510332451
1383,5964.54570819,0.0367546081543,26.5510332451
1384,5964.54570819,0.0368118286133,26.5553817887
1385,5964.54570819,0.0367546081543,26.558280825
1386,5959.43907698,0.0366973876953,26.5597303454
1387,5949.22581455,0.036735534668,26.5640789151
1388,5964.54570819,0.0367546081543,26.5655284412
1389,5964.54570819,0.0366973876953,26.5655284412
1390,5974.75897062,0.036735534668,26.5669779688
1391,5964.54570819,0.0367546081543,26.5684274979
1392,5969.65233941,0.0367736816406,26.5698770285
1393,5959.43907698,0.0367164611816,26.5713265605
1394,5974.75897062,0.036735534668,26.574225629
1395,5979.86560184,0.0366592407227,26.5756751655
1396,5959.43907698,0.036678314209,26.5785742428
1397,5964.54570819,0.03662109375,26.5756751655
1398,5979.86560184,0.0366592407227,26.5800237838
1399,5979.86560184,0.03662109375,26.5785742428
1400,5969.65233941,0.0366020202637,26.5829228701
1401,5979.86560184,0.03662109375,26.5829228701
1402,5974.75897062,0.0366592407227,26.5843724155
1403,5979.86560184,0.03662109375,26.5858219624
1404,5984.97223305,0.0366020202637,26.5858219624
1405,5979.86560184,0.0366020202637,26.5872715108
1406,5979.86560184,0.036563873291,26.5887210607
1407,5979.86560184,0.036563873291,26.5901706121
1408,5990.07886427,0.0365447998047,26.5887210607
1409,5974.75897062,0.0365447998047,26.5901706121
1410,5979.86560184,0.0365257263184,26.591620165
1411,5974.75897062,0.036506652832,26.5901706121
1412,5979.86560184,0.0365257263184,26.591620165
1413,5995.18549549,0.036449432373,26.5930697195
1414,5979.86560184,0.0364112854004,26.5945192755
1415,5974.75897062,0.0364112854004,26.5945192755
1416,5969.65233941,0.0364112854004,26.5974183919
1417,5990.07886427,0.0364303588867,26.5959688329
1418,5969.65233941,0.0363922119141,26.5974183919
1419,5974.75897062,0.0363922119141,26.6003175145
1420,5979.86560184,0.0363540649414,26.6032166432
1421,5974.75897062,0.0363731384277,26.6046662099
1422,5984.97223305,0.0363731384277,26.6032166432
1423,5974.75897062,0.0362968444824,26.6075653478
1424,5990.07886427,0.0362968444824,26.6075653478
1425,5984.97223305,0.0362968444824,26.6061157781
1426,5984.97223305,0.0362777709961,26.6090149191
1427,5990.07886427,0.0362205505371,26.6104644919
1428,5984.97223305,0.0362014770508,26.6133636423
1429,5990.07886427,0.0361824035645,26.6104644919
1430,5995.18549549,0.0361633300781,26.6162627988
1431,5995.18549549,0.0361824035645,26.6191619616
1432,5990.07886427,0.0361633300781,26.6206115453
1433,5990.07886427,0.0361061096191,26.6177123794
1434,5984.97223305,0.0361633300781,26.6191619616
1435,5990.07886427,0.0361061096191,26.6220611306
1436,5979.86560184,0.0360679626465,26.6278594876
1437,5984.97223305,0.0360298156738,26.6220611306
1438,5990.07886427,0.0361061096191,26.624960306
1439,5995.18549549,0.0360107421875,26.6307586756
1440,5995.18549549,0.0360298156738,26.6278594876
1441,5979.86560184,0.0360298156738,26.6293090808
1442,6000.2921267,0.0359725952148,26.632208272
1443,6005.39875792,0.0359916687012,26.6336578699
1444,5990.07886427,0.0360107421875,26.6336578699
1445,5990.07886427,0.0359725952148,26.6365570707
1446,5995.18549549,0.0359916687012,26.6365570707
1447,6000.2921267,0.0359725952148,26.6394562778
1448,5995.18549549,0.0359725952148,26.6423554913
1449,5995.18549549,0.0359725952148,26.6394562778
1450,6000.2921267,0.0359725952148,26.6438051005
1451,5990.07886427,0.0359916687012,26.6481539378
1452,5984.97223305,0.0359725952148,26.6481539378
1453,6010.50538913,0.0359535217285,26.6481539378
1454,6000.2921267,0.0359535217285,26.6510531707
1455,6000.2921267,0.0359535217285,26.6496035534
1456,6000.2921267,0.0359535217285,26.6554020323
1457,5984.97223305,0.0359535217285,26.6568516561
1458,6010.50538913,0.0359535217285,26.6568516561
1459,5995.18549549,0.0359344482422,26.6583012816
1460,6000.2921267,0.0358963012695,26.6597509087
1461,6005.39875792,0.0359153747559,26.6640997998
1462,6005.39875792,0.0358200073242,26.6669990689
1463,6010.50538913,0.0358963012695,26.6669990689
1464,6010.50538913,0.0358390808105,26.6684487059
1465,6000.2921267,0.0358390808105,26.6698983445
1466,6000.2921267,0.0358390808105,26.6713479849
1467,6000.2921267,0.0357437133789,26.6756969159
1468,6015.61202035,0.0357437133789,26.6771465629
1469,6005.39875792,0.0357437133789,26.6771465629
1470,6010.50538913,0.0358009338379,26.6742472705
1471,6010.50538913,0.0357437133789,26.6800458619
1472,6005.39875792,0.0358009338379,26.6800458619
1473,6020.71865156,0.0357246398926,26.681495514
1474,6015.61202035,0.0357055664063,26.6829451677
1475,6010.50538913,0.0357055664063,26.681495514
1476,5995.18549549,0.0357055664063,26.681495514
1477,6015.61202035,0.0356674194336,26.6829451677
1478,6020.71865156,0.0357055664063,26.6829451677
1479,6005.39875792,0.0356864929199,26.6829451677
1480,6010.50538913,0.0356292724609,26.6829451677
1481,6005.39875792,0.0356483459473,26.6858444803
1482,6005.39875792,0.0356483459473,26.6858444803
1483,6020.71865156,0.0356864929199,26.6872941391
1484,6010.50538913,0.0356483459473,26.6858444803
1485,5995.18549549,0.0356674194336,26.6872941391
1486,6010.50538913,0.0356101989746,26.6872941391
1487,6015.61202035,0.0355911254883,26.6901934618
1488,6020.71865156,0.0356101989746,26.6916431257
1489,6015.61202035,0.0355529785156,26.6916431257
1490,6010.50538913,0.035572052002,26.6959921277
1491,6020.71865156,0.0355529785156,26.6959921277
1492,6010.50538913,0.035572052002,26.6959921277
1493,6020.71865156,0.0355529785156,26.7003411451
1494,6005.39875792,0.0355339050293,26.6974417985
1495,6005.39875792,0.0355911254883,26.701790821
1496,6020.71865156,0.0355339050293,26.7003411451
1497,6005.39875792,0.0355529785156,26.7003411451
1498,6010.50538913,0.035514831543,26.704690178
1499,6010.50538913,0.035514831543,26.7061398591
1500,6010.50538913,0.0355339050293,26.704690178
1501,6030.93191399,0.0354194641113,26.704690178
1502,6010.50538913,0.035514831543,26.7104889128
1503,6020.71865156,0.0354385375977,26.7075895419
1504,6025.82528278,0.0354385375977,26.7119386009
1505,6005.39875792,0.0354385375977,26.7119386009
1506,6025.82528278,0.0353240966797,26.7162876755
1507,6030.93191399,0.035343170166,26.7162876755
1508,6020.71865156,0.0353813171387,26.7177373705
1509,6025.82528278,0.0353622436523,26.7191870673
1510,6015.61202035,0.035400390625,26.7191870673
1511,6010.50538913,0.0353240966797,26.7249858721
1512,6025.82528278,0.0352478027344,26.7220864662
1513,6030.93191399,0.0351524353027,26.7278852851
1514,6025.82528278,0.0351905822754,26.7293349943
1515,6020.71865156,0.0353050231934,26.7293349943
1516,6030.93191399,0.0351905822754,26.7336841324
1517,6020.71865156,0.035228729248,26.7351338487
1518,6020.71865156,0.0351905822754,26.7365835668
1519,6025.82528278,0.0352096557617,26.7351338487
1520,6015.61202035,0.0351905822754,26.7380332867
1521,6030.93191399,0.0351905822754,26.7394830083
1522,6030.93191399,0.0351524353027,26.7409327318
1523,6030.93191399,0.0351524353027,26.7423824571
1524,6030.93191399,0.0350952148438,26.745281913
1525,6030.93191399,0.0350952148438,26.7438321841
1526,6030.93191399,0.0350761413574,26.7510808466
1527,6020.71865156,0.0350952148438,26.7510808466
1528,6030.93191399,0.0350761413574,26.745281913
1529,6030.93191399,0.0350570678711,26.7525305845
1530,6030.93191399,0.0350761413574,26.7496311105
1531,6030.93191399,0.0350189208984,26.7525305845
1532,6030.93191399,0.0350570678711,26.7554300659
1533,6020.71865156,0.0350379943848,26.7568798093
1534,6030.93191399,0.0349998474121,26.7568798093
1535,6030.93191399,0.0350379943848,26.7554300659
1536,6025.82528278,0.0349998474121,26.7597793016
1537,6030.93191399,0.0350189208984,26.7583295545
1538,6030.93191399,0.0349998474121,26.7641285539
1539,6030.93191399,0.0349807739258,26.7626788013
1540,6030.93191399,0.0349807739258,26.7626788013
1541,6030.93191399,0.0349807739258,26.7641285539
1542,6025.82528278,0.0349426269531,26.7655783083
1543,6030.93191399,0.0348854064941,26.7684778227
1544,6036.03854521,0.0348854064941,26.7699275827
1545,6036.03854521,0.0348472595215,26.7684778227
1546,6030.93191399,0.0348472595215,26.7728271083
1547,6036.03854521,0.0348091125488,26.7713773446
1548,6036.03854521,0.0348091125488,26.7728271083
1549,6036.03854521,0.0347900390625,26.7728271083
1550,6025.82528278,0.0347518920898,26.7742768738
1551,6030.93191399,0.0344657897949,26.7728271083
1552,6030.93191399,0.0344657897949,26.7728271083
1553,6030.93191399,0.0344467163086,26.7757266413
1554,6036.03854521,0.0344276428223,26.7742768738
1555,6036.03854521,0.0344467163086,26.7757266413
1556,6036.03854521,0.0344276428223,26.7757266413
1557,6030.93191399,0.0344085693359,26.7771764106
1558,6036.03854521,0.0344085693359,26.7771764106
1559,6036.03854521,0.0343704223633,26.7786261817
1560,6036.03854521,0.0343894958496,26.7771764106
1561,6036.03854521,0.0344276428223,26.7800759548
1562,6036.03854521,0.0343704223633,26.7786261817
1563,6036.03854521,0.0343322753906,26.7815257297
1564,6046.25180764,0.0343132019043,26.7815257297
1565,6051.35843885,0.034294128418,26.7829755065
1566,6036.03854521,0.0342750549316,26.7844252851
1567,6046.25180764,0.0342178344727,26.7844252851
1568,6036.03854521,0.0341987609863,26.7844252851
1569,6041.14517642,0.0341987609863,26.7887746324
1570,6041.14517642,0.034236907959,26.7858750657
1571,6041.14517642,0.0342750549316,26.7858750657
1572,6036.03854521,0.0342178344727,26.7902244187
1573,6036.03854521,0.0341415405273,26.7902244187
1574,6051.35843885,0.0341796875,26.7902244187
1575,6041.14517642,0.0341796875,26.7902244187
1576,6051.35843885,0.0341987609863,26.7945737887
1577,6041.14517642,0.0342178344727,26.7931239968
1578,6041.14517642,0.0342178344727,26.7931239968
1579,6036.03854521,0.0341987609863,26.7931239968
1580,6041.14517642,0.0341415405273,26.7960235825
1581,6046.25180764,0.034122467041,26.7974733782
1582,6041.14517642,0.034122467041,26.7960235825
1583,6041.14517642,0.0341415405273,26.7931239968
1584,6046.25180764,0.0341033935547,26.7960235825
1585,6051.35843885,0.0341415405273,26.7960235825
1586,6046.25180764,0.0340461730957,26.7989231759
1587,6041.14517642,0.034065246582,26.7974733782
1588,6046.25180764,0.0340843200684,26.7974733782
1589,6046.25180764,0.0341033935547,26.7989231759
1590,6051.35843885,0.0341033935547,26.7974733782
1591,6041.14517642,0.0340461730957,26.8003729754
1592,6046.25180764,0.034008026123,26.7989231759
1593,6041.14517642,0.0340843200684,26.8003729754
1594,6036.03854521,0.0340461730957,26.8018227768
1595,6056.46507007,0.034008026123,26.8018227768
1596,6061.57170128,0.0339889526367,26.8032725802
1597,6056.46507007,0.034065246582,26.8032725802
1598,6056.46507007,0.0340461730957,26.8032725802
1599,6061.57170128,0.0339508056641,26.8018227768
1600,6051.35843885,0.0339889526367,26.8047223855
1601,6051.35843885,0.0339698791504,26.8032725802
1602,6046.25180764,0.0339508056641,26.8076220018
1603,6051.35843885,0.0339698791504,26.8090718129
1604,6056.46507007,0.0339698791504,26.8105216259
1605,6056.46507007,0.0338935852051,26.8105216259
1606,6051.35843885,0.0338935852051,26.8105216259
1607,6061.57170128,0.0339126586914,26.8134212577
1608,6051.35843885,0.0339317321777,26.8134212577
1609,6051.35843885,0.0338745117188,26.8134212577
1610,6051.35843885,0.0338554382324,26.8105216259
1611,6046.25180764,0.0338554382324,26.8148710765
1612,6071.78496371,0.0338554382324,26.8148710765
1613,6061.57170128,0.0337982177734,26.8163208972
1614,6061.57170128,0.0337600708008,26.8163208972
1615,6061.57170128,0.0337982177734,26.8163208972
1616,6051.35843885,0.0337982177734,26.8206703711
1617,6051.35843885,0.0337600708008,26.8177707199
1618,6061.57170128,0.0336837768555,26.8221201997
1619,6056.46507007,0.0337219238281,26.8206703711
1620,6061.57170128,0.0337028503418,26.8192205445
1621,6061.57170128,0.0336837768555,26.8221201997
1622,6061.57170128,0.0336647033691,26.8235700301
1623,6061.57170128,0.0336456298828,26.8235700301
1624,6056.46507007,0.0336265563965,26.8250198626
1625,6066.6783325,0.0336456298828,26.826469697
1626,6066.6783325,0.0336265563965,26.826469697
1627,6076.89159493,0.0336265563965,26.8250198626
1628,6066.6783325,0.0336456298828,26.8250198626
1629,6071.78496371,0.0335693359375,26.8293693717
1630,6071.78496371,0.0335311889648,26.8322690543
1631,6066.6783325,0.0335693359375,26.8293693717
1632,6061.57170128,0.0335693359375,26.8351687448
1633,6061.57170128,0.0335311889648,26.836618593
1634,6071.78496371,0.0335311889648,26.8337188986
1635,6076.89159493,0.0334930419922,26.836618593
1636,6066.6783325,0.0334930419922,26.836618593
1637,6071.78496371,0.0334930419922,26.8409681496
1638,6066.6783325,0.0334930419922,26.8409681496
1639,6066.6783325,0.0334739685059,26.8438678639
1640,6071.78496371,0.0334739685059,26.8438678639
1641,6071.78496371,0.0334739685059,26.8424180057
1642,6076.89159493,0.0334167480469,26.845317724
1643,6076.89159493,0.0334739685059,26.8467675862
1644,6076.89159493,0.0333976745605,26.8482174503
1645,6076.89159493,0.0334167480469,26.8511171847
1646,6071.78496371,0.0333976745605,26.8511171847
1647,6071.78496371,0.0333976745605,26.8511171847
1648,6076.89159493,0.0334167480469,26.854016927
1649,6081.99822615,0.0333976745605,26.8511171847
1650,6081.99822615,0.0333595275879,26.8554668013
1651,6076.89159493,0.0333595275879,26.8569166775
1652,6076.89159493,0.0333404541016,26.8583665557
1653,6092.21148858,0.0333213806152,26.8569166775
1654,6081.99822615,0.0333404541016,26.8569166775
1655,6087.10485736,0.0333213806152,26.8583665557
1656,6092.21148858,0.0332832336426,26.859816436
1657,6081.99822615,0.0332832336426,26.8612663183
1658,6081.99822615,0.0332641601563,26.864166089
1659,6071.78496371,0.0332832336426,26.8627162027
1660,6081.99822615,0.0332450866699,26.859816436
1661,6087.10485736,0.0332641601563,26.8627162027
1662,6081.99822615,0.0332450866699,26.8656159774
1663,6076.89159493,0.0332450866699,26.8656159774
1664,6081.99822615,0.0332450866699,26.8627162027
1665,6102.42475101,0.0332260131836,26.8656159774
1666,6092.21148858,0.0332450866699,26.8685157603
1667,6092.21148858,0.0332260131836,26.8699656549
1668,6087.10485736,0.0332450866699,26.8670658679
1669,6081.99822615,0.0332260131836,26.8714155514
1670,6087.10485736,0.0332260131836,26.8699656549
1671,6081.99822615,0.0332450866699,26.8743153507
1672,6081.99822615,0.0332260131836,26.8728654501
1673,6092.21148858,0.0332069396973,26.8743153507
1674,6076.89159493,0.0332260131836,26.8757652535
1675,6081.99822615,0.0332260131836,26.8714155514
1676,6081.99822615,0.0332069396973,26.8757652535
1677,6107.53138222,0.0332069396973,26.881564885
1678,6092.21148858,0.0332069396973,26.8772151583
1679,6097.31811979,0.0331878662109,26.880114974
1680,6087.10485736,0.0332260131836,26.8757652535
1681,6092.21148858,0.0331687927246,26.881564885
1682,6107.53138222,0.0330924987793,26.8859146304
1683,6097.31811979,0.0331687927246,26.880114974
1684,6112.63801344,0.0331497192383,26.8830147981
1685,6102.42475101,0.033130645752,26.881564885
1686,6092.21148858,0.033130645752,26.881564885
1687,6102.42475101,0.033016204834,26.8859146304
1688,6081.99822615,0.033073425293,26.8859146304
1689,6097.31811979,0.0330543518066,26.881564885
1690,6102.42475101,0.033073425293,26.8873645496
1691,6107.53138222,0.032958984375,26.888814471
1692,6097.31811979,0.032958984375,26.8873645496
1693,6107.53138222,0.0328826904297,26.8902643944
1694,6102.42475101,0.0329780578613,26.888814471
1695,6112.63801344,0.032901763916,26.8902643944
1696,6107.53138222,0.0327682495117,26.89171432
1697,6107.53138222,0.0326919555664,26.8902643944
1698,6092.21148858,0.0323867797852,26.888814471
1699,6102.42475101,0.0323677062988,26.8931642476
1700,6112.63801344,0.0323486328125,26.8931642476
1701,6107.53138222,0.0323486328125,26.8902643944
1702,6112.63801344,0.0323486328125,26.8902643944
1703,6107.53138222,0.0323295593262,26.8902643944
1704,6102.42475101,0.0323104858398,26.888814471
1705,6097.31811979,0.0323295593262,26.89171432
1706,6112.63801344,0.0322914123535,26.89171432
1707,6107.53138222,0.0323104858398,26.89171432
1708,6112.63801344,0.0323104858398,26.8902643944
1709,6112.63801344,0.0323104858398,26.89171432
1710,6097.31811979,0.0323295593262,26.888814471
1711,6107.53138222,0.0322532653809,26.8931642476
1712,6107.53138222,0.0322914123535,26.8902643944
1713,6097.31811979,0.0322723388672,26.8931642476
1714,6107.53138222,0.0322914123535,26.8931642476
1715,6112.63801344,0.0322341918945,26.8931642476
1716,6107.53138222,0.0323295593262,26.888814471
1717,6107.53138222,0.0323104858398,26.8902643944
1718,6107.53138222,0.0322532653809,26.89171432
1719,6107.53138222,0.0321769714355,26.8931642476
1720,6112.63801344,0.0321578979492,26.8960641091
1721,6112.63801344,0.0321578979492,26.8931642476
1722,6112.63801344,0.0321006774902,26.8946141773
1723,6112.63801344,0.0322341918945,26.89171432
1724,6112.63801344,0.0322341918945,26.8902643944
1725,6112.63801344,0.0321578979492,26.8946141773
1726,6107.53138222,0.0321960449219,26.8902643944
1727,6112.63801344,0.0321769714355,26.8931642476
1728,6112.63801344,0.0320434570313,26.897514043
1729,6112.63801344,0.0320625305176,26.8989639789
1730,6107.53138222,0.0321197509766,26.8960641091
1731,6112.63801344,0.0320243835449,26.9018638572
1732,6112.63801344,0.0320816040039,26.8989639789
1733,6117.74464465,0.0320053100586,26.9018638572
1734,6107.53138222,0.0320625305176,26.897514043
1735,6112.63801344,0.0320434570313,26.904763744
1736,6112.63801344,0.0320243835449,26.9076636391
1737,6117.74464465,0.0320816040039,26.897514043
1738,6107.53138222,0.0321006774902,26.8960641091
1739,6122.85127587,0.0320243835449,26.904763744
1740,6107.53138222,0.0320816040039,26.8960641091
1741,6107.53138222,0.0320625305176,26.9033137995
1742,6112.63801344,0.0320816040039,26.900413917
1743,6112.63801344,0.0320434570313,26.9076636391
1744,6112.63801344,0.0320434570313,26.8989639789
1745,6107.53138222,0.0320434570313,26.8989639789
1746,6112.63801344,0.0320434570313,26.8989639789
1747,6117.74464465,0.0319862365723,26.9134634549
1748,6122.85127587,0.0319671630859,26.9120134978
1749,6112.63801344,0.031909942627,26.9105635428
1750,6122.85127587,0.0320243835449,26.9033137995
1751,6117.74464465,0.0319480895996,26.9091135899
1752,6112.63801344,0.0320243835449,26.9018638572
1753,6117.74464465,0.031852722168,26.9163633756
1754,6133.0645383,0.0319671630859,26.9105635428
1755,6112.63801344,0.0319862365723,26.9062136905
1756,6117.74464465,0.0318145751953,26.925063189
1757,6122.85127587,0.0319480895996,26.9134634549
1758,6112.63801344,0.0319290161133,26.9120134978
1759,6112.63801344,0.0319290161133,26.9149134142
1760,6112.63801344,0.031852722168,26.9134634549
1761,6112.63801344,0.0318717956543,26.9134634549
1762,6117.74464465,0.0318908691406,26.9149134142
1763,6112.63801344,0.0318336486816,26.9163633756
1764,6122.85127587,0.0317192077637,26.925063189
1765,6127.95790708,0.0317192077637,26.925063189
1766,6122.85127587,0.0317192077637,26.927963144
1767,6112.63801344,0.0317764282227,26.9221632426
1768,6112.63801344,0.031795501709,26.925063189
1769,6112.63801344,0.03173828125,26.9265131654
1770,6117.74464465,0.031681060791,26.9308631076
1771,6112.63801344,0.03173828125,26.925063189
1772,6138.17116951,0.0316619873047,26.9308631076
1773,6112.63801344,0.03173828125,26.925063189
1774,6127.95790708,0.0315856933594,26.9352130692
1775,6122.85127587,0.0317001342773,26.9265131654
1776,6112.63801344,0.0316619873047,26.9308631076
1777,6112.63801344,0.0317001342773,26.927963144
1778,6148.38443194,0.0315093994141,26.9352130692
1779,6133.0645383,0.0314903259277,26.9337630798
1780,6112.63801344,0.031623840332,26.9308631076
1781,6112.63801344,0.0316619873047,26.9308631076
1782,6143.27780073,0.0316619873047,26.9294131247
1783,6138.17116951,0.0314331054688,26.9366630608
1784,6143.27780073,0.0314521789551,26.9381130545
1785,6153.49106316,0.0315856933594,26.9395630504
1786,6153.49106316,0.0314903259277,26.9395630504
1787,6112.63801344,0.0315856933594,26.9337630798
1788,6122.85127587,0.0316429138184,26.9323130926
1789,6122.85127587,0.0314331054688,26.9395630504
1790,6148.38443194,0.031566619873,26.9352130692
1791,6127.95790708,0.031623840332,26.9352130692
1792,6133.0645383,0.0313568115234,26.9453630559
1793,6168.81095681,0.0314712524414,26.9453630559
1794,6158.59769438,0.0314521789551,26.9424630488
1795,6112.63801344,0.0314521789551,26.9395630504
1796,6112.63801344,0.0315284729004,26.9381130545
1797,6112.63801344,0.0314903259277,26.9381130545
1798,6143.27780073,0.0312995910645,26.952613112
1799,6153.49106316,0.0312805175781,26.9511630964
1800,6122.85127587,0.0314521789551,26.9366630608
1801,6153.49106316,0.0312614440918,26.952613112
1802,6143.27780073,0.0314521789551,26.9424630488
1803,6163.70432559,0.0313758850098,26.9453630559
1804,6117.74464465,0.0312995910645,26.9511630964
1805,6117.74464465,0.0314140319824,26.9395630504
1806,6122.85127587,0.0313758850098,26.9439130512
1807,6168.81095681,0.0312232971191,26.9555131499
1808,6133.0645383,0.0314140319824,26.9424630488
1809,6173.91758802,0.0312423706055,26.9540631298
1810,6153.49106316,0.0311851501465,26.9569631721
1811,6148.38443194,0.0311470031738,26.9555131499
1812,6179.02421924,0.0311851501465,26.9569631721
1813,6158.59769438,0.0313568115234,26.9482630717
1814,6122.85127587,0.0312423706055,26.952613112
1815,6148.38443194,0.0312423706055,26.9482630717
1816,6163.70432559,0.0311470031738,26.9555131499
1817,6143.27780073,0.0313377380371,26.9453630559
1818,6127.95790708,0.0311851501465,26.9540631298
1819,6122.85127587,0.0312423706055,26.9511630964
1820,6143.27780073,0.0311851501465,26.9540631298
1821,6173.91758802,0.0311660766602,26.9555131499
1822,6122.85127587,0.0312232971191,26.9497130829
1823,6189.23748167,0.0311279296875,26.9569631721
1824,6168.81095681,0.0311470031738,26.9540631298
1825,6168.81095681,0.0311279296875,26.9584131966
1826,6127.95790708,0.0311851501465,26.9569631721
1827,6173.91758802,0.0311279296875,26.9584131966
1828,6163.70432559,0.0311470031738,26.9569631721
1829,6184.13085045,0.0311279296875,26.9584131966
1830,6179.02421924,0.0311279296875,26.9555131499
1831,6184.13085045,0.0311088562012,26.9584131966
1832,6189.23748167,0.0311088562012,26.9569631721
1833,6184.13085045,0.0310707092285,26.9584131966
1834,6189.23748167,0.0310897827148,26.9584131966
1835,6148.38443194,0.0311279296875,26.9569631721
1836,6184.13085045,0.0311279296875,26.9569631721
1837,6153.49106316,0.0311279296875,26.9569631721
1838,6189.23748167,0.0310897827148,26.9598632232
1839,6143.27780073,0.0311088562012,26.9598632232
1840,6184.13085045,0.0311279296875,26.9584131966
1841,6184.13085045,0.0310325622559,26.9627632833
1842,6143.27780073,0.0310897827148,26.9584131966
1843,6148.38443194,0.0310707092285,26.9569631721
1844,6148.38443194,0.0311088562012,26.9569631721
1845,6189.23748167,0.0310134887695,26.9613132521
1846,6153.49106316,0.0311279296875,26.9569631721
1847,6189.23748167,0.0310897827148,26.9613132521
1848,6173.91758802,0.0309562683105,26.9598632232
1849,6153.49106316,0.0311279296875,26.9584131966
1850,6184.13085045,0.0309181213379,26.9642133166
1851,6173.91758802,0.0309562683105,26.9627632833
1852,6168.81095681,0.0309944152832,26.9598632232
1853,6189.23748167,0.0308799743652,26.96856343
1854,6194.34411288,0.0308799743652,26.96711339
1855,6194.34411288,0.0309753417969,26.96856343
1856,6173.91758802,0.0310516357422,26.9598632232
1857,6199.4507441,0.0308418273926,26.96856343
1858,6199.4507441,0.0309181213379,26.9714635168
1859,6189.23748167,0.0309753417969,26.9642133166
1860,6184.13085045,0.0308227539063,26.9714635168
1861,6199.4507441,0.0309562683105,26.9729135635
1862,6179.02421924,0.0308990478516,26.9656633522
1863,6189.23748167,0.0308227539063,26.9714635168
1864,6214.77063774,0.0308418273926,26.9743636125
1865,6184.13085045,0.0309181213379,26.9627632833
1866,6204.55737531,0.0308609008789,26.9758136638
1867,6189.23748167,0.0307846069336,26.9772637172
1868,6199.4507441,0.0308227539063,26.9772637172
1869,6204.55737531,0.0308227539063,26.9743636125
1870,6184.13085045,0.0308799743652,26.9613132521
1871,6189.23748167,0.0308036804199,26.9772637172
1872,6189.23748167,0.0308609008789,26.9700134723
1873,6189.23748167,0.0308036804199,26.9729135635
1874,6189.23748167,0.0308418273926,26.96856343
