"Latest: Time (s)","Latest: Oxygen Gas (ppm)","Latest: Current (A)","Latest: Temperature (Â°C)"
0,4207.86457013,-0.000553131103516,24.9626185779
1,4228.29109499,-0.000572204589844,24.9626185779
2,4223.18446377,-0.000553131103516,24.9582697259
3,4228.29109499,-0.000572204589844,24.953920859
4,4238.50435742,-0.000553131103516,24.9524712335
5,4243.61098863,-0.000553131103516,24.9481223468
6,4243.61098863,-0.000572204589844,24.9481223468
7,4253.82425106,-0.000572204589844,24.9466727146
8,4258.93088228,-0.000572204589844,24.9437734452
9,4258.93088228,-0.000553131103516,24.942323808
10,4258.93088228,-0.000553131103516,24.9437734452
11,4264.03751349,-0.000572204589844,24.9379748864
12,4269.14414471,-0.000553131103516,24.9394245286
13,4279.35740714,-0.000572204589844,24.9379748864
14,4279.35740714,-0.000572204589844,24.9350755969
15,4279.35740714,-0.000553131103516,24.93072665
16,4289.57066957,-0.000553131103516,24.9292769977
17,4299.783932,-0.000572204589844,24.9234783713
18,4299.783932,-0.000553131103516,24.9205790478
19,4309.99719443,-0.000572204589844,24.9191293835
20,4315.10382565,-0.000572204589844,24.9147803804
21,4320.21045686,-0.000572204589844,24.9147803804
22,4325.31708808,-0.000553131103516,24.9089816853
23,4330.42371929,-0.000572204589844,24.9060823273
24,4335.53035051,-0.000572204589844,24.9046326458
25,4330.42371929,-0.000553131103516,24.8988339019
26,4335.53035051,-0.000553131103516,24.8973842116
27,4335.53035051,-0.000572204589844,24.8915854326
28,4340.63698172,-0.000553131103516,24.8886860325
29,4345.74361294,-0.000553131103516,24.8828872109
30,4350.85024415,-0.000553131103516,24.8799877894
31,4350.85024415,-0.000572204589844,24.8756386437
32,4350.85024415,-0.000572204589844,24.8712894818
33,4355.95687537,-0.000572204589844,24.8727392043
34,4355.95687537,-0.000572204589844,24.8669403036
35,4366.1701378,-0.000572204589844,24.8654905739
36,4376.38340023,-0.000553131103516,24.8596916368
37,4376.38340023,-0.000572204589844,24.8596916368
38,4386.59666266,-0.000572204589844,24.8567921573
39,4391.70329388,-0.000572204589844,24.8524429242
40,4391.70329388,-0.000553131103516,24.8509931762
41,4401.91655631,-0.000572204589844,24.8495434263
42,4401.91655631,-0.000553131103516,24.8480936745
43,4412.12981874,-0.000572204589844,24.8466439209
44,4412.12981874,-0.000572204589844,24.8437444081
45,4422.34308117,-0.000572204589844,24.8408448878
46,4437.66297481,-0.000572204589844,24.8408448878
47,4437.66297481,-0.000553131103516,24.8350458248
48,4442.76960603,-0.000572204589844,24.8321462821
49,4437.66297481,-0.000572204589844,24.8277969538
50,4442.76960603,-0.000572204589844,24.8277969538
51,4452.98286846,-0.000553131103516,24.8205480353
52,4458.08949968,-0.000572204589844,24.8161986613
53,4463.19613089,-0.000591278076172,24.8161986613
54,4458.08949968,-0.000572204589844,24.8103994692
55,4468.30276211,-0.000553131103516,24.8074998615
56,4473.40939332,-0.000572204589844,24.8046002461
57,4473.40939332,-0.000572204589844,24.8031504355
58,4488.72928697,-0.000572204589844,24.801700623
59,4488.72928697,-0.000572204589844,24.7973511736
60,4483.62265575,-0.000572204589844,24.7959013533
61,4488.72928697,-0.000572204589844,24.7930017067
62,4493.83591818,-0.000572204589844,24.7886522221
63,4498.9425494,-0.000553131103516,24.7886522221
64,4493.83591818,-0.000572204589844,24.7828528817
65,4498.9425494,-0.000572204589844,24.7828528817
66,4504.04918061,-0.000572204589844,24.7828528817
67,4498.9425494,-0.000553131103516,24.7814030416
68,4504.04918061,-0.000553131103516,24.7785033555
69,4509.15581183,-0.000572204589844,24.7785033555
70,4504.04918061,-0.000572204589844,24.7727039595
71,4514.26244304,-0.000572204589844,24.7727039595
72,4524.47570548,-0.000553131103516,24.7698042494
73,4514.26244304,-0.000572204589844,24.7654546693
74,4524.47570548,-0.000572204589844,24.7654546693
75,4529.58233669,-0.000572204589844,24.7625549391
76,4534.68896791,-0.000553131103516,24.7596552008
77,4539.79559912,-0.000572204589844,24.7553055782
78,4539.79559912,-0.000553131103516,24.7567554544
79,4555.11549277,-0.000572204589844,24.7524058196
80,4550.00886155,-0.000553131103516,24.7480561663
81,4555.11549277,-0.000553131103516,24.7466062778
82,4555.11549277,-0.000553131103516,24.7451563873
83,4555.11549277,-0.000572204589844,24.7437064946
84,4570.43538641,-0.000572204589844,24.7393568044
85,4565.3287552,-0.000572204589844,24.7379069035
86,4570.43538641,-0.000572204589844,24.7350070955
87,4570.43538641,-0.000553131103516,24.7364570006
88,4570.43538641,-0.000553131103516,24.730657368
89,4565.3287552,-0.000572204589844,24.7292074547
90,4575.54201763,-0.000553131103516,24.7234077803
91,4575.54201763,-0.000553131103516,24.7219578565
92,4575.54201763,-0.000572204589844,24.7161581402
93,4570.43538641,-0.000572204589844,24.7190580026
94,4575.54201763,-0.000553131103516,24.7132582694
95,4580.64864884,-0.000553131103516,24.71035839
96,4580.64864884,-0.000553131103516,24.7060085551
97,4575.54201763,-0.000553131103516,24.7060085551
98,4575.54201763,-0.000572204589844,24.701658701
99,4575.54201763,-0.000572204589844,24.6987587875
100,4580.64864884,-0.000553131103516,24.6987587875
101,4580.64864884,-0.000572204589844,24.6958588655
102,4580.64864884,-0.000553131103516,24.6944089012
103,4580.64864884,-0.000553131103516,24.6900589955
104,4580.64864884,-0.000553131103516,24.6900589955
105,4590.86191127,-0.000553131103516,24.6886090226
106,4585.75528006,-0.000553131103516,24.6871590476
107,4590.86191127,-0.000553131103516,24.6871590476
108,4590.86191127,-0.000572204589844,24.6871590476
109,4590.86191127,-0.000553131103516,24.6828091093
110,4606.18180492,-0.000553131103516,24.6784591515
111,4606.18180492,-0.000572204589844,24.6784591515
112,4606.18180492,-0.000572204589844,24.6770091612
113,4616.39506735,-0.000572204589844,24.674109174
114,4616.39506735,-0.000572204589844,24.671209178
115,4611.28843614,-0.000572204589844,24.6697591767
116,4621.50169857,-0.000572204589844,24.6683091732
117,4631.714961,-0.000572204589844,24.6683091732
118,4636.82159221,-0.000572204589844,24.6639591494
119,4636.82159221,-0.000572204589844,24.6610591225
120,4647.03485464,-0.000553131103516,24.6610591225
121,4641.92822343,-0.000553131103516,24.6567090654
122,4647.03485464,-0.000572204589844,24.6552590419
123,4657.24811707,-0.000572204589844,24.6509089581
124,4652.14148586,-0.000553131103516,24.6509089581
125,4657.24811707,-0.000572204589844,24.648008891
126,4667.4613795,-0.000553131103516,24.6436587735
127,4662.35474829,-0.000553131103516,24.6422087298
128,4672.56801072,-0.000572204589844,24.6364085325
129,4682.78127315,-0.000553131103516,24.6349584775
130,4677.67464193,-0.000553131103516,24.6306082988
131,4687.88790437,-0.000572204589844,24.6320583607
132,4698.1011668,-0.000572204589844,24.6277081683
133,4703.20779801,-0.000572204589844,24.6248080287
134,4703.20779801,-0.000553131103516,24.6248080287
135,4703.20779801,-0.000553131103516,24.620457802
136,4708.31442923,-0.000572204589844,24.6175576394
137,4708.31442923,-0.000553131103516,24.6175576394
138,4708.31442923,-0.000572204589844,24.6161075546
139,4708.31442923,-0.000553131103516,24.6175576394
140,4718.52769166,-0.000572204589844,24.6117572864
141,4718.52769166,-0.000572204589844,24.6117572864
142,4723.63432287,-0.000553131103516,24.608857096
143,4728.74095409,-0.000572204589844,24.6059568964
144,4733.8475853,-0.000572204589844,24.604506793
145,4728.74095409,-0.000553131103516,24.604506793
146,4733.8475853,-0.000553131103516,24.6030566874
147,4733.8475853,-0.000553131103516,24.6016065794
148,4738.95421652,-0.000553131103516,24.5972562413
149,4733.8475853,-0.000553131103516,24.5987063564
150,4738.95421652,-0.000553131103516,24.595806124
151,4738.95421652,-0.000572204589844,24.595806124
152,4733.8475853,-0.000534057617188,24.5914557578
153,4744.06084773,-0.000572204589844,24.5929058822
154,4749.16747895,-0.000572204589844,24.5943560043
155,4744.06084773,-0.000572204589844,24.5885555018
156,4744.06084773,-0.000572204589844,24.5871053703
157,4744.06084773,-0.000572204589844,24.5856552364
158,4754.27411016,-0.000572204589844,24.5856552364
159,4754.27411016,-0.000591278076172,24.5813048206
160,4759.38074138,-0.000572204589844,24.5813048206
161,4754.27411016,-0.000572204589844,24.5784045315
162,4759.38074138,-0.000553131103516,24.5784045315
163,4754.27411016,-0.000572204589844,24.5755042328
164,4764.48737259,-0.000553131103516,24.5755042328
165,4764.48737259,-0.000572204589844,24.5740540799
166,4774.70063503,-0.000553131103516,24.5711537669
167,4769.59400381,-0.000553131103516,24.5711537669
168,4779.80726624,-0.000572204589844,24.5668032794
169,4774.70063503,-0.000534057617188,24.5653531121
170,4774.70063503,-0.000572204589844,24.5639029423
171,4779.80726624,-0.000572204589844,24.5639029423
172,4784.91389746,-0.000553131103516,24.5624527702
173,4784.91389746,-0.000572204589844,24.5595524187
174,4805.34042232,-0.000572204589844,24.5552018733
175,4790.02052867,-0.000572204589844,24.5552018733
176,4800.2337911,-0.000572204589844,24.5552018733
177,4810.44705353,-0.000572204589844,24.549401112
178,4805.34042232,-0.000572204589844,24.549401112
179,4810.44705353,-0.000553131103516,24.5465007167
180,4810.44705353,-0.000553131103516,24.5465007167
181,4820.66031596,-0.000572204589844,24.5392496857
182,4810.44705353,-0.000553131103516,24.5392496857
183,4815.55368475,-0.000553131103516,24.5392496857
184,4820.66031596,-0.000553131103516,24.5348990375
185,4820.66031596,-0.000553131103516,24.5348990375
186,4815.55368475,-0.000572204589844,24.5305483672
187,4815.55368475,-0.000553131103516,24.5276479079
188,4825.76694718,-0.000553131103516,24.5261976745
189,4825.76694718,-0.000572204589844,24.5232972003
190,4820.66031596,-0.000572204589844,24.5247474387
191,4820.66031596,-0.000553131103516,24.5189464703
192,4825.76694718,-0.000572204589844,24.517496222
193,4830.87357839,-0.000553131103516,24.5160459712
194,4835.98020961,-0.000572204589844,24.5116952036
195,4830.87357839,-0.000572204589844,24.5116952036
196,4835.98020961,-0.000553131103516,24.5116952036
197,4830.87357839,-0.000572204589844,24.5102449427
198,4835.98020961,-0.000572204589844,24.5073444134
199,4830.87357839,-0.000572204589844,24.504443874
200,4841.08684082,-0.000572204589844,24.505894145
201,4835.98020961,-0.000572204589844,24.5015433245
202,4841.08684082,-0.000572204589844,24.500093046
203,4846.19347204,-0.000572204589844,24.4986427649
204,4846.19347204,-0.000553131103516,24.4971924812
205,4846.19347204,-0.000553131103516,24.4971924812
206,4851.30010326,-0.000572204589844,24.495742195
207,4851.30010326,-0.000572204589844,24.492841615
208,4846.19347204,-0.000553131103516,24.4913913212
209,4856.40673447,-0.000553131103516,24.492841615
210,4861.51336569,-0.000572204589844,24.4884907259
211,4861.51336569,-0.000553131103516,24.4855901203
212,4866.6199969,-0.000572204589844,24.4884907259
213,4866.6199969,-0.000553131103516,24.4855901203
214,4876.83325933,-0.000572204589844,24.4855901203
215,4866.6199969,-0.000572204589844,24.4841398137
216,4871.72662812,-0.000572204589844,24.4855901203
217,4876.83325933,-0.000553131103516,24.4826895045
218,4876.83325933,-0.000553131103516,24.4841398137
219,4881.93989055,-0.000572204589844,24.4812391927
220,4881.93989055,-0.000572204589844,24.4797888784
221,4881.93989055,-0.000572204589844,24.4797888784
222,4887.04652176,-0.000553131103516,24.4797888784
223,4887.04652176,-0.000553131103516,24.4783385614
224,4892.15315298,-0.000572204589844,24.4768882419
225,4892.15315298,-0.000553131103516,24.4754379199
226,4892.15315298,-0.000572204589844,24.4739875952
227,4892.15315298,-0.000572204589844,24.4725372679
228,4892.15315298,-0.000553131103516,24.4710869381
229,4892.15315298,-0.000572204589844,24.4681862706
230,4892.15315298,-0.000553131103516,24.4696366056
231,4892.15315298,-0.000553131103516,24.4609345563
232,4897.25978419,-0.000572204589844,24.4638352498
233,4897.25978419,-0.000553131103516,24.4609345563
234,4897.25978419,-0.000572204589844,24.4580338523
235,4897.25978419,-0.000572204589844,24.4580338523
236,4892.15315298,-0.000572204589844,24.4522324128
237,4897.25978419,-0.000572204589844,24.4507820464
238,4892.15315298,-0.000572204589844,24.4493316773
239,4897.25978419,-0.000553131103516,24.4478813056
240,4897.25978419,-0.000553131103516,24.4449805542
241,4897.25978419,-0.000572204589844,24.4464309312
242,4897.25978419,-0.000572204589844,24.4464309312
243,4897.25978419,-0.000572204589844,24.4406294073
244,4902.36641541,-0.000572204589844,24.4406294073
245,4902.36641541,-0.000572204589844,24.4406294073
246,4897.25978419,-0.000572204589844,24.4406294073
247,4897.25978419,-0.000553131103516,24.4377286295
248,4907.47304662,-0.000572204589844,24.4377286295
249,4902.36641541,-0.000553131103516,24.4362782366
250,4897.25978419,-0.000572204589844,24.4362782366
251,4897.25978419,-0.000572204589844,24.434827841
252,4902.36641541,-0.000572204589844,24.4304766383
253,4902.36641541,-0.000572204589844,24.4304766383
254,4907.47304662,-0.000553131103516,24.4319270418
255,4907.47304662,-0.000553131103516,24.429026232
256,4902.36641541,-0.000572204589844,24.4275758231
257,4907.47304662,-0.000572204589844,24.4261254114
258,4902.36641541,-0.000572204589844,24.4246749971
259,4907.47304662,-0.000553131103516,24.4261254114
260,4907.47304662,-0.000572204589844,24.4203237381
261,4907.47304662,-0.000572204589844,24.4232245802
262,4912.57967784,-0.000572204589844,24.4203237381
263,4917.68630905,-0.000572204589844,24.4188733131
264,4917.68630905,-0.000553131103516,24.4188733131
265,4917.68630905,-0.000553131103516,24.4174228853
266,4917.68630905,-0.000534057617188,24.4159724548
267,4927.89957148,-0.000572204589844,24.4145220217
268,4922.79294027,-0.000572204589844,24.4130715858
269,4922.79294027,-0.000553131103516,24.4130715858
270,4922.79294027,-0.000572204589844,24.4130715858
271,4933.0062027,-0.000572204589844,24.4116211472
272,4927.89957148,-0.000553131103516,24.4145220217
273,4927.89957148,-0.000572204589844,24.410170706
274,4933.0062027,-0.000553131103516,24.4116211472
275,4943.21946513,-0.000572204589844,24.408720262
276,4933.0062027,-0.000553131103516,24.410170706
277,4938.11283392,-0.000572204589844,24.4058193658
278,4943.21946513,-0.000553131103516,24.4058193658
279,4948.32609635,-0.000553131103516,24.408720262
280,4943.21946513,-0.000553131103516,24.4043689136
281,4943.21946513,-0.000572204589844,24.4029184587
282,4948.32609635,-0.000572204589844,24.4029184587
283,4953.43272756,-0.000553131103516,24.4043689136
284,4953.43272756,-0.000553131103516,24.4029184587
285,4953.43272756,-0.000572204589844,24.4000175408
286,4958.53935878,-0.000572204589844,24.3985670777
287,4958.53935878,-0.000553131103516,24.3985670777
288,4958.53935878,-0.000572204589844,24.3971166119
289,4958.53935878,-0.000572204589844,24.3971166119
290,4958.53935878,-0.000553131103516,24.392765198
291,4963.64598999,-0.000572204589844,24.3956661433
292,4968.75262121,-0.000591278076172,24.394215672
293,4968.75262121,-0.000572204589844,24.394215672
294,4968.75262121,-0.000572204589844,24.3898642416
295,4973.85925242,-0.000572204589844,24.3913147212
296,4973.85925242,-0.000591278076172,24.3898642416
297,4978.96588364,-0.000572204589844,24.3898642416
298,4978.96588364,-0.000553131103516,24.3898642416
299,4973.85925242,-0.000572204589844,24.3869632742
300,4978.96588364,-0.000572204589844,24.3840622958
301,4973.85925242,-0.000553131103516,24.3840622958
302,4978.96588364,-0.000572204589844,24.3826118025
303,4978.96588364,-0.000572204589844,24.3840622958
304,4984.07251485,-0.000572204589844,24.3840622958
305,4984.07251485,-0.000572204589844,24.3840622958
306,4978.96588364,-0.000553131103516,24.3797108075
307,4984.07251485,-0.000572204589844,24.3826118025
308,4984.07251485,-0.000572204589844,24.3811613064
309,4984.07251485,-0.000572204589844,24.3782603058
310,4984.07251485,-0.000572204589844,24.3753592941
311,4984.07251485,-0.000572204589844,24.3768098014
312,4984.07251485,-0.000572204589844,24.3768098014
313,4989.17914607,-0.000572204589844,24.3724582713
314,4994.28577728,-0.000572204589844,24.3724582713
315,4994.28577728,-0.000572204589844,24.3710077557
316,4984.07251485,-0.000572204589844,24.3710077557
317,4994.28577728,-0.000572204589844,24.3695572374
318,4999.3924085,-0.000572204589844,24.3681067162
319,4994.28577728,-0.000572204589844,24.3710077557
320,4994.28577728,-0.000572204589844,24.3695572374
321,4999.3924085,-0.000553131103516,24.3681067162
322,5004.49903971,-0.000572204589844,24.3666561922
323,4999.3924085,-0.000553131103516,24.3623046035
324,4994.28577728,-0.000572204589844,24.3608540684
325,5004.49903971,-0.000572204589844,24.3623046035
326,5009.60567093,-0.000572204589844,24.3608540684
327,5004.49903971,-0.000553131103516,24.3623046035
328,5009.60567093,-0.000591278076172,24.3594035304
329,5014.71230215,-0.000572204589844,24.3565024459
330,5019.81893336,-0.000572204589844,24.3550518995
331,5009.60567093,-0.000572204589844,24.3521507981
332,5024.92556458,-0.000572204589844,24.3492496854
333,5019.81893336,-0.000553131103516,24.3565024459
334,5019.81893336,-0.000553131103516,24.3507002432
335,5014.71230215,-0.000572204589844,24.3477991248
336,5035.13882701,-0.000553131103516,24.3492496854
337,5024.92556458,-0.000572204589844,24.3405462793
338,5024.92556458,-0.000572204589844,24.343447426
339,5035.13882701,-0.000572204589844,24.3463485614
340,5024.92556458,-0.000572204589844,24.343447426
341,5035.13882701,-0.000572204589844,24.3419968541
342,5035.13882701,-0.000572204589844,24.3405462793
343,5035.13882701,-0.000572204589844,24.3361945377
344,5045.35208944,-0.000572204589844,24.3390957016
345,5040.24545822,-0.000572204589844,24.3376451211
346,5050.45872065,-0.000553131103516,24.3361945377
347,5055.56535187,-0.000553131103516,24.3332933624
348,5060.67198308,-0.000553131103516,24.3332933624
349,5050.45872065,-0.000553131103516,24.3318427705
350,5060.67198308,-0.000553131103516,24.3289415779
351,5055.56535187,-0.000572204589844,24.3318427705
352,5055.56535187,-0.000534057617188,24.3332933624
353,5055.56535187,-0.000553131103516,24.3274909774
354,5060.67198308,-0.000572204589844,24.3289415779
355,5055.56535187,-0.000591278076172,24.3289415779
356,5065.7786143,-0.000572204589844,24.3260403739
357,5070.88524551,-0.000572204589844,24.3274909774
358,5060.67198308,-0.000572204589844,24.3245897676
359,5065.7786143,-0.000572204589844,24.3260403739
360,5075.99187673,-0.000572204589844,24.3245897676
361,5065.7786143,-0.000572204589844,24.3245897676
362,5065.7786143,-0.000553131103516,24.3231391584
363,5070.88524551,-0.000572204589844,24.3245897676
364,5086.20513916,-0.000572204589844,24.3231391584
365,5081.09850794,-0.000591278076172,24.3216885463
366,5081.09850794,-0.000572204589844,24.3216885463
367,5086.20513916,-0.000572204589844,24.3173366926
368,5081.09850794,-0.000572204589844,24.3216885463
369,5086.20513916,-0.000572204589844,24.3202379313
370,5086.20513916,-0.000572204589844,24.3202379313
371,5091.31177037,-0.000553131103516,24.315886069
372,5086.20513916,-0.000572204589844,24.3173366926
373,5101.52503281,-0.000572204589844,24.3173366926
374,5086.20513916,-0.000572204589844,24.3129848129
375,5096.41840159,-0.000553131103516,24.3129848129
376,5096.41840159,-0.000572204589844,24.3115341805
377,5101.52503281,-0.000572204589844,24.3129848129
378,5106.63166402,-0.000572204589844,24.3129848129
379,5101.52503281,-0.000572204589844,24.3115341805
380,5101.52503281,-0.000572204589844,24.3100835452
381,5101.52503281,-0.000572204589844,24.3100835452
382,5111.73829524,-0.000572204589844,24.308632907
383,5116.84492645,-0.000553131103516,24.3071822659
384,5111.73829524,-0.000572204589844,24.308632907
385,5116.84492645,-0.000572204589844,24.3057316219
386,5106.63166402,-0.000572204589844,24.3057316219
387,5116.84492645,-0.000591278076172,24.3028303251
388,5106.63166402,-0.000553131103516,24.3028303251
389,5111.73829524,-0.000572204589844,24.3013796723
390,5111.73829524,-0.000553131103516,24.3013796723
391,5111.73829524,-0.000572204589844,24.2970276963
392,5121.95155767,-0.000553131103516,24.3013796723
393,5132.1648201,-0.000572204589844,24.2970276963
394,5121.95155767,-0.000572204589844,24.2999290165
395,5121.95155767,-0.000572204589844,24.2970276963
396,5121.95155767,-0.000572204589844,24.2984783579
397,5127.05818888,-0.000572204589844,24.2970276963
398,5132.1648201,-0.000572204589844,24.2955770317
399,5132.1648201,-0.000553131103516,24.2941263643
400,5127.05818888,-0.000572204589844,24.2926756939
401,5132.1648201,-0.000572204589844,24.2926756939
402,5137.27145131,-0.000572204589844,24.2897743442
403,5132.1648201,-0.000553131103516,24.2897743442
404,5127.05818888,-0.000572204589844,24.2883236649
405,5132.1648201,-0.000572204589844,24.2868729827
406,5137.27145131,-0.000572204589844,24.2868729827
407,5137.27145131,-0.000553131103516,24.2839716094
408,5127.05818888,-0.000572204589844,24.2796195272
409,5142.37808253,-0.000572204589844,24.2825209183
410,5142.37808253,-0.000572204589844,24.2781688272
411,5137.27145131,-0.000572204589844,24.2796195272
412,5137.27145131,-0.000572204589844,24.2767181242
413,5142.37808253,-0.000591278076172,24.2752674182
414,5142.37808253,-0.000572204589844,24.2796195272
415,5137.27145131,-0.000553131103516,24.2752674182
416,5137.27145131,-0.000572204589844,24.2738167093
417,5137.27145131,-0.000572204589844,24.2767181242
418,5137.27145131,-0.000572204589844,24.2680138437
419,5137.27145131,-0.000553131103516,24.2723659974
420,5142.37808253,-0.000572204589844,24.2680138437
421,5137.27145131,-0.000572204589844,24.2694645646
422,5137.27145131,-0.000553131103516,24.2665631198
423,5142.37808253,-0.000591278076172,24.2665631198
424,5142.37808253,-0.000572204589844,24.2665631198
425,5137.27145131,-0.000572204589844,24.2651123929
426,5142.37808253,-0.000553131103516,24.263661663
427,5137.27145131,-0.000572204589844,24.2622109302
428,5137.27145131,-0.000572204589844,24.2607601943
429,5142.37808253,-0.000553131103516,24.2622109302
430,5137.27145131,-0.000572204589844,24.2593094554
431,5147.48471374,-0.000572204589844,24.2578587135
432,5137.27145131,-0.000572204589844,24.2564079685
433,5142.37808253,-0.000572204589844,24.2578587135
434,5142.37808253,-0.000591278076172,24.2593094554
435,5142.37808253,-0.000553131103516,24.2549572206
436,5142.37808253,-0.000572204589844,24.2535064696
437,5142.37808253,-0.000553131103516,24.2535064696
438,5142.37808253,-0.000572204589844,24.2535064696
439,5142.37808253,-0.000572204589844,24.2535064696
440,5142.37808253,-0.000553131103516,24.2520557157
441,5142.37808253,-0.000572204589844,24.2491541986
442,5142.37808253,-0.000572204589844,24.2477034355
443,5142.37808253,-0.000572204589844,24.2477034355
444,5142.37808253,-0.000572204589844,24.2491541986
445,5142.37808253,-0.000591278076172,24.2477034355
446,5142.37808253,-0.000572204589844,24.2491541986
447,5142.37808253,-0.000572204589844,24.2462526694
448,5147.48471374,-0.000572204589844,24.2462526694
449,5147.48471374,-0.000572204589844,24.2462526694
450,5142.37808253,-0.000572204589844,24.2448019003
451,5147.48471374,-0.000572204589844,24.2419003529
452,5142.37808253,-0.000572204589844,24.2404495746
453,5147.48471374,-0.000572204589844,24.2404495746
454,5147.48471374,-0.000572204589844,24.2389987933
455,5152.59134496,-0.000572204589844,24.2389987933
456,5147.48471374,-0.000572204589844,24.2360972215
457,5147.48471374,-0.000572204589844,24.2360972215
458,5147.48471374,-0.000572204589844,24.2360972215
459,5157.69797617,-0.000553131103516,24.2317448408
460,5157.69797617,-0.000572204589844,24.2331956374
461,5152.59134496,-0.000572204589844,24.2331956374
462,5147.48471374,-0.000572204589844,24.2317448408
463,5152.59134496,-0.000572204589844,24.2302940411
464,5152.59134496,-0.000572204589844,24.2302940411
465,5147.48471374,-0.000572204589844,24.2288432384
466,5147.48471374,-0.000572204589844,24.2288432384
467,5152.59134496,-0.000572204589844,24.2259416237
468,5157.69797617,-0.000572204589844,24.2273924326
469,5157.69797617,-0.000572204589844,24.2259416237
470,5152.59134496,-0.000572204589844,24.2230399966
471,5152.59134496,-0.000572204589844,24.2215891785
472,5152.59134496,-0.000572204589844,24.2230399966
473,5157.69797617,-0.000572204589844,24.2215891785
474,5162.80460739,-0.000572204589844,24.2230399966
475,5162.80460739,-0.000572204589844,24.2244908117
476,5157.69797617,-0.000572204589844,24.2201383573
477,5157.69797617,-0.000572204589844,24.2201383573
478,5162.80460739,-0.000572204589844,24.2172367056
479,5162.80460739,-0.000572204589844,24.2201383573
480,5162.80460739,-0.000572204589844,24.2157858751
481,5167.9112386,-0.000572204589844,24.2172367056
482,5167.9112386,-0.000572204589844,24.2172367056
483,5162.80460739,-0.000572204589844,24.2143350415
484,5157.69797617,-0.000553131103516,24.2143350415
485,5157.69797617,-0.000572204589844,24.2128842048
486,5162.80460739,-0.000572204589844,24.2128842048
487,5162.80460739,-0.000553131103516,24.211433365
488,5173.01786982,-0.000572204589844,24.2128842048
489,5167.9112386,-0.000572204589844,24.211433365
490,5173.01786982,-0.000553131103516,24.211433365
491,5167.9112386,-0.000553131103516,24.2128842048
492,5167.9112386,-0.000572204589844,24.211433365
493,5173.01786982,-0.000572204589844,24.2099825221
494,5183.23113225,-0.000572204589844,24.2085316761
495,5173.01786982,-0.000572204589844,24.2099825221
496,5173.01786982,-0.000572204589844,24.2099825221
497,5178.12450104,-0.000572204589844,24.2085316761
498,5183.23113225,-0.000572204589844,24.207080827
499,5183.23113225,-0.000572204589844,24.2085316761
500,5183.23113225,-0.000572204589844,24.2085316761
501,5178.12450104,-0.000572204589844,24.207080827
502,5178.12450104,-0.000572204589844,24.207080827
503,5183.23113225,-0.000572204589844,24.2056299747
504,5178.12450104,-0.000572204589844,24.2056299747
505,5188.33776347,-0.000591278076172,24.2041791194
506,5193.44439468,-0.000572204589844,24.2056299747
507,5188.33776347,-0.000572204589844,24.2041791194
508,5183.23113225,-0.000572204589844,24.2027282609
509,5188.33776347,-0.000572204589844,24.2027282609
510,5188.33776347,-0.000572204589844,24.2027282609
511,5193.44439468,-0.000572204589844,24.2041791194
512,5188.33776347,-0.000572204589844,24.2012773993
513,5183.23113225,-0.000572204589844,24.2027282609
514,5198.5510259,-0.000572204589844,24.1983756667
515,5193.44439468,-0.000572204589844,24.1998265345
516,5193.44439468,-0.000572204589844,24.1983756667
517,5193.44439468,-0.000572204589844,24.1969247957
518,5198.5510259,-0.000572204589844,24.1940230443
519,5198.5510259,-0.000553131103516,24.1954739216
520,5198.5510259,-0.000572204589844,24.1969247957
521,5193.44439468,-0.000572204589844,24.1925721639
522,5203.65765711,-0.000553131103516,24.1954739216
523,5208.76428833,-0.000572204589844,24.1911212804
524,5198.5510259,-0.000572204589844,24.1925721639
525,5203.65765711,-0.000572204589844,24.1911212804
526,5198.5510259,-0.000572204589844,24.1911212804
527,5193.44439468,-0.000591278076172,24.1896703937
528,5203.65765711,-0.000572204589844,24.1896703937
529,5203.65765711,-0.000572204589844,24.1896703937
530,5203.65765711,-0.000572204589844,24.1882195038
531,5198.5510259,-0.000572204589844,24.1867686108
532,5208.76428833,-0.000572204589844,24.1867686108
533,5208.76428833,-0.000572204589844,24.1867686108
534,5208.76428833,-0.000572204589844,24.1853177147
535,5208.76428833,-0.000572204589844,24.1853177147
536,5208.76428833,-0.000572204589844,24.1824159129
537,5213.87091954,-0.000572204589844,24.1824159129
538,5208.76428833,-0.000572204589844,24.1809650073
539,5203.65765711,-0.000572204589844,24.1795140985
540,5213.87091954,-0.000572204589844,24.1795140985
541,5208.76428833,-0.000572204589844,24.1809650073
542,5213.87091954,-0.000572204589844,24.1795140985
543,5218.97755076,-0.000591278076172,24.1766122714
544,5208.76428833,-0.000572204589844,24.175161353
545,5208.76428833,-0.000572204589844,24.175161353
546,5218.97755076,-0.000572204589844,24.1737104315
547,5208.76428833,-0.000572204589844,24.1766122714
548,5213.87091954,-0.000572204589844,24.1737104315
549,5213.87091954,-0.000572204589844,24.1737104315
550,5218.97755076,-0.000572204589844,24.170808579
551,5224.08418197,-0.000572204589844,24.169357648
552,5218.97755076,-0.000572204589844,24.169357648
553,5218.97755076,-0.000572204589844,24.1722595069
554,5213.87091954,-0.000572204589844,24.170808579
555,5224.08418197,-0.000553131103516,24.1679067137
556,5218.97755076,-0.000591278076172,24.1679067137
557,5213.87091954,-0.000572204589844,24.1650048357
558,5213.87091954,-0.000591278076172,24.1650048357
559,5213.87091954,-0.000572204589844,24.1621029449
560,5218.97755076,-0.000572204589844,24.1606519946
561,5218.97755076,-0.000572204589844,24.1577500846
562,5224.08418197,-0.000572204589844,24.1606519946
563,5224.08418197,-0.000572204589844,24.1577500846
564,5218.97755076,-0.000572204589844,24.1548481616
565,5224.08418197,-0.000553131103516,24.1577500846
566,5224.08418197,-0.000572204589844,24.1548481616
567,5218.97755076,-0.000572204589844,24.1562991247
568,5229.19081319,-0.000572204589844,24.1548481616
569,5224.08418197,-0.000572204589844,24.1548481616
570,5224.08418197,-0.000553131103516,24.1519462258
571,5224.08418197,-0.000553131103516,24.1504952531
572,5224.08418197,-0.000572204589844,24.1504952531
573,5229.19081319,-0.000591278076172,24.1533971954
574,5218.97755076,-0.000572204589844,24.1446913299
575,5229.19081319,-0.000553131103516,24.147593298
576,5229.19081319,-0.000572204589844,24.147593298
577,5224.08418197,-0.000572204589844,24.1490442772
578,5229.19081319,-0.000572204589844,24.1461423156
579,5224.08418197,-0.000553131103516,24.1461423156
580,5229.19081319,-0.000572204589844,24.1461423156
581,5229.19081319,-0.000572204589844,24.1446913299
582,5224.08418197,-0.000572204589844,24.1446913299
583,5229.19081319,-0.000572204589844,24.1446913299
584,5229.19081319,-0.000572204589844,24.1446913299
585,5224.08418197,-0.000572204589844,24.143240341
586,5229.19081319,-0.000572204589844,24.1417893489
587,5229.19081319,-0.000572204589844,24.143240341
588,5234.2974444,-0.000553131103516,24.137436353
589,5229.19081319,-0.000572204589844,24.1388873549
590,5229.19081319,-0.000572204589844,24.1388873549
591,5229.19081319,-0.000572204589844,24.1388873549
592,5239.40407562,-0.000553131103516,24.137436353
593,5234.2974444,-0.000572204589844,24.1359853479
594,5229.19081319,-0.000553131103516,24.1388873549
595,5234.2974444,-0.000572204589844,24.137436353
596,5234.2974444,-0.000572204589844,24.1359853479
597,5234.2974444,-0.000572204589844,24.1359853479
598,5234.2974444,-0.000572204589844,24.1345343395
599,5239.40407562,-0.000572204589844,24.1330833279
600,5229.19081319,-0.000572204589844,24.1330833279
601,5234.2974444,-0.000572204589844,24.1345343395
602,5239.40407562,-0.000591278076172,24.131632313
603,5239.40407562,-0.000572204589844,24.1330833279
604,5229.19081319,-0.000572204589844,24.1301812948
605,5234.2974444,-0.000572204589844,24.1287302734
606,5229.19081319,-0.000572204589844,24.1258282207
607,5244.51070683,-0.000572204589844,24.1301812948
608,5239.40407562,-0.000572204589844,24.1287302734
609,5239.40407562,-0.000572204589844,24.1258282207
610,5239.40407562,-0.000572204589844,24.1258282207
611,5239.40407562,-0.000572204589844,24.1258282207
612,5239.40407562,-0.000572204589844,24.1258282207
613,5239.40407562,-0.000572204589844,24.1272792487
614,5239.40407562,-0.000553131103516,24.1243771894
615,5234.2974444,-0.000572204589844,24.1258282207
616,5244.51070683,-0.000572204589844,24.1229261549
617,5239.40407562,-0.000572204589844,24.1243771894
618,5234.2974444,-0.000553131103516,24.1243771894
619,5239.40407562,-0.000572204589844,24.1214751171
620,5244.51070683,-0.000572204589844,24.1229261549
621,5244.51070683,-0.000572204589844,24.1185730316
622,5239.40407562,-0.000572204589844,24.1214751171
623,5244.51070683,-0.000572204589844,24.120024076
624,5244.51070683,-0.000572204589844,24.1214751171
625,5249.61733805,-0.000572204589844,24.120024076
626,5239.40407562,-0.000572204589844,24.1185730316
627,5249.61733805,-0.000572204589844,24.1214751171
628,5244.51070683,-0.000572204589844,24.117121984
629,5244.51070683,-0.000572204589844,24.1185730316
630,5249.61733805,-0.000572204589844,24.1185730316
631,5249.61733805,-0.000572204589844,24.1185730316
632,5249.61733805,-0.000572204589844,24.1185730316
633,5239.40407562,-0.000572204589844,24.120024076
634,5254.72396926,-0.000591278076172,24.117121984
635,5254.72396926,-0.000572204589844,24.1185730316
636,5249.61733805,-0.000572204589844,24.115670933
637,5254.72396926,-0.000572204589844,24.117121984
638,5244.51070683,-0.000553131103516,24.115670933
639,5244.51070683,-0.000572204589844,24.115670933
640,5254.72396926,-0.000572204589844,24.115670933
641,5244.51070683,-0.000572204589844,24.117121984
642,5249.61733805,-0.000572204589844,24.117121984
643,5254.72396926,-0.000572204589844,24.115670933
644,5249.61733805,-0.000572204589844,24.115670933
645,5249.61733805,-0.000591278076172,24.1127688212
646,5249.61733805,-0.000572204589844,24.1142198787
647,5254.72396926,-0.000572204589844,24.1113177603
648,5249.61733805,-0.000572204589844,24.1142198787
649,5259.83060048,-0.000572204589844,24.1127688212
650,5249.61733805,-0.000572204589844,24.1127688212
651,5249.61733805,-0.000591278076172,24.1127688212
652,5254.72396926,-0.000572204589844,24.1098666962
653,5254.72396926,-0.000572204589844,24.1127688212
654,5259.83060048,-0.000572204589844,24.1098666962
655,5254.72396926,-0.000591278076172,24.1098666962
656,5254.72396926,-0.000572204589844,24.1069645579
657,5259.83060048,-0.000572204589844,24.1055134838
658,5259.83060048,-0.000553131103516,24.1069645579
659,5259.83060048,-0.000572204589844,24.1055134838
660,5254.72396926,-0.000572204589844,24.1098666962
661,5259.83060048,-0.000572204589844,24.1055134838
662,5264.9372317,-0.000572204589844,24.1055134838
663,5259.83060048,-0.000591278076172,24.1040624064
664,5264.9372317,-0.000553131103516,24.1026113257
665,5259.83060048,-0.000591278076172,24.1040624064
666,5254.72396926,-0.000572204589844,24.1040624064
667,5254.72396926,-0.000572204589844,24.0997091543
668,5264.9372317,-0.000572204589844,24.0997091543
669,5270.04386291,-0.000591278076172,24.0997091543
670,5254.72396926,-0.000572204589844,24.1011602416
671,5254.72396926,-0.000553131103516,24.0982580636
672,5264.9372317,-0.000591278076172,24.0953558722
673,5264.9372317,-0.000572204589844,24.0968069695
674,5264.9372317,-0.000572204589844,24.0968069695
675,5264.9372317,-0.000572204589844,24.0939047715
676,5275.15049413,-0.000572204589844,24.0982580636
677,5270.04386291,-0.000572204589844,24.0939047715
678,5270.04386291,-0.000553131103516,24.0953558722
679,5270.04386291,-0.000572204589844,24.0939047715
680,5264.9372317,-0.000572204589844,24.0924536674
681,5270.04386291,-0.000572204589844,24.0910025601
682,5275.15049413,-0.000572204589844,24.0924536674
683,5270.04386291,-0.000572204589844,24.0910025601
684,5275.15049413,-0.000572204589844,24.0881003353
685,5280.25712534,-0.000572204589844,24.0851980971
686,5280.25712534,-0.000572204589844,24.0866492179
687,5275.15049413,-0.000572204589844,24.0895514493
688,5280.25712534,-0.000572204589844,24.0866492179
689,5275.15049413,-0.000572204589844,24.0822958455
690,5270.04386291,-0.000572204589844,24.083746973
691,5275.15049413,-0.000572204589844,24.0866492179
692,5280.25712534,-0.000572204589844,24.0822958455
693,5295.57701899,-0.000553131103516,24.083746973
694,5280.25712534,-0.000572204589844,24.0822958455
695,5285.36375656,-0.000572204589844,24.0808447146
696,5285.36375656,-0.000572204589844,24.0808447146
697,5280.25712534,-0.000572204589844,24.0793935804
698,5285.36375656,-0.000572204589844,24.0808447146
699,5280.25712534,-0.000553131103516,24.0793935804
700,5290.47038777,-0.000572204589844,24.0779424428
701,5290.47038777,-0.000572204589844,24.0764913019
702,5285.36375656,-0.000572204589844,24.0764913019
703,5285.36375656,-0.000591278076172,24.0764913019
704,5280.25712534,-0.000572204589844,24.0764913019
705,5275.15049413,-0.000572204589844,24.0750401576
706,5280.25712534,-0.000591278076172,24.0750401576
707,5285.36375656,-0.000572204589844,24.0764913019
708,5280.25712534,-0.000572204589844,24.0735890099
709,5285.36375656,-0.000572204589844,24.0706867043
710,5285.36375656,-0.000591278076172,24.0735890099
711,5290.47038777,-0.000572204589844,24.0721378588
712,5280.25712534,-0.000572204589844,24.0750401576
713,5305.79028142,-0.000572204589844,24.0735890099
714,5280.25712534,-0.000591278076172,24.0692355465
715,5295.57701899,-0.000572204589844,24.0706867043
716,5280.25712534,-0.000572204589844,24.0735890099
717,5275.15049413,-0.000572204589844,24.0706867043
718,5290.47038777,-0.000572204589844,24.0706867043
719,5280.25712534,-0.000591278076172,24.0692355465
720,5285.36375656,-0.000572204589844,24.0692355465
721,5285.36375656,-0.000572204589844,24.0692355465
722,5285.36375656,-0.000572204589844,24.0663332206
723,5285.36375656,-0.000572204589844,24.0677843853
724,5290.47038777,-0.000572204589844,24.0663332206
725,5285.36375656,-0.000572204589844,24.0648820526
726,5300.6836502,-0.000572204589844,24.0648820526
727,5290.47038777,-0.000572204589844,24.0648820526
728,5290.47038777,-0.000572204589844,24.0648820526
729,5290.47038777,-0.000572204589844,24.0619797064
730,5285.36375656,-0.000572204589844,24.0619797064
731,5285.36375656,-0.000572204589844,24.0634308812
732,5295.57701899,-0.000572204589844,24.0619797064
733,5295.57701899,-0.000553131103516,24.0619797064
734,5305.79028142,-0.000591278076172,24.0605285282
735,5300.6836502,-0.000572204589844,24.0619797064
736,5285.36375656,-0.000572204589844,24.0605285282
737,5300.6836502,-0.000572204589844,24.0605285282
738,5305.79028142,-0.000572204589844,24.0619797064
739,5300.6836502,-0.000572204589844,24.0561749731
740,5300.6836502,-0.000572204589844,24.0561749731
741,5295.57701899,-0.000572204589844,24.0590773466
742,5300.6836502,-0.000572204589844,24.0576261615
743,5295.57701899,-0.000572204589844,24.0547237813
744,5295.57701899,-0.000572204589844,24.0561749731
745,5300.6836502,-0.000553131103516,24.0547237813
746,5295.57701899,-0.000572204589844,24.0547237813
747,5300.6836502,-0.000572204589844,24.0518213873
748,5295.57701899,-0.000572204589844,24.0518213873
749,5295.57701899,-0.000572204589844,24.0518213873
750,5300.6836502,-0.000572204589844,24.0503701852
751,5295.57701899,-0.000572204589844,24.0474677707
752,5300.6836502,-0.000572204589844,24.0503701852
753,5295.57701899,-0.000572204589844,24.0489189797
754,5305.79028142,-0.000572204589844,24.0474677707
755,5300.6836502,-0.000591278076172,24.0489189797
756,5300.6836502,-0.000572204589844,24.0460165583
757,5300.6836502,-0.000572204589844,24.0489189797
758,5310.89691263,-0.000572204589844,24.0445653425
759,5300.6836502,-0.000572204589844,24.0474677707
760,5300.6836502,-0.000572204589844,24.0474677707
761,5295.57701899,-0.000572204589844,24.0445653425
762,5310.89691263,-0.000572204589844,24.0489189797
763,5295.57701899,-0.000572204589844,24.0460165583
764,5300.6836502,-0.000572204589844,24.0445653425
765,5310.89691263,-0.000572204589844,24.0445653425
766,5310.89691263,-0.000572204589844,24.0431141232
767,5300.6836502,-0.000572204589844,24.0460165583
768,5310.89691263,-0.000572204589844,24.0431141232
769,5300.6836502,-0.000591278076172,24.0402116744
770,5305.79028142,-0.000572204589844,24.0402116744
771,5316.00354385,-0.000572204589844,24.0402116744
772,5305.79028142,-0.000553131103516,24.0431141232
773,5305.79028142,-0.000572204589844,24.0416629006
774,5310.89691263,-0.000572204589844,24.0402116744
775,5300.6836502,-0.000591278076172,24.0387604448
776,5305.79028142,-0.000572204589844,24.0402116744
777,5305.79028142,-0.000591278076172,24.0373092118
778,5321.11017506,-0.000572204589844,24.0358579753
779,5305.79028142,-0.0006103515625,24.0358579753
780,5316.00354385,-0.000572204589844,24.0387604448
781,5305.79028142,-0.000591278076172,24.0402116744
782,5310.89691263,-0.000572204589844,24.0358579753
783,5295.57701899,-0.000572204589844,24.0358579753
784,5310.89691263,-0.000572204589844,24.0373092118
785,5305.79028142,-0.000572204589844,24.0358579753
786,5300.6836502,-0.000572204589844,24.0344067354
787,5310.89691263,-0.000572204589844,24.0344067354
788,5295.57701899,-0.000572204589844,24.032955492
789,5321.11017506,-0.000572204589844,24.032955492
790,5305.79028142,-0.000572204589844,24.0344067354
791,5310.89691263,0.038013458252,24.0300529948
792,5305.79028142,0.0387573242188,24.0344067354
793,5310.89691263,0.0360107421875,24.0344067354
794,5310.89691263,0.0353622436523,24.0315042451
795,5310.89691263,0.0347137451172,24.0300529948
796,5305.79028142,0.0343322753906,24.0315042451
797,5310.89691263,0.0339508056641,24.0300529948
798,5316.00354385,0.0336074829102,24.0315042451
799,5316.00354385,0.0334548950195,24.0300529948
800,5316.00354385,0.0344276428223,24.028601741
801,5316.00354385,0.0343132019043,24.028601741
802,5316.00354385,0.034294128418,24.0300529948
803,5321.11017506,0.0342750549316,24.028601741
804,5321.11017506,0.0343132019043,24.028601741
805,5316.00354385,0.0343132019043,24.0256992231
806,5321.11017506,0.0343704223633,24.0271504838
807,5310.89691263,0.0343704223633,24.028601741
808,5316.00354385,0.0344085693359,24.0271504838
809,5316.00354385,0.0344276428223,24.028601741
810,5326.21680628,0.0344467163086,24.0271504838
811,5310.89691263,0.0344467163086,24.028601741
812,5321.11017506,0.0344467163086,24.0256992231
813,5326.21680628,0.0344657897949,24.028601741
814,5316.00354385,0.0344467163086,24.0271504838
815,5321.11017506,0.0344467163086,24.028601741
816,5331.32343749,0.0344657897949,24.0256992231
817,5316.00354385,0.0344657897949,24.0242479589
818,5310.89691263,0.0344657897949,24.0256992231
819,5321.11017506,0.0344467163086,24.0256992231
820,5331.32343749,0.0344467163086,24.0256992231
821,5326.21680628,0.0344467163086,24.0242479589
822,5316.00354385,0.0344276428223,24.0227966912
823,5331.32343749,0.0344276428223,24.0242479589
824,5331.32343749,0.0344467163086,24.0271504838
825,5321.11017506,0.0343894958496,24.0242479589
826,5321.11017506,0.034351348877,24.0256992231
827,5341.53669993,0.0343132019043,24.0242479589
828,5321.11017506,0.034294128418,24.0242479589
829,5326.21680628,0.034236907959,24.0256992231
830,5336.43006871,0.0341987609863,24.0227966912
831,5331.32343749,0.0341415405273,24.0213454201
832,5336.43006871,0.0340843200684,24.0213454201
833,5336.43006871,0.0340461730957,24.0213454201
834,5336.43006871,0.0339889526367,24.0213454201
835,5326.21680628,0.0339317321777,24.0227966912
836,5336.43006871,0.0338363647461,24.0198941454
837,5336.43006871,0.0332260131836,24.0198941454
838,5336.43006871,0.034008026123,24.0198941454
839,5331.32343749,0.0340270996094,24.0227966912
840,5331.32343749,0.0339889526367,24.0213454201
841,5336.43006871,0.0336647033691,24.0213454201
842,5336.43006871,0.0331115722656,24.0213454201
843,5331.32343749,0.0336647033691,24.0198941454
844,5336.43006871,0.0336647033691,24.0198941454
845,5336.43006871,0.0336456298828,24.0213454201
846,5341.53669993,0.0335693359375,24.0169915857
847,5341.53669993,0.0334358215332,24.0198941454
848,5341.53669993,0.0333976745605,24.0155403006
849,5336.43006871,0.0333213806152,24.0184428673
850,5341.53669993,0.0333213806152,24.0184428673
851,5341.53669993,0.0332832336426,24.0169915857
852,5346.64333114,0.0332450866699,24.0184428673
853,5351.74996236,0.0332260131836,24.0184428673
854,5346.64333114,0.0325393676758,24.0184428673
855,5351.74996236,0.0325012207031,24.0155403006
856,5346.64333114,0.0332260131836,24.0169915857
857,5346.64333114,0.0332069396973,24.014089012
858,5356.85659357,0.0331687927246,24.0169915857
859,5356.85659357,0.0330543518066,24.0155403006
860,5361.96322479,0.0323295593262,24.014089012
861,5356.85659357,0.032958984375,24.014089012
862,5361.96322479,0.0328254699707,24.014089012
863,5356.85659357,0.0326538085938,24.014089012
864,5356.85659357,0.0321578979492,24.0155403006
865,5356.85659357,0.0327110290527,24.0111864244
866,5351.74996236,0.0326728820801,24.01263772
867,5346.64333114,0.0326156616211,24.0111864244
868,5367.069856,0.0325965881348,24.0097351253
869,5361.96322479,0.0324630737305,24.0111864244
870,5356.85659357,0.0323867797852,24.01263772
871,5367.069856,0.0324249267578,24.0111864244
872,5367.069856,0.0319480895996,24.0111864244
873,5361.96322479,0.0323295593262,24.0082838227
874,5361.96322479,0.0323295593262,24.014089012
875,5367.069856,0.0318717956543,24.0097351253
876,5361.96322479,0.0318336486816,24.0082838227
877,5367.069856,0.0317573547363,24.01263772
878,5367.069856,0.0317001342773,24.01263772
879,5361.96322479,0.0317001342773,24.0097351253
880,5377.28311843,0.0320816040039,24.0082838227
881,5372.17648722,0.0320816040039,24.0082838227
882,5372.17648722,0.0320625305176,24.005381207
883,5367.069856,0.0320434570313,24.0068325166
884,5372.17648722,0.0320053100586,24.0068325166
885,5377.28311843,0.0319671630859,24.0097351253
886,5367.069856,0.0319671630859,24.0068325166
887,5372.17648722,0.031909942627,24.0068325166
888,5377.28311843,0.0318717956543,24.0097351253
889,5377.28311843,0.0317192077637,24.0068325166
890,5377.28311843,0.0312232971191,24.0097351253
891,5382.38974965,0.03173828125,24.005381207
892,5372.17648722,0.0317192077637,24.005381207
893,5382.38974965,0.0316429138184,24.0068325166
894,5367.069856,0.0311470031738,24.0039298939
895,5367.069856,0.0311279296875,24.0039298939
896,5382.38974965,0.0311279296875,24.0068325166
897,5377.28311843,0.0311279296875,24.0039298939
898,5377.28311843,0.0310897827148,24.005381207
899,5377.28311843,0.0310707092285,24.0039298939
900,5382.38974965,0.0310516357422,24.0024785772
901,5387.49638086,0.0310325622559,24.005381207
902,5377.28311843,0.0309944152832,24.0039298939
903,5377.28311843,0.0309371948242,24.005381207
904,5382.38974965,0.0308990478516,24.0024785772
905,5382.38974965,0.0308418273926,24.0039298939
906,5382.38974965,0.0308799743652,24.0039298939
907,5382.38974965,0.0308227539063,24.0039298939
908,5382.38974965,0.0307846069336,24.0039298939
909,5387.49638086,0.0307464599609,24.0039298939
910,5377.28311843,0.0307083129883,24.0024785772
911,5392.60301208,0.0306701660156,24.0024785772
912,5382.38974965,0.0306129455566,24.0024785772
913,5387.49638086,0.0305938720703,24.0039298939
914,5387.49638086,0.0304985046387,24.001027257
915,5387.49638086,0.030460357666,24.0039298939
916,5382.38974965,0.030517578125,24.001027257
917,5392.60301208,0.0304222106934,24.0039298939
918,5392.60301208,0.030403137207,24.0039298939
919,5392.60301208,0.0303649902344,24.001027257
920,5392.60301208,0.0303268432617,24.0039298939
921,5392.60301208,0.0303077697754,24.0024785772
922,5392.60301208,0.0303077697754,24.005381207
923,5392.60301208,0.0302124023438,24.001027257
924,5392.60301208,0.0302505493164,24.0024785772
925,5387.49638086,0.0302314758301,24.0024785772
926,5392.60301208,0.0302124023438,23.9981246062
927,5397.70964329,0.0301933288574,24.001027257
928,5387.49638086,0.0301361083984,23.9995759334
929,5397.70964329,0.0301551818848,23.9995759334
930,5392.60301208,0.0301361083984,23.9995759334
931,5387.49638086,0.0301361083984,24.0024785772
932,5402.81627451,0.0300788879395,24.001027257
933,5392.60301208,0.0300979614258,23.9981246062
934,5397.70964329,0.0300407409668,24.001027257
935,5397.70964329,0.0300216674805,24.001027257
936,5397.70964329,0.0299453735352,23.9981246062
937,5397.70964329,0.0299453735352,24.0024785772
938,5392.60301208,0.0299453735352,24.0024785772
939,5392.60301208,0.0299453735352,23.9995759334
940,5402.81627451,0.0299263000488,24.001027257
941,5407.92290572,0.0299072265625,23.9981246062
942,5407.92290572,0.0299072265625,23.9995759334
943,5402.81627451,0.0298881530762,24.001027257
944,5402.81627451,0.0298118591309,23.9981246062
945,5402.81627451,0.0298309326172,23.9995759334
946,5407.92290572,0.0297927856445,23.9981246062
947,5407.92290572,0.0297927856445,23.9995759334
948,5407.92290572,0.0297546386719,24.001027257
949,5402.81627451,0.0296974182129,24.001027257
950,5407.92290572,0.0296401977539,23.9981246062
951,5413.02953694,0.0296401977539,23.9995759334
952,5407.92290572,0.0296211242676,24.001027257
953,5407.92290572,0.0296592712402,24.001027257
954,5418.13616815,0.0295829772949,23.9995759334
955,5418.13616815,0.0295829772949,23.9995759334
956,5413.02953694,0.0296020507813,23.9995759334
957,5413.02953694,0.0295639038086,23.9952219411
958,5418.13616815,0.0295257568359,23.9966732754
959,5413.02953694,0.029468536377,23.9995759334
960,5418.13616815,0.0294494628906,23.9995759334
961,5423.24279937,0.0294876098633,24.0024785772
962,5428.34943059,0.0294303894043,23.9966732754
963,5423.24279937,0.029411315918,24.001027257
964,5418.13616815,0.0294303894043,23.9995759334
965,5423.24279937,0.029411315918,23.9995759334
966,5423.24279937,0.0293350219727,24.0024785772
967,5428.34943059,0.0293159484863,24.001027257
968,5423.24279937,0.029296875,23.9995759334
969,5423.24279937,0.0292778015137,23.9981246062
970,5438.56269302,0.0292778015137,23.9995759334
971,5428.34943059,0.029182434082,23.9966732754
972,5428.34943059,0.0292015075684,24.001027257
973,5428.34943059,0.0292015075684,23.9981246062
974,5433.4560618,0.0291442871094,24.0024785772
975,5433.4560618,0.029125213623,24.001027257
976,5428.34943059,0.029125213623,24.001027257
977,5438.56269302,0.0291061401367,23.9995759334
978,5433.4560618,0.0291061401367,23.9995759334
979,5428.34943059,0.0290489196777,23.9966732754
980,5433.4560618,0.0290107727051,24.001027257
981,5433.4560618,0.0289916992188,24.001027257
982,5433.4560618,0.0289535522461,23.9981246062
983,5438.56269302,0.0289344787598,23.9995759334
984,5433.4560618,0.0288581848145,24.0024785772
985,5433.4560618,0.0288391113281,24.0024785772
986,5438.56269302,0.0288581848145,23.9981246062
987,5433.4560618,0.0287818908691,24.001027257
988,5438.56269302,0.0288200378418,24.0024785772
989,5443.66932423,0.0287628173828,24.0024785772
990,5443.66932423,0.0287437438965,24.001027257
991,5438.56269302,0.0287055969238,24.001027257
992,5433.4560618,0.0286865234375,24.001027257
993,5448.77595545,0.0286865234375,24.0024785772
994,5433.4560618,0.0286483764648,23.9995759334
995,5433.4560618,0.0286483764648,23.9995759334
996,5443.66932423,0.0285911560059,23.9995759334
997,5443.66932423,0.0286102294922,24.0024785772
998,5443.66932423,0.0285911560059,24.0024785772
999,5453.88258666,0.0285911560059,24.001027257
1000,5453.88258666,0.0285339355469,24.0024785772
1001,5448.77595545,0.0285530090332,24.0024785772
1002,5438.56269302,0.0285339355469,24.0024785772
1003,5453.88258666,0.0284767150879,23.9995759334
1004,5448.77595545,0.0284385681152,23.9995759334
1005,5453.88258666,0.0284385681152,24.0024785772
1006,5448.77595545,0.0284385681152,24.0024785772
1007,5458.98921788,0.0284385681152,24.001027257
1008,5453.88258666,0.0284194946289,24.0024785772
1009,5448.77595545,0.0284194946289,24.005381207
1010,5453.88258666,0.0284004211426,23.9995759334
1011,5453.88258666,0.0284004211426,24.0024785772
1012,5464.09584909,0.0284004211426,24.0068325166
1013,5458.98921788,0.0284004211426,24.0039298939
1014,5453.88258666,0.0283813476563,24.001027257
1015,5458.98921788,0.0283622741699,24.0039298939
1016,5458.98921788,0.0283432006836,24.0039298939
1017,5453.88258666,0.0283241271973,24.0024785772
1018,5464.09584909,0.0282859802246,23.9995759334
1019,5453.88258666,0.028247833252,24.0024785772
1020,5464.09584909,0.0282287597656,24.005381207
1021,5458.98921788,0.028190612793,24.0039298939
1022,5464.09584909,0.028190612793,24.0039298939
1023,5458.98921788,0.0281143188477,24.0024785772
1024,5453.88258666,0.0280570983887,24.0039298939
1025,5458.98921788,0.028018951416,24.005381207
1026,5464.09584909,0.028018951416,24.0068325166
1027,5453.88258666,0.0280380249023,24.005381207
1028,5464.09584909,0.0279808044434,24.001027257
1029,5469.20248031,0.0278854370117,24.0024785772
1030,5464.09584909,0.0279426574707,24.0039298939
1031,5464.09584909,0.0278854370117,24.0039298939
1032,5464.09584909,0.027904510498,24.0082838227
1033,5464.09584909,0.027961730957,24.005381207
1034,5469.20248031,0.0279426574707,24.0068325166
1035,5469.20248031,0.027904510498,24.0068325166
1036,5464.09584909,0.027961730957,24.005381207
1037,5464.09584909,0.0279235839844,24.0082838227
1038,5464.09584909,0.0278854370117,24.0039298939
1039,5469.20248031,0.0279235839844,24.0068325166
1040,5464.09584909,0.027904510498,24.0068325166
1041,5458.98921788,0.0278663635254,24.0039298939
1042,5464.09584909,0.0278091430664,24.005381207
1043,5464.09584909,0.0277900695801,24.0082838227
1044,5458.98921788,0.0278091430664,24.005381207
1045,5464.09584909,0.0277900695801,24.0097351253
1046,5469.20248031,0.0277519226074,24.0068325166
1047,5464.09584909,0.0277519226074,24.0082838227
1048,5464.09584909,0.0277519226074,24.0082838227
1049,5464.09584909,0.0277709960938,24.0068325166
1050,5464.09584909,0.0277137756348,24.005381207
1051,5474.30911152,0.0276947021484,24.0097351253
1052,5469.20248031,0.0276947021484,24.0082838227
1053,5464.09584909,0.0276756286621,24.0082838227
1054,5464.09584909,0.0276565551758,24.0068325166
1055,5464.09584909,0.0276184082031,24.0082838227
1056,5464.09584909,0.0276184082031,24.0111864244
1057,5469.20248031,0.0276184082031,24.0097351253
1058,5464.09584909,0.0275802612305,24.0097351253
1059,5464.09584909,0.0275993347168,24.0097351253
1060,5469.20248031,0.0275230407715,24.0097351253
1061,5469.20248031,0.0275039672852,24.0097351253
1062,5464.09584909,0.0275421142578,24.0111864244
1063,5464.09584909,0.0275039672852,24.0111864244
1064,5469.20248031,0.0274658203125,24.01263772
1065,5474.30911152,0.0274467468262,24.0111864244
1066,5469.20248031,0.0274276733398,24.0097351253
1067,5469.20248031,0.0274467468262,24.014089012
1068,5469.20248031,0.0274276733398,24.0111864244
1069,5469.20248031,0.0274848937988,24.0097351253
1070,5469.20248031,0.0274276733398,24.01263772
1071,5479.41574274,0.0274467468262,24.0097351253
1072,5469.20248031,0.0274085998535,24.014089012
1073,5474.30911152,0.0274085998535,24.0111864244
1074,5474.30911152,0.0273704528809,24.0111864244
1075,5474.30911152,0.0273704528809,24.0111864244
1076,5469.20248031,0.0273895263672,24.01263772
1077,5479.41574274,0.0273323059082,24.0111864244
1078,5474.30911152,0.0273132324219,24.0155403006
1079,5474.30911152,0.0273323059082,24.014089012
1080,5474.30911152,0.0272941589355,24.01263772
1081,5479.41574274,0.0272941589355,24.0169915857
1082,5474.30911152,0.0272560119629,24.01263772
1083,5474.30911152,0.0272750854492,24.014089012
1084,5474.30911152,0.0272369384766,24.014089012
1085,5479.41574274,0.0272560119629,24.0111864244
1086,5479.41574274,0.0272369384766,24.014089012
1087,5479.41574274,0.0272560119629,24.01263772
1088,5479.41574274,0.0272750854492,24.0169915857
1089,5479.41574274,0.0272369384766,24.0155403006
1090,5474.30911152,0.0272369384766,24.0169915857
1091,5474.30911152,0.0272369384766,24.0169915857
1092,5469.20248031,0.0272369384766,24.0169915857
1093,5484.52237395,0.0272178649902,24.0184428673
1094,5474.30911152,0.0272178649902,24.0184428673
1095,5484.52237395,0.0272369384766,24.0169915857
1096,5479.41574274,0.0272178649902,24.0198941454
1097,5479.41574274,0.0272178649902,24.0169915857
1098,5479.41574274,0.0272178649902,24.0169915857
1099,5474.30911152,0.0271987915039,24.0184428673
1100,5479.41574274,0.0272178649902,24.0169915857
1101,5479.41574274,0.0272178649902,24.0198941454
1102,5484.52237395,0.0271987915039,24.0198941454
1103,5484.52237395,0.0272178649902,24.0198941454
1104,5479.41574274,0.0271987915039,24.0169915857
1105,5489.62900517,0.0271987915039,24.0184428673
1106,5484.52237395,0.0271987915039,24.0169915857
1107,5484.52237395,0.0271987915039,24.0198941454
1108,5479.41574274,0.0271987915039,24.0213454201
1109,5479.41574274,0.0271987915039,24.0213454201
1110,5484.52237395,0.0271987915039,24.0213454201
1111,5489.62900517,0.0271797180176,24.0198941454
1112,5484.52237395,0.0271797180176,24.0213454201
1113,5484.52237395,0.0271987915039,24.0198941454
1114,5469.20248031,0.0271797180176,24.0198941454
1115,5489.62900517,0.0271415710449,24.0227966912
1116,5489.62900517,0.0271415710449,24.0213454201
1117,5494.73563638,0.0271415710449,24.0227966912
1118,5484.52237395,0.0271224975586,24.0227966912
1119,5489.62900517,0.0271415710449,24.0213454201
1120,5484.52237395,0.0271224975586,24.0242479589
1121,5494.73563638,0.0270843505859,24.0227966912
1122,5494.73563638,0.0271224975586,24.0227966912
1123,5479.41574274,0.0270843505859,24.0227966912
1124,5484.52237395,0.0270652770996,24.0213454201
1125,5494.73563638,0.0270462036133,24.0242479589
1126,5489.62900517,0.0270462036133,24.0227966912
1127,5494.73563638,0.0270462036133,24.0242479589
1128,5499.8422676,0.0270080566406,24.0242479589
1129,5489.62900517,0.0269508361816,24.0242479589
1130,5484.52237395,0.026912689209,24.0227966912
1131,5484.52237395,0.026912689209,24.0256992231
1132,5504.94889882,0.0268936157227,24.0227966912
1133,5489.62900517,0.0268936157227,24.0256992231
1134,5494.73563638,0.0268745422363,24.0227966912
1135,5494.73563638,0.0268745422363,24.0242479589
1136,5494.73563638,0.0268363952637,24.0227966912
1137,5489.62900517,0.0268363952637,24.0256992231
1138,5484.52237395,0.0268363952637,24.0242479589
1139,5499.8422676,0.0268173217773,24.0242479589
1140,5494.73563638,0.0268173217773,24.0242479589
1141,5489.62900517,0.0268363952637,24.0256992231
1142,5494.73563638,0.0268173217773,24.0256992231
1143,5499.8422676,0.026798248291,24.0256992231
1144,5499.8422676,0.0267791748047,24.0256992231
1145,5494.73563638,0.0267791748047,24.0256992231
1146,5504.94889882,0.0267028808594,24.0271504838
1147,5499.8422676,0.0267601013184,24.0271504838
1148,5504.94889882,0.026741027832,24.0242479589
1149,5494.73563638,0.026683807373,24.0256992231
1150,5504.94889882,0.0267028808594,24.0256992231
1151,5504.94889882,0.0266456604004,24.0271504838
1152,5494.73563638,0.0266265869141,24.028601741
1153,5489.62900517,0.0266265869141,24.0242479589
1154,5494.73563638,0.0266456604004,24.0271504838
1155,5494.73563638,0.0265884399414,24.0271504838
1156,5499.8422676,0.0266265869141,24.0271504838
1157,5494.73563638,0.0265884399414,24.0271504838
1158,5499.8422676,0.0266075134277,24.028601741
1159,5499.8422676,0.0265121459961,24.0271504838
1160,5499.8422676,0.0265121459961,24.028601741
1161,5494.73563638,0.0265502929688,24.0271504838
1162,5499.8422676,0.0264739990234,24.0271504838
1163,5510.05553003,0.0264930725098,24.0271504838
1164,5499.8422676,0.0264930725098,24.0271504838
1165,5504.94889882,0.0264358520508,24.0271504838
1166,5504.94889882,0.0264930725098,24.028601741
1167,5504.94889882,0.0264358520508,24.0300529948
1168,5494.73563638,0.0264167785645,24.0315042451
1169,5504.94889882,0.0263977050781,24.028601741
1170,5510.05553003,0.0264358520508,24.0315042451
1171,5515.16216125,0.0263786315918,24.0315042451
1172,5510.05553003,0.0263786315918,24.0315042451
1173,5504.94889882,0.0263786315918,24.0300529948
1174,5510.05553003,0.0263786315918,24.0315042451
1175,5510.05553003,0.0263404846191,24.0315042451
1176,5504.94889882,0.0263786315918,24.032955492
1177,5504.94889882,0.0263214111328,24.032955492
1178,5510.05553003,0.0263404846191,24.032955492
1179,5504.94889882,0.0263023376465,24.0315042451
1180,5504.94889882,0.0263023376465,24.0315042451
1181,5515.16216125,0.0262832641602,24.0315042451
1182,5504.94889882,0.0262832641602,24.032955492
1183,5510.05553003,0.0263023376465,24.0315042451
1184,5504.94889882,0.0262451171875,24.0344067354
1185,5510.05553003,0.0262832641602,24.0344067354
1186,5504.94889882,0.0262832641602,24.0358579753
1187,5504.94889882,0.0262451171875,24.032955492
1188,5504.94889882,0.0262260437012,24.0344067354
1189,5499.8422676,0.0262451171875,24.0373092118
1190,5504.94889882,0.0262260437012,24.0344067354
1191,5510.05553003,0.0262260437012,24.0373092118
1192,5515.16216125,0.0261688232422,24.0358579753
1193,5510.05553003,0.0262260437012,24.0358579753
1194,5510.05553003,0.0261878967285,24.0387604448
1195,5504.94889882,0.0262069702148,24.0358579753
1196,5504.94889882,0.0261878967285,24.0373092118
1197,5504.94889882,0.0261688232422,24.0402116744
1198,5510.05553003,0.0261497497559,24.0402116744
1199,5504.94889882,0.0262069702148,24.0402116744
1200,5515.16216125,0.0261306762695,24.0387604448
1201,5504.94889882,0.0261688232422,24.0387604448
1202,5515.16216125,0.0261497497559,24.0416629006
1203,5504.94889882,0.0261497497559,24.0416629006
1204,5515.16216125,0.0261497497559,24.0416629006
1205,5515.16216125,0.0260925292969,24.0402116744
1206,5515.16216125,0.0261116027832,24.0387604448
1207,5520.26879246,0.0260543823242,24.0431141232
1208,5520.26879246,0.0260543823242,24.0445653425
1209,5515.16216125,0.0260353088379,24.0402116744
1210,5510.05553003,0.0260353088379,24.0416629006
1211,5504.94889882,0.0260925292969,24.0416629006
1212,5515.16216125,0.0260162353516,24.0445653425
1213,5515.16216125,0.0259971618652,24.0460165583
1214,5525.37542368,0.0259780883789,24.0445653425
1215,5504.94889882,0.0259971618652,24.0474677707
1216,5520.26879246,0.0259780883789,24.0460165583
1217,5520.26879246,0.0259399414063,24.0445653425
1218,5520.26879246,0.0259590148926,24.0460165583
1219,5515.16216125,0.0259399414063,24.0474677707
1220,5520.26879246,0.0259399414063,24.0474677707
1221,5515.16216125,0.0258445739746,24.0460165583
1222,5520.26879246,0.0258636474609,24.0474677707
1223,5520.26879246,0.0258636474609,24.0474677707
1224,5520.26879246,0.0258255004883,24.0489189797
1225,5515.16216125,0.0258636474609,24.0489189797
1226,5525.37542368,0.0258255004883,24.0503701852
1227,5520.26879246,0.0257873535156,24.0518213873
1228,5504.94889882,0.025806427002,24.0518213873
1229,5520.26879246,0.0257873535156,24.0518213873
1230,5515.16216125,0.0257682800293,24.0503701852
1231,5515.16216125,0.025749206543,24.0547237813
1232,5515.16216125,0.0257682800293,24.0503701852
1233,5515.16216125,0.0257110595703,24.053272586
1234,5510.05553003,0.0256729125977,24.053272586
1235,5520.26879246,0.0256729125977,24.053272586
1236,5510.05553003,0.025691986084,24.0561749731
1237,5515.16216125,0.0256729125977,24.053272586
1238,5525.37542368,0.0256156921387,24.053272586
1239,5520.26879246,0.0256729125977,24.0590773466
1240,5520.26879246,0.0256538391113,24.0561749731
1241,5510.05553003,0.0256538391113,24.0576261615
1242,5525.37542368,0.0256156921387,24.0561749731
1243,5515.16216125,0.0256156921387,24.0561749731
1244,5525.37542368,0.0256538391113,24.0576261615
1245,5520.26879246,0.025634765625,24.0605285282
1246,5515.16216125,0.0256538391113,24.0590773466
1247,5525.37542368,0.0256538391113,24.0590773466
1248,5520.26879246,0.0256156921387,24.0605285282
1249,5525.37542368,0.0256156921387,24.0576261615
1250,5520.26879246,0.0255584716797,24.0605285282
1251,5525.37542368,0.025577545166,24.0605285282
1252,5525.37542368,0.025577545166,24.0619797064
1253,5520.26879246,0.0255393981934,24.0619797064
1254,5520.26879246,0.0255393981934,24.0619797064
1255,5515.16216125,0.0255584716797,24.0634308812
1256,5520.26879246,0.0255393981934,24.0634308812
1257,5520.26879246,0.0255393981934,24.0648820526
1258,5525.37542368,0.0255012512207,24.0663332206
1259,5525.37542368,0.0255012512207,24.0634308812
1260,5520.26879246,0.0255393981934,24.0648820526
1261,5520.26879246,0.0255584716797,24.0648820526
1262,5525.37542368,0.0255584716797,24.0648820526
1263,5530.48205489,0.0255393981934,24.0634308812
1264,5530.48205489,0.0255584716797,24.0677843853
1265,5520.26879246,0.0255012512207,24.0663332206
1266,5530.48205489,0.025463104248,24.0648820526
1267,5515.16216125,0.0254821777344,24.0648820526
1268,5515.16216125,0.0254821777344,24.0677843853
1269,5520.26879246,0.025463104248,24.0677843853
1270,5520.26879246,0.0254821777344,24.0663332206
1271,5515.16216125,0.0255012512207,24.0663332206
1272,5530.48205489,0.025520324707,24.0677843853
1273,5525.37542368,0.025520324707,24.0706867043
1274,5515.16216125,0.025463104248,24.0706867043
1275,5525.37542368,0.0254440307617,24.0706867043
1276,5530.48205489,0.025463104248,24.0721378588
1277,5520.26879246,0.0254249572754,24.0735890099
1278,5525.37542368,0.0254249572754,24.0706867043
1279,5520.26879246,0.0253868103027,24.0706867043
1280,5520.26879246,0.0254058837891,24.0706867043
1281,5515.16216125,0.0253868103027,24.0735890099
1282,5525.37542368,0.0253677368164,24.0750401576
1283,5520.26879246,0.0253868103027,24.0750401576
1284,5525.37542368,0.0253677368164,24.0779424428
1285,5525.37542368,0.0253486633301,24.0750401576
1286,5515.16216125,0.0253486633301,24.0764913019
1287,5525.37542368,0.0253105163574,24.0750401576
1288,5525.37542368,0.0253105163574,24.0750401576
1289,5520.26879246,0.0253105163574,24.0793935804
1290,5525.37542368,0.0252532958984,24.0779424428
1291,5525.37542368,0.0253486633301,24.0779424428
1292,5520.26879246,0.0252723693848,24.0779424428
1293,5535.58868611,0.0252151489258,24.0793935804
1294,5525.37542368,0.0252342224121,24.0822958455
1295,5530.48205489,0.0251960754395,24.0808447146
1296,5525.37542368,0.0251960754395,24.0808447146
1297,5520.26879246,0.0252151489258,24.0808447146
1298,5520.26879246,0.0252532958984,24.0822958455
1299,5520.26879246,0.0251960754395,24.0822958455
1300,5525.37542368,0.0251770019531,24.083746973
1301,5525.37542368,0.0252342224121,24.0808447146
1302,5530.48205489,0.0252151489258,24.083746973
1303,5525.37542368,0.0252151489258,24.0851980971
1304,5525.37542368,0.0252151489258,24.0866492179
1305,5530.48205489,0.0251960754395,24.083746973
1306,5525.37542368,0.0251579284668,24.0881003353
1307,5525.37542368,0.0251770019531,24.0866492179
1308,5530.48205489,0.0251770019531,24.0910025601
1309,5530.48205489,0.0251388549805,24.0866492179
1310,5525.37542368,0.0251579284668,24.0881003353
1311,5530.48205489,0.0251579284668,24.0866492179
1312,5525.37542368,0.0251770019531,24.0881003353
1313,5525.37542368,0.0251579284668,24.083746973
1314,5525.37542368,0.0251579284668,24.0895514493
1315,5525.37542368,0.0251579284668,24.0939047715
1316,5525.37542368,0.0251197814941,24.0910025601
1317,5515.16216125,0.0251960754395,24.0939047715
1318,5530.48205489,0.0251197814941,24.0910025601
1319,5530.48205489,0.0251007080078,24.0953558722
1320,5530.48205489,0.0251007080078,24.0939047715
1321,5530.48205489,0.0250816345215,24.0939047715
1322,5530.48205489,0.0250816345215,24.0982580636
1323,5515.16216125,0.0250816345215,24.0982580636
1324,5525.37542368,0.0250625610352,24.0939047715
1325,5520.26879246,0.0250434875488,24.0997091543
1326,5520.26879246,0.0250434875488,24.1011602416
1327,5515.16216125,0.0249862670898,24.1011602416
1328,5525.37542368,0.0250053405762,24.0997091543
1329,5525.37542368,0.0249481201172,24.0968069695
1330,5520.26879246,0.0249862670898,24.1011602416
1331,5530.48205489,0.0249290466309,24.1026113257
1332,5530.48205489,0.0249481201172,24.1026113257
1333,5530.48205489,0.0249290466309,24.1026113257
1334,5525.37542368,0.0249290466309,24.1040624064
1335,5530.48205489,0.0249290466309,24.1040624064
1336,5525.37542368,0.0249099731445,24.1055134838
1337,5530.48205489,0.0249099731445,24.1098666962
1338,5515.16216125,0.0249099731445,24.1084156287
1339,5525.37542368,0.0248527526855,24.1069645579
1340,5525.37542368,0.0248908996582,24.1055134838
1341,5520.26879246,0.0248718261719,24.1098666962
1342,5525.37542368,0.0248718261719,24.1069645579
1343,5530.48205489,0.0248336791992,24.1098666962
1344,5525.37542368,0.0248336791992,24.1113177603
1345,5525.37542368,0.0248146057129,24.1113177603
1346,5530.48205489,0.0248336791992,24.1098666962
1347,5525.37542368,0.0248336791992,24.1113177603
1348,5525.37542368,0.0248527526855,24.1084156287
1349,5525.37542368,0.0248336791992,24.1113177603
1350,5530.48205489,0.0248336791992,24.1127688212
1351,5525.37542368,0.0248336791992,24.1127688212
1352,5525.37542368,0.0248336791992,24.1127688212
1353,5535.58868611,0.0248146057129,24.1127688212
1354,5530.48205489,0.0248146057129,24.1142198787
1355,5530.48205489,0.0248146057129,24.1142198787
1356,5525.37542368,0.0247955322266,24.117121984
1357,5525.37542368,0.0247955322266,24.115670933
1358,5525.37542368,0.0247764587402,24.1127688212
1359,5530.48205489,0.0247764587402,24.1127688212
1360,5525.37542368,0.0248146057129,24.1142198787
1361,5530.48205489,0.0247764587402,24.115670933
1362,5530.48205489,0.0247764587402,24.1142198787
1363,5530.48205489,0.0247955322266,24.117121984
1364,5525.37542368,0.0247955322266,24.117121984
1365,5525.37542368,0.0247955322266,24.115670933
1366,5525.37542368,0.0247955322266,24.1185730316
1367,5535.58868611,0.0247955322266,24.117121984
1368,5535.58868611,0.0247573852539,24.117121984
1369,5530.48205489,0.0247764587402,24.117121984
1370,5530.48205489,0.0247764587402,24.1185730316
1371,5530.48205489,0.0247764587402,24.1185730316
1372,5525.37542368,0.0247573852539,24.117121984
1373,5525.37542368,0.0247383117676,24.117121984
1374,5530.48205489,0.0247383117676,24.1185730316
1375,5530.48205489,0.0247001647949,24.120024076
1376,5530.48205489,0.0247383117676,24.1185730316
1377,5530.48205489,0.0247001647949,24.1185730316
1378,5520.26879246,0.0246810913086,24.120024076
1379,5525.37542368,0.0246620178223,24.120024076
1380,5530.48205489,0.0246429443359,24.120024076
1381,5525.37542368,0.0246238708496,24.1214751171
1382,5525.37542368,0.0246238708496,24.1185730316
1383,5525.37542368,0.0245475769043,24.120024076
1384,5530.48205489,0.0245666503906,24.1214751171
1385,5525.37542368,0.0245666503906,24.1214751171
1386,5520.26879246,0.024585723877,24.1229261549
1387,5525.37542368,0.0245666503906,24.1214751171
1388,5535.58868611,0.024528503418,24.1229261549
1389,5525.37542368,0.0245475769043,24.1214751171
1390,5520.26879246,0.024528503418,24.1243771894
1391,5520.26879246,0.0245094299316,24.1258282207
1392,5530.48205489,0.024528503418,24.1229261549
1393,5530.48205489,0.024528503418,24.1258282207
1394,5525.37542368,0.0244903564453,24.1258282207
1395,5520.26879246,0.0244903564453,24.1258282207
1396,5530.48205489,0.0245094299316,24.1272792487
1397,5530.48205489,0.0245094299316,24.1301812948
1398,5535.58868611,0.0245094299316,24.1243771894
1399,5535.58868611,0.024471282959,24.1287302734
1400,5530.48205489,0.0244903564453,24.1301812948
1401,5525.37542368,0.0244331359863,24.1287302734
1402,5515.16216125,0.0244331359863,24.131632313
1403,5530.48205489,0.0244331359863,24.1301812948
1404,5530.48205489,0.024471282959,24.1301812948
1405,5525.37542368,0.0244331359863,24.1301812948
1406,5525.37542368,0.0244331359863,24.1272792487
1407,5530.48205489,0.024356842041,24.131632313
1408,5520.26879246,0.0243759155273,24.131632313
1409,5530.48205489,0.0244522094727,24.1330833279
1410,5530.48205489,0.0244331359863,24.1345343395
1411,5525.37542368,0.0244331359863,24.1345343395
1412,5520.26879246,0.0244522094727,24.1345343395
1413,5525.37542368,0.0244140625,24.1330833279
1414,5525.37542368,0.024471282959,24.1345343395
1415,5525.37542368,0.0243759155273,24.1359853479
1416,5520.26879246,0.0243759155273,24.1345343395
1417,5525.37542368,0.024356842041,24.137436353
1418,5525.37542368,0.0243377685547,24.1330833279
1419,5520.26879246,0.024356842041,24.137436353
1420,5525.37542368,0.0243186950684,24.137436353
1421,5530.48205489,0.024299621582,24.137436353
1422,5530.48205489,0.0242805480957,24.137436353
1423,5525.37542368,0.0242233276367,24.1388873549
1424,5520.26879246,0.0242233276367,24.1417893489
1425,5520.26879246,0.0242805480957,24.1403383535
1426,5525.37542368,0.024242401123,24.1417893489
1427,5525.37542368,0.0241661071777,24.1403383535
1428,5530.48205489,0.0241661071777,24.1403383535
1429,5520.26879246,0.0241661071777,24.143240341
1430,5530.48205489,0.0241470336914,24.1417893489
1431,5525.37542368,0.0241470336914,24.1461423156
1432,5530.48205489,0.0241088867188,24.1461423156
1433,5525.37542368,0.0240898132324,24.143240341
1434,5525.37542368,0.0241088867188,24.1446913299
1435,5525.37542368,0.0241088867188,24.1446913299
1436,5525.37542368,0.0240707397461,24.143240341
1437,5525.37542368,0.0241088867188,24.1446913299
1438,5530.48205489,0.0239944458008,24.1461423156
1439,5530.48205489,0.0240325927734,24.1490442772
1440,5520.26879246,0.0239562988281,24.147593298
1441,5530.48205489,0.0239753723145,24.1519462258
1442,5530.48205489,0.0239372253418,24.1461423156
1443,5520.26879246,0.0238990783691,24.1490442772
1444,5525.37542368,0.0239753723145,24.1504952531
1445,5530.48205489,0.0238800048828,24.1533971954
1446,5525.37542368,0.0238990783691,24.1490442772
1447,5530.48205489,0.0238800048828,24.1519462258
1448,5520.26879246,0.0238609313965,24.1504952531
1449,5525.37542368,0.0238990783691,24.1533971954
1450,5520.26879246,0.0238609313965,24.1504952531
1451,5530.48205489,0.0238418579102,24.1548481616
1452,5530.48205489,0.0238418579102,24.1519462258
1453,5525.37542368,0.0238227844238,24.1548481616
1454,5530.48205489,0.0238227844238,24.1548481616
1455,5525.37542368,0.0238037109375,24.1548481616
1456,5530.48205489,0.0238037109375,24.1562991247
1457,5520.26879246,0.0237655639648,24.1592010412
1458,5530.48205489,0.0237655639648,24.1606519946
1459,5520.26879246,0.0237083435059,24.1548481616
1460,5520.26879246,0.0237464904785,24.1621029449
1461,5530.48205489,0.0236892700195,24.1592010412
1462,5525.37542368,0.0236701965332,24.1621029449
1463,5525.37542368,0.0236701965332,24.1621029449
1464,5525.37542368,0.0236892700195,24.1621029449
1465,5515.16216125,0.0236511230469,24.1650048357
1466,5520.26879246,0.0236129760742,24.1621029449
1467,5530.48205489,0.0236320495605,24.1606519946
1468,5520.26879246,0.0236129760742,24.1650048357
1469,5525.37542368,0.0236129760742,24.169357648
1470,5520.26879246,0.0236320495605,24.1679067137
1471,5520.26879246,0.0236320495605,24.1635538919
1472,5525.37542368,0.0236129760742,24.1679067137
1473,5520.26879246,0.0235939025879,24.1679067137
1474,5520.26879246,0.0235748291016,24.169357648
1475,5525.37542368,0.0235939025879,24.1679067137
1476,5525.37542368,0.0235939025879,24.1722595069
1477,5520.26879246,0.0235748291016,24.170808579
1478,5520.26879246,0.0235939025879,24.1722595069
1479,5525.37542368,0.0235939025879,24.1722595069
1480,5535.58868611,0.0235748291016,24.1737104315
1481,5520.26879246,0.0235748291016,24.1737104315
1482,5530.48205489,0.0235557556152,24.175161353
1483,5520.26879246,0.0235748291016,24.1766122714
1484,5520.26879246,0.0235748291016,24.1766122714
1485,5515.16216125,0.0235748291016,24.1766122714
1486,5515.16216125,0.0235748291016,24.1795140985
1487,5515.16216125,0.0235557556152,24.1766122714
1488,5520.26879246,0.0235176086426,24.1809650073
1489,5520.26879246,0.0235557556152,24.1795140985
1490,5520.26879246,0.0235557556152,24.1780631865
1491,5525.37542368,0.0235176086426,24.1809650073
1492,5520.26879246,0.0235366821289,24.1809650073
1493,5520.26879246,0.0234222412109,24.1795140985
1494,5520.26879246,0.0234222412109,24.1795140985
1495,5520.26879246,0.0234031677246,24.1809650073
1496,5525.37542368,0.0233268737793,24.1795140985
1497,5525.37542368,0.0234031677246,24.1809650073
1498,5520.26879246,0.0233459472656,24.1824159129
1499,5525.37542368,0.0234031677246,24.1838668154
1500,5525.37542368,0.023250579834,24.1853177147
1501,5525.37542368,0.0233840942383,24.1853177147
1502,5525.37542368,0.023307800293,24.1853177147
1503,5520.26879246,0.0232315063477,24.1867686108
1504,5525.37542368,0.0232124328613,24.1867686108
1505,5515.16216125,0.023365020752,24.1853177147
1506,5520.26879246,0.023250579834,24.1853177147
1507,5525.37542368,0.0231552124023,24.1882195038
1508,5520.26879246,0.023193359375,24.1882195038
1509,5515.16216125,0.0232315063477,24.1896703937
1510,5520.26879246,0.023193359375,24.1896703937
1511,5530.48205489,0.023193359375,24.1896703937
1512,5525.37542368,0.023193359375,24.1882195038
1513,5520.26879246,0.023250579834,24.1896703937
1514,5515.16216125,0.023250579834,24.1911212804
1515,5530.48205489,0.0232315063477,24.1882195038
1516,5515.16216125,0.023193359375,24.1940230443
1517,5515.16216125,0.0231170654297,24.1911212804
1518,5515.16216125,0.0230979919434,24.1925721639
1519,5520.26879246,0.023250579834,24.1911212804
1520,5520.26879246,0.023250579834,24.1954739216
1521,5510.05553003,0.0232315063477,24.1940230443
1522,5520.26879246,0.0232124328613,24.1940230443
1523,5510.05553003,0.0231552124023,24.1940230443
1524,5520.26879246,0.0231552124023,24.1954739216
1525,5515.16216125,0.0231552124023,24.1969247957
1526,5520.26879246,0.0231552124023,24.1969247957
1527,5510.05553003,0.0231552124023,24.1983756667
1528,5510.05553003,0.0231170654297,24.1969247957
1529,5515.16216125,0.0231170654297,24.1954739216
1530,5520.26879246,0.023136138916,24.1969247957
1531,5515.16216125,0.0230979919434,24.1969247957
1532,5510.05553003,0.0230979919434,24.1983756667
1533,5510.05553003,0.0231170654297,24.2012773993
1534,5515.16216125,0.0231170654297,24.2027282609
1535,5515.16216125,0.0230407714844,24.1983756667
1536,5515.16216125,0.0230407714844,24.1998265345
1537,5515.16216125,0.0229644775391,24.2012773993
1538,5510.05553003,0.0231170654297,24.2012773993
1539,5510.05553003,0.0230598449707,24.2012773993
1540,5515.16216125,0.0230407714844,24.2041791194
1541,5504.94889882,0.0230598449707,24.2012773993
1542,5515.16216125,0.0230407714844,24.2041791194
1543,5504.94889882,0.023021697998,24.2027282609
1544,5510.05553003,0.0230407714844,24.2041791194
1545,5515.16216125,0.023021697998,24.2041791194
1546,5520.26879246,0.0230026245117,24.2041791194
1547,5504.94889882,0.0229835510254,24.2041791194
1548,5510.05553003,0.0229644775391,24.2056299747
1549,5510.05553003,0.0229835510254,24.2056299747
1550,5520.26879246,0.0229835510254,24.207080827
1551,5515.16216125,0.0229644775391,24.207080827
1552,5515.16216125,0.0229835510254,24.2041791194
1553,5520.26879246,0.0230407714844,24.207080827
1554,5510.05553003,0.0230598449707,24.207080827
1555,5515.16216125,0.0229644775391,24.207080827
1556,5515.16216125,0.023021697998,24.207080827
1557,5510.05553003,0.0229644775391,24.2085316761
1558,5510.05553003,0.0229644775391,24.2085316761
1559,5515.16216125,0.0229072570801,24.2085316761
1560,5515.16216125,0.0228881835938,24.2085316761
1561,5504.94889882,0.0229454040527,24.2099825221
1562,5515.16216125,0.0228500366211,24.2085316761
1563,5504.94889882,0.0229072570801,24.2128842048
1564,5510.05553003,0.0228500366211,24.2099825221
1565,5510.05553003,0.0229644775391,24.2099825221
1566,5504.94889882,0.0229644775391,24.2099825221
1567,5510.05553003,0.0230026245117,24.2085316761
1568,5515.16216125,0.0229072570801,24.2099825221
1569,5510.05553003,0.0228881835938,24.211433365
1570,5504.94889882,0.0229263305664,24.2085316761
1571,5504.94889882,0.0229263305664,24.2085316761
1572,5504.94889882,0.0228691101074,24.2099825221
1573,5510.05553003,0.0228691101074,24.2099825221
1574,5499.8422676,0.0228500366211,24.211433365
1575,5504.94889882,0.0228691101074,24.2128842048
1576,5504.94889882,0.0227928161621,24.211433365
1577,5510.05553003,0.0228118896484,24.2143350415
1578,5504.94889882,0.0229072570801,24.211433365
1579,5510.05553003,0.0229263305664,24.2143350415
1580,5504.94889882,0.0228881835938,24.2157858751
1581,5504.94889882,0.0229263305664,24.2143350415
1582,5510.05553003,0.0229072570801,24.2143350415
1583,5494.73563638,0.0228881835938,24.2143350415
1584,5510.05553003,0.0228691101074,24.2157858751
1585,5510.05553003,0.0228500366211,24.2201383573
1586,5510.05553003,0.0228118896484,24.2143350415
1587,5510.05553003,0.0228118896484,24.218687533
1588,5504.94889882,0.0227928161621,24.218687533
1589,5504.94889882,0.0227928161621,24.218687533
1590,5504.94889882,0.0227737426758,24.218687533
1591,5504.94889882,0.0227737426758,24.2157858751
1592,5504.94889882,0.0227737426758,24.2201383573
1593,5510.05553003,0.0227737426758,24.2201383573
1594,5510.05553003,0.0227928161621,24.2201383573
1595,5499.8422676,0.0227355957031,24.2201383573
1596,5504.94889882,0.0227546691895,24.2215891785
1597,5504.94889882,0.0227737426758,24.2230399966
1598,5499.8422676,0.0227737426758,24.2215891785
1599,5494.73563638,0.0227546691895,24.218687533
1600,5504.94889882,0.0227165222168,24.2244908117
1601,5504.94889882,0.0226974487305,24.2230399966
1602,5499.8422676,0.0227165222168,24.2244908117
1603,5510.05553003,0.0226974487305,24.2259416237
1604,5504.94889882,0.0226783752441,24.2230399966
1605,5499.8422676,0.0226974487305,24.2259416237
1606,5494.73563638,0.0226974487305,24.2273924326
1607,5499.8422676,0.0226783752441,24.2273924326
1608,5504.94889882,0.0226593017578,24.2317448408
1609,5499.8422676,0.0226211547852,24.2302940411
1610,5504.94889882,0.0226593017578,24.2273924326
1611,5504.94889882,0.0226402282715,24.2302940411
1612,5499.8422676,0.0226402282715,24.2273924326
1613,5494.73563638,0.0226020812988,24.2317448408
1614,5494.73563638,0.0225830078125,24.2317448408
1615,5499.8422676,0.0225830078125,24.2331956374
1616,5504.94889882,0.0225257873535,24.2317448408
1617,5494.73563638,0.0225067138672,24.2302940411
1618,5494.73563638,0.0225830078125,24.2317448408
1619,5504.94889882,0.0225448608398,24.234646431
1620,5494.73563638,0.0225067138672,24.2331956374
1621,5504.94889882,0.0225067138672,24.2317448408
1622,5510.05553003,0.0225257873535,24.2360972215
1623,5504.94889882,0.0225257873535,24.2360972215
1624,5494.73563638,0.0225257873535,24.234646431
1625,5499.8422676,0.0225448608398,24.234646431
1626,5494.73563638,0.0225067138672,24.234646431
1627,5494.73563638,0.0225067138672,24.2360972215
1628,5504.94889882,0.0225067138672,24.2404495746
1629,5494.73563638,0.0224876403809,24.2389987933
1630,5494.73563638,0.0225067138672,24.2375480089
1631,5489.62900517,0.0225448608398,24.2419003529
1632,5494.73563638,0.0225830078125,24.2404495746
1633,5494.73563638,0.0225639343262,24.2389987933
1634,5504.94889882,0.0225448608398,24.2419003529
1635,5489.62900517,0.0225639343262,24.2419003529
1636,5494.73563638,0.0225830078125,24.2419003529
1637,5494.73563638,0.0225448608398,24.2448019003
1638,5489.62900517,0.0225639343262,24.2448019003
1639,5489.62900517,0.0225639343262,24.2433511281
1640,5494.73563638,0.0225067138672,24.2448019003
1641,5494.73563638,0.0225067138672,24.2433511281
1642,5494.73563638,0.0225257873535,24.2477034355
1643,5489.62900517,0.0225067138672,24.2462526694
1644,5494.73563638,0.0225067138672,24.2462526694
1645,5489.62900517,0.0225067138672,24.2477034355
1646,5489.62900517,0.0224685668945,24.2491541986
1647,5484.52237395,0.0224876403809,24.2506049586
1648,5479.41574274,0.0224876403809,24.2506049586
1649,5499.8422676,0.0224876403809,24.2506049586
1650,5489.62900517,0.0225067138672,24.2491541986
1651,5494.73563638,0.0224685668945,24.2520557157
1652,5494.73563638,0.0224685668945,24.2520557157
1653,5489.62900517,0.0224494934082,24.2535064696
1654,5494.73563638,0.0224494934082,24.2564079685
1655,5489.62900517,0.0224304199219,24.2506049586
1656,5489.62900517,0.0224113464355,24.2520557157
1657,5479.41574274,0.0223731994629,24.2535064696
1658,5489.62900517,0.0223731994629,24.2535064696
1659,5484.52237395,0.0224113464355,24.2549572206
1660,5489.62900517,0.0223922729492,24.2520557157
1661,5489.62900517,0.0224113464355,24.2549572206
1662,5489.62900517,0.0223731994629,24.2564079685
1663,5494.73563638,0.0223541259766,24.2535064696
1664,5479.41574274,0.0223541259766,24.2549572206
1665,5489.62900517,0.0223159790039,24.2578587135
1666,5489.62900517,0.0223731994629,24.2578587135
1667,5484.52237395,0.0223731994629,24.2578587135
1668,5489.62900517,0.0223922729492,24.2593094554
1669,5494.73563638,0.0223731994629,24.2578587135
1670,5494.73563638,0.0223731994629,24.2593094554
1671,5494.73563638,0.0223731994629,24.2607601943
1672,5484.52237395,0.0223922729492,24.2622109302
1673,5494.73563638,0.0223731994629,24.2622109302
1674,5499.8422676,0.0223731994629,24.2607601943
1675,5494.73563638,0.0223731994629,24.263661663
1676,5484.52237395,0.0223731994629,24.2665631198
1677,5489.62900517,0.0223541259766,24.2651123929
1678,5484.52237395,0.0223541259766,24.2665631198
1679,5494.73563638,0.0223922729492,24.2622109302
1680,5499.8422676,0.0223731994629,24.2651123929
1681,5489.62900517,0.0223731994629,24.263661663
1682,5484.52237395,0.0223350524902,24.2680138437
1683,5489.62900517,0.0223731994629,24.2694645646
1684,5489.62900517,0.0223541259766,24.2694645646
1685,5484.52237395,0.0223541259766,24.2680138437
1686,5484.52237395,0.0223350524902,24.2694645646
1687,5489.62900517,0.0223731994629,24.2665631198
1688,5484.52237395,0.0223541259766,24.2723659974
1689,5484.52237395,0.0223350524902,24.2723659974
1690,5484.52237395,0.0223350524902,24.2723659974
1691,5479.41574274,0.0223731994629,24.2738167093
1692,5489.62900517,0.0222969055176,24.2752674182
1693,5489.62900517,0.0222969055176,24.2781688272
1694,5489.62900517,0.0223541259766,24.2810702242
1695,5484.52237395,0.0223541259766,24.2738167093
1696,5484.52237395,0.0223350524902,24.2781688272
1697,5484.52237395,0.0223159790039,24.2752674182
1698,5484.52237395,0.0223350524902,24.2781688272
1699,5484.52237395,0.0223350524902,24.2781688272
1700,5484.52237395,0.0223350524902,24.2810702242
1701,5479.41574274,0.0223159790039,24.2825209183
1702,5484.52237395,0.0223159790039,24.2810702242
1703,5484.52237395,0.0223350524902,24.2825209183
1704,5489.62900517,0.0223159790039,24.2796195272
1705,5489.62900517,0.0222206115723,24.2810702242
1706,5484.52237395,0.0222015380859,24.2825209183
1707,5484.52237395,0.0222969055176,24.2868729827
1708,5484.52237395,0.0222587585449,24.2839716094
1709,5479.41574274,0.0222587585449,24.2883236649
1710,5479.41574274,0.0222587585449,24.2868729827
1711,5479.41574274,0.0221824645996,24.2912250205
1712,5484.52237395,0.022087097168,24.2897743442
1713,5484.52237395,0.022144317627,24.2912250205
1714,5469.20248031,0.0221252441406,24.2897743442
1715,5479.41574274,0.0221061706543,24.2912250205
1716,5479.41574274,0.022087097168,24.2955770317
1717,5484.52237395,0.022087097168,24.2926756939
1718,5484.52237395,0.0220680236816,24.2912250205
1719,5484.52237395,0.022087097168,24.2926756939
1720,5484.52237395,0.0220680236816,24.2955770317
1721,5479.41574274,0.0220680236816,24.2926756939
1722,5479.41574274,0.0220489501953,24.2926756939
1723,5479.41574274,0.0220680236816,24.2941263643
1724,5479.41574274,0.022087097168,24.2984783579
1725,5474.30911152,0.0220680236816,24.2941263643
1726,5479.41574274,0.022029876709,24.2984783579
1727,5479.41574274,0.022087097168,24.2970276963
1728,5474.30911152,0.022087097168,24.2984783579
1729,5479.41574274,0.022144317627,24.2984783579
1730,5479.41574274,0.0221061706543,24.2984783579
1731,5484.52237395,0.022087097168,24.2970276963
1732,5469.20248031,0.0220680236816,24.2984783579
1733,5479.41574274,0.0220680236816,24.2984783579
1734,5469.20248031,0.0220489501953,24.2999290165
1735,5474.30911152,0.0220489501953,24.3013796723
1736,5474.30911152,0.022029876709,24.2999290165
1737,5479.41574274,0.0219917297363,24.3028303251
1738,5474.30911152,0.02197265625,24.3013796723
1739,5479.41574274,0.0219535827637,24.3013796723
1740,5474.30911152,0.0219535827637,24.3013796723
1741,5474.30911152,0.0219535827637,24.2999290165
1742,5474.30911152,0.0219535827637,24.3042809749
1743,5479.41574274,0.021915435791,24.3071822659
1744,5474.30911152,0.021915435791,24.3057316219
1745,5469.20248031,0.0219535827637,24.3057316219
1746,5474.30911152,0.021915435791,24.3057316219
1747,5474.30911152,0.0218963623047,24.3057316219
1748,5474.30911152,0.021858215332,24.308632907
1749,5484.52237395,0.0218391418457,24.3057316219
1750,5474.30911152,0.0217819213867,24.3071822659
1751,5474.30911152,0.0216865539551,24.3071822659
1752,5469.20248031,0.0217247009277,24.308632907
1753,5474.30911152,0.0217437744141,24.308632907
1754,5474.30911152,0.021858215332,24.308632907
1755,5479.41574274,0.0218391418457,24.3100835452
1756,5474.30911152,0.0218772888184,24.3115341805
1757,5474.30911152,0.0218391418457,24.308632907
1758,5474.30911152,0.0217819213867,24.3115341805
1759,5469.20248031,0.021800994873,24.3129848129
1760,5479.41574274,0.021800994873,24.3144354424
1761,5469.20248031,0.0217819213867,24.3115341805
1762,5474.30911152,0.0215530395508,24.3129848129
1763,5469.20248031,0.0215530395508,24.3115341805
1764,5479.41574274,0.0215911865234,24.3144354424
1765,5469.20248031,0.0215721130371,24.3129848129
1766,5469.20248031,0.0216865539551,24.315886069
1767,5469.20248031,0.0217247009277,24.315886069
1768,5469.20248031,0.0217056274414,24.3173366926
1769,5469.20248031,0.0217247009277,24.3173366926
1770,5469.20248031,0.0216865539551,24.315886069
1771,5474.30911152,0.0216293334961,24.3173366926
1772,5464.09584909,0.0217437744141,24.315886069
1773,5464.09584909,0.0217056274414,24.3187873134
1774,5469.20248031,0.0217056274414,24.3187873134
1775,5474.30911152,0.0216865539551,24.3187873134
1776,5464.09584909,0.0215148925781,24.3187873134
1777,5469.20248031,0.0215339660645,24.3187873134
1778,5469.20248031,0.0215530395508,24.3216885463
1779,5469.20248031,0.0215148925781,24.3216885463
1780,5469.20248031,0.0215148925781,24.3216885463
1781,5474.30911152,0.0214958190918,24.3187873134
1782,5464.09584909,0.0214767456055,24.3216885463
1783,5469.20248031,0.0214576721191,24.3216885463
1784,5469.20248031,0.0215148925781,24.3216885463
1785,5464.09584909,0.0215721130371,24.3216885463
1786,5469.20248031,0.0215530395508,24.3231391584
1787,5469.20248031,0.0215339660645,24.3202379313
1788,5464.09584909,0.0215721130371,24.3216885463
1789,5464.09584909,0.0215530395508,24.3245897676
1790,5474.30911152,0.0215148925781,24.3231391584
1791,5464.09584909,0.0215148925781,24.3231391584
1792,5469.20248031,0.0215339660645,24.3231391584
1793,5469.20248031,0.0215148925781,24.3231391584
1794,5469.20248031,0.0214958190918,24.3231391584
1795,5464.09584909,0.0214767456055,24.3231391584
1796,5474.30911152,0.0214767456055,24.3260403739
1797,5458.98921788,0.0215339660645,24.3260403739
1798,5464.09584909,0.0215721130371,24.3260403739
1799,5464.09584909,0.0215148925781,24.3260403739
1800,5469.20248031,0.0215148925781,24.3274909774
1801,5464.09584909,0.0215148925781,24.3260403739
1802,5474.30911152,0.0215530395508,24.3260403739
1803,5458.98921788,0.0215721130371,24.3274909774
1804,5464.09584909,0.0215530395508,24.3260403739
1805,5464.09584909,0.0214958190918,24.3274909774
1806,5464.09584909,0.0215530395508,24.3303921756
1807,5469.20248031,0.0215148925781,24.3274909774
1808,5464.09584909,0.0214958190918,24.3289415779
1809,5464.09584909,0.0214767456055,24.3318427705
1810,5458.98921788,0.0214767456055,24.3303921756
1811,5464.09584909,0.0214385986328,24.3303921756
1812,5458.98921788,0.0214576721191,24.3332933624
1813,5458.98921788,0.0214958190918,24.3303921756
1814,5464.09584909,0.0214767456055,24.3303921756
1815,5464.09584909,0.0214767456055,24.3318427705
1816,5464.09584909,0.0214576721191,24.3347439515
1817,5464.09584909,0.0214767456055,24.3347439515
1818,5464.09584909,0.0214385986328,24.3332933624
1819,5458.98921788,0.0214385986328,24.3361945377
1820,5469.20248031,0.0214195251465,24.3361945377
1821,5464.09584909,0.0214004516602,24.3347439515
1822,5464.09584909,0.0214004516602,24.3361945377
1823,5464.09584909,0.0214195251465,24.3376451211
1824,5464.09584909,0.0214004516602,24.3347439515
1825,5464.09584909,0.0214004516602,24.3390957016
1826,5458.98921788,0.0213623046875,24.3405462793
1827,5464.09584909,0.0213813781738,24.3419968541
1828,5469.20248031,0.0213623046875,24.3390957016
1829,5464.09584909,0.0213813781738,24.3419968541
1830,5458.98921788,0.0213623046875,24.3419968541
1831,5458.98921788,0.0214195251465,24.343447426
1832,5464.09584909,0.0214195251465,24.3448979951
1833,5464.09584909,0.0214004516602,24.3463485614
1834,5464.09584909,0.0213813781738,24.3463485614
1835,5464.09584909,0.0213813781738,24.3448979951
1836,5464.09584909,0.0213813781738,24.3463485614
1837,5464.09584909,0.0213813781738,24.3477991248
1838,5453.88258666,0.0214195251465,24.3463485614
1839,5458.98921788,0.0214385986328,24.3492496854
1840,5464.09584909,0.0213432312012,24.3463485614
1841,5458.98921788,0.0213050842285,24.3477991248
1842,5458.98921788,0.0212860107422,24.3507002432
1843,5464.09584909,0.0212669372559,24.3463485614
1844,5464.09584909,0.0213050842285,24.3463485614
1845,5458.98921788,0.0211906433105,24.3521507981
1846,5464.09584909,0.0213813781738,24.3492496854
1847,5458.98921788,0.0213623046875,24.3507002432
1848,5464.09584909,0.0213623046875,24.3521507981
1849,5458.98921788,0.0213432312012,24.3550518995
1850,5453.88258666,0.0212669372559,24.3594035304
1851,5453.88258666,0.0213241577148,24.3565024459
1852,5458.98921788,0.0212478637695,24.3594035304
1853,5458.98921788,0.0213050842285,24.3594035304
1854,5464.09584909,0.0212669372559,24.3565024459
1855,5458.98921788,0.0211715698242,24.3579529896
1856,5458.98921788,0.0212287902832,24.3608540684
1857,5458.98921788,0.0211906433105,24.3579529896
1858,5464.09584909,0.0211906433105,24.3594035304
1859,5453.88258666,0.0211906433105,24.3623046035
1860,5464.09584909,0.0211524963379,24.3637551359
1861,5453.88258666,0.0212097167969,24.3623046035
1862,5453.88258666,0.0212097167969,24.3623046035
1863,5458.98921788,0.0211715698242,24.3637551359
1864,5458.98921788,0.0211715698242,24.3637551359
1865,5458.98921788,0.0211524963379,24.3623046035
1866,5448.77595545,0.0211715698242,24.3681067162
1867,5458.98921788,0.0212287902832,24.3637551359
1868,5458.98921788,0.0212287902832,24.3637551359
1869,5458.98921788,0.0211143493652,24.3608540684
1870,5453.88258666,0.0210571289063,24.3681067162
1871,5448.77595545,0.0210571289063,24.3666561922
1872,5458.98921788,0.0210762023926,24.3695572374
1873,5448.77595545,0.0210571289063,24.3666561922
1874,5448.77595545,0.0210571289063,24.3666561922
1875,5453.88258666,0.0210380554199,24.3695572374
1876,5453.88258666,0.0210380554199,24.3710077557
1877,5453.88258666,0.0210571289063,24.3695572374
1878,5453.88258666,0.0210189819336,24.3710077557
1879,5453.88258666,0.0210571289063,24.3695572374
1880,5453.88258666,0.0209999084473,24.3724582713
1881,5448.77595545,0.0210189819336,24.3739087841
1882,5453.88258666,0.0209617614746,24.3768098014
1883,5453.88258666,0.0209808349609,24.3724582713
1884,5458.98921788,0.0210380554199,24.3739087841
1885,5453.88258666,0.0210762023926,24.3753592941
1886,5448.77595545,0.0210952758789,24.3753592941
1887,5464.09584909,0.0210952758789,24.3768098014
1888,5448.77595545,0.0210762023926,24.3753592941
1889,5453.88258666,0.0210571289063,24.3768098014
1890,5448.77595545,0.0210380554199,24.3724582713
1891,5443.66932423,0.0210380554199,24.3768098014
1892,5448.77595545,0.0210380554199,24.3782603058
1893,5448.77595545,0.0210380554199,24.3782603058
1894,5453.88258666,0.0210189819336,24.3753592941
1895,5443.66932423,0.0209808349609,24.3811613064
1896,5448.77595545,0.0209617614746,24.3782603058
1897,5453.88258666,0.0209426879883,24.3797108075
1898,5448.77595545,0.0209426879883,24.3811613064
1899,5448.77595545,0.0209617614746,24.3782603058
1900,5453.88258666,0.0209045410156,24.3826118025
1901,5448.77595545,0.0208854675293,24.3797108075
1902,5448.77595545,0.0208473205566,24.3797108075
1903,5443.66932423,0.020866394043,24.3797108075
1904,5453.88258666,0.0208854675293,24.3826118025
1905,5443.66932423,0.0208854675293,24.3840622958
1906,5443.66932423,0.0209045410156,24.3826118025
1907,5448.77595545,0.0208473205566,24.3840622958
1908,5448.77595545,0.0208473205566,24.3855127864
1909,5443.66932423,0.020809173584,24.3884137593
1910,5448.77595545,0.0208282470703,24.3869632742
1911,5438.56269302,0.020809173584,24.3869632742
1912,5443.66932423,0.020809173584,24.3869632742
1913,5448.77595545,0.020809173584,24.3869632742
1914,5443.66932423,0.0207901000977,24.3898642416
1915,5438.56269302,0.0209999084473,24.3884137593
1916,5438.56269302,0.0208854675293,24.3898642416
1917,5428.34943059,0.020866394043,24.392765198
1918,5448.77595545,0.0208854675293,24.3913147212
1919,5438.56269302,0.0208282470703,24.3898642416
1920,5443.66932423,0.0207901000977,24.3898642416
1921,5443.66932423,0.0208282470703,24.392765198
1922,5443.66932423,0.0207901000977,24.3913147212
1923,5443.66932423,0.0208473205566,24.392765198
1924,5433.4560618,0.0208473205566,24.394215672
1925,5428.34943059,0.020866394043,24.3956661433
1926,5428.34943059,0.0208854675293,24.3971166119
1927,5438.56269302,0.020866394043,24.3956661433
1928,5443.66932423,0.0209426879883,24.3985670777
1929,5428.34943059,0.0209045410156,24.392765198
1930,5428.34943059,0.0209045410156,24.3956661433
1931,5433.4560618,0.0208854675293,24.4000175408
1932,5433.4560618,0.0209426879883,24.3985670777
1933,5438.56269302,0.0208854675293,24.4014680011
1934,5428.34943059,0.0208282470703,24.4014680011
1935,5433.4560618,0.0208854675293,24.4014680011
1936,5443.66932423,0.0208473205566,24.4000175408
1937,5433.4560618,0.0208854675293,24.4014680011
1938,5438.56269302,0.0208282470703,24.4014680011
1939,5433.4560618,0.00839233398438,24.4043689136
1940,5433.4560618,-0.00164031982422,24.4029184587
1941,5443.66932423,-0.00164031982422,24.4014680011
1942,5428.34943059,-0.00164031982422,24.4029184587
1943,5433.4560618,-0.00162124633789,24.4043689136
1944,5433.4560618,-0.00160217285156,24.4072698152
1945,5433.4560618,-0.00160217285156,24.4072698152
1946,5433.4560618,-0.00156402587891,24.4058193658
1947,5428.34943059,-0.00156402587891,24.408720262
1948,5438.56269302,-0.00158309936523,24.4072698152
1949,5433.4560618,-0.00158309936523,24.408720262
1950,5428.34943059,-0.00152587890625,24.408720262
1951,5423.24279937,-0.00152587890625,24.408720262
1952,5428.34943059,-0.00150680541992,24.4116211472
1953,5428.34943059,-0.00148773193359,24.408720262
1954,5433.4560618,-0.00148773193359,24.4116211472
1955,5433.4560618,-0.00148773193359,24.4116211472
1956,5428.34943059,-0.00148773193359,24.4145220217
1957,5423.24279937,-0.00146865844727,24.4130715858
1958,5428.34943059,-0.00146865844727,24.4130715858
1959,5423.24279937,-0.00146865844727,24.4145220217
1960,5423.24279937,-0.00148773193359,24.4130715858
1961,5423.24279937,-0.00144958496094,24.4145220217
1962,5423.24279937,-0.00141143798828,24.4145220217
1963,5428.34943059,-0.00141143798828,24.4145220217
1964,5423.24279937,-0.00143051147461,24.4145220217
1965,5433.4560618,-0.00139236450195,24.4159724548
1966,5423.24279937,-0.00143051147461,24.4174228853
1967,5413.02953694,-0.00141143798828,24.4174228853
1968,5423.24279937,-0.00141143798828,24.4188733131
1969,5428.34943059,-0.00143051147461,24.4188733131
1970,5423.24279937,-0.00143051147461,24.4203237381
1971,5423.24279937,-0.00146865844727,24.4174228853
1972,5423.24279937,-0.00146865844727,24.4203237381
